ACCIDENT_NO,ACCIDENT_DATE,ACCIDENT_TIME,ACCIDENT_TYPE,ACCIDENT_TYPE_DESC,DAY_OF_WEEK,DAY_WEEK_DESC,DCA_CODE,DCA_DESC,LIGHT_CONDITION,NODE_ID,NO_OF_VEHICLES,NO_PERSONS_KILLED,NO_PERSONS_INJ_2,NO_PERSONS_INJ_3,NO_PERSONS_NOT_INJ,NO_PERSONS,POLICE_ATTEND,ROAD_GEOMETRY,ROAD_GEOMETRY_DESC,SEVERITY,SPEED_ZONE,RMA
T20120000673,2012-01-10,15:20:00,1,Collision with vehicle,3,Tuesday,121,RIGHT THROUGH,1,38807,2,0,0,1,3,4,1,2,T intersection,3,60,Arterial Other
T20120000672,2012-01-10,13:20:00,1,Collision with vehicle,3,Tuesday,130,REAR END(VEHICLES IN SAME LANE),1,248986,2,0,0,1,1,2,1,5,Not at intersection,3,110,Freeway
T20120000665,2012-01-10,11:55:00,1,Collision with vehicle,3,Tuesday,113,RIGHT NEAR (INTERSECTIONS ONLY),1,44915,2,0,1,1,0,2,1,1,Cross intersection,2,70,Arterial Other
T20120000664,2012-01-10,06:20:00,4,Collision with a fixed object,3,Tuesday,173,RIGHT OFF CARRIAGEWAY INTO OBJECT/PARKED VEHICLE,1,35993,1,0,0,1,0,1,1,2,T intersection,3,60,Local Road
T20120000623,2012-01-10,00:40:00,1,Collision with vehicle,3,Tuesday,110,CROSS TRAFFIC(INTERSECTIONS ONLY),3,34518,2,0,0,1,2,3,1,4,Multiple intersection,3,60,Arterial Other
T20120000659,2012-01-10,08:58:00,1,Collision with vehicle,3,Tuesday,130,REAR END(VEHICLES IN SAME LANE),1,248821,2,0,0,1,1,2,1,5,Not at intersection,3,60,Local Road
T20120000655,2012-01-10,10:10:00,1,Collision with vehicle,3,Tuesday,121,RIGHT THROUGH,1,248982,2,0,1,1,2,4,1,2,T intersection,2,60,
T20120014752,2012-01-10,17:00:00,1,Collision with vehicle,3,Tuesday,131,LEFT REAR,1,51189,2,0,0,1,1,2,2,1,Cross intersection,3,50,Arterial Highway
T20120000648,2012-01-10,08:20:00,1,Collision with vehicle,2,Tuesday,113,RIGHT NEAR (INTERSECTIONS ONLY),1,36155,2,0,0,1,1,2,2,2,T intersection,3,60,Arterial Other
T20120000646,2012-01-10,07:45:00,2,Struck Pedestrian,3,Tuesday,102,FAR SIDE. PED HIT BY VEHICLE FROM THE LEFT,1,206,1,0,1,0,1,2,1,1,Cross intersection,2,50,Arterial Other
T20120000678,2012-01-10,15:15:00,1,Collision with vehicle,3,Tuesday,113,RIGHT NEAR (INTERSECTIONS ONLY),1,38583,2,0,0,1,3,4,1,2,T intersection,3,60,Arterial Other
T20120000641,2012-01-10,07:28:00,1,Collision with vehicle,3,Tuesday,149,OTHER MANOEUVRING NOT INCLUDED IN DCAs 140-148,1,29502,2,0,0,1,1,2,2,1,Cross intersection,3,60,Arterial Highway
T20120000638,2012-01-10,07:50:00,1,Collision with vehicle,3,Tuesday,120,HEAD ON (NOT OVERTAKING),1,273261,2,0,1,0,1,2,1,5,Not at intersection,2,100,Arterial Highway
T20120000631,2012-01-10,03:50:00,4,Collision with a fixed object,3,Tuesday,171,LEFT OFF CARRIAGEWAY INTO OBJECT/PARKED VEHICLE,3,273258,2,1,1,0,2,4,1,5,Not at intersection,1,80,Arterial Highway
T20120000630,2012-01-10,01:28:00,4,Collision with a fixed object,3,Tuesday,171,LEFT OFF CARRIAGEWAY INTO OBJECT/PARKED VEHICLE,3,248981,1,0,1,0,0,1,1,5,Not at intersection,2,60,Local Road
T20120001512,2012-01-10,11:45:00,8,No collision and no object struck,3,Tuesday,179,OTHER ACCIDENTS-OFF STRAIGHT NOT INCLUDED IN DCAs 170-175,1,51559,1,0,0,1,0,1,2,1,Cross intersection,3,60,Local Road
T20120000761,2012-01-11,13:50:00,1,Collision with vehicle,4,Wednesday,160,VEHICLE COLLIDES WITH VEHICLE PARKED ON LEFT OF ROAD,1,273267,2,0,1,0,1,2,1,5,Not at intersection,2,100,Freeway
T20120001455,2012-01-11,08:35:00,4,Collision with a fixed object,4,Wednesday,181,OFF RIGHT BEND INTO OBJECT/PARKED VEHICLE,1,273278,1,0,0,1,0,1,2,5,Not at intersection,3,80,Arterial Highway
T20120000874,2012-01-11,17:30:00,1,Collision with vehicle,4,Wednesday,163,VEHICLE STRIKES DOOR OF PARKED/STATIONARY VEHICLE,1,249002,2,0,0,1,1,2,2,5,Not at intersection,3,60,Local Road
T20120000706,2012-01-11,01:19:00,4,Collision with a fixed object,4,Wednesday,173,RIGHT OFF CARRIAGEWAY INTO OBJECT/PARKED VEHICLE,3,251871,1,0,1,0,0,1,1,5,Not at intersection,2,50,Local Road
T20120000732,2012-01-11,08:45:00,1,Collision with vehicle,4,Wednesday,147,VEHICLE STRIKES ANOTHER VEH WHILE EMERGING FROM DRIVEWAY,1,226252,3,0,0,1,2,3,1,2,T intersection,3,60,Local Road
T20120000754,2012-01-11,13:15:00,4,Collision with a fixed object,4,Wednesday,173,RIGHT OFF CARRIAGEWAY INTO OBJECT/PARKED VEHICLE,1,273266,1,0,0,2,0,2,1,5,Not at intersection,3,60,Local Road
T20120000736,2012-01-11,11:50:00,1,Collision with vehicle,4,Wednesday,130,REAR END(VEHICLES IN SAME LANE),1,35561,2,0,1,0,1,2,1,1,Cross intersection,2,80,Arterial Highway
T20120000739,2012-01-11,11:00:00,8,No collision and no object struck,4,Wednesday,182,OFF CARRIAGEWAY ON LEFT BEND,1,273263,1,0,1,0,0,1,1,5,Not at intersection,2,60,Arterial Other
T20120000740,2012-01-11,12:30:00,1,Collision with vehicle,4,Wednesday,110,CROSS TRAFFIC(INTERSECTIONS ONLY),1,36150,2,0,0,1,1,2,1,1,Cross intersection,3,80,Arterial Other
T20120000779,2012-01-11,17:00:00,4,Collision with a fixed object,4,Wednesday,171,LEFT OFF CARRIAGEWAY INTO OBJECT/PARKED VEHICLE,1,248854,1,0,2,0,0,2,1,5,Not at intersection,2,70,Arterial Other
T20120000782,2012-01-11,16:06:00,1,Collision with vehicle,4,Wednesday,132,RIGHT REAR.,1,36474,2,0,0,1,1,2,1,2,T intersection,3,50,Local Road
T20120000744,2012-01-11,11:15:00,1,Collision with vehicle,4,Wednesday,120,HEAD ON (NOT OVERTAKING),1,273264,2,0,0,1,1,2,1,5,Not at intersection,3,70,Arterial Highway
T20120000745,2012-01-11,11:45:00,6,Vehicle overturned (no collision),4,Wednesday,170,OFF CARRIAGEWAY TO LEFT,1,273265,1,0,0,1,0,1,1,2,T intersection,3,100,Local Road
T20120000747,2012-01-11,11:45:00,1,Collision with vehicle,4,Wednesday,130,REAR END(VEHICLES IN SAME LANE),1,102633,3,0,0,3,1,4,1,5,Not at intersection,3,80,Arterial Highway
T20120000792,2012-01-11,15:30:00,1,Collision with vehicle,4,Wednesday,113,RIGHT NEAR (INTERSECTIONS ONLY),1,17649,2,2,0,0,1,3,1,1,Cross intersection,1,100,Arterial Other
T20120000752,2012-01-11,11:55:00,1,Collision with vehicle,4,Wednesday,132,RIGHT REAR.,1,249107,2,0,0,2,2,4,1,2,T intersection,3,100,Arterial Highway
T20120000751,2012-01-11,12:40:00,4,Collision with a fixed object,4,Wednesday,173,RIGHT OFF CARRIAGEWAY INTO OBJECT/PARKED VEHICLE,1,273277,1,0,0,2,0,2,1,5,Not at intersection,3,100,Arterial Highway
T20120000798,2012-01-11,12:24:00,1,Collision with vehicle,4,Wednesday,120,HEAD ON (NOT OVERTAKING),1,65520,3,0,0,2,1,3,1,2,T intersection,3,60,Arterial Other
T20120000742,2012-01-11,13:05:00,1,Collision with vehicle,4,Wednesday,147,VEHICLE STRIKES ANOTHER VEH WHILE EMERGING FROM DRIVEWAY,1,248831,2,0,0,2,2,4,2,5,Not at intersection,3,80,Arterial Highway
T20120000829,2012-01-11,10:00:00,4,Collision with a fixed object,4,Wednesday,171,LEFT OFF CARRIAGEWAY INTO OBJECT/PARKED VEHICLE,1,248883,1,0,0,1,0,1,2,5,Not at intersection,3,80,Local Road
T20120000955,2012-01-11,19:30:00,6,Vehicle overturned (no collision),4,Wednesday,174,OUT OF CONTROL ON CARRIAGEWAY (ON STRAIGHT),1,66791,1,0,0,1,0,1,2,2,T intersection,3,50,Local Road
T20120011144,2012-01-11,22:00:00,1,Collision with vehicle,4,Wednesday,160,VEHICLE COLLIDES WITH VEHICLE PARKED ON LEFT OF ROAD,6,273279,2,0,1,0,0,1,2,5,Not at intersection,2,50,Local Road
T20120000750,2012-01-11,12:55:00,2,Struck Pedestrian,4,Wednesday,102,FAR SIDE. PED HIT BY VEHICLE FROM THE LEFT,1,273271,1,0,0,1,1,2,1,5,Not at intersection,3,50,Local Road
T20120000768,2012-01-11,16:40:00,1,Collision with vehicle,4,Wednesday,132,RIGHT REAR.,1,246772,2,0,0,1,1,2,1,2,T intersection,3,60,Local Road
T20120001654,2012-01-11,08:45:00,1,Collision with vehicle,4,Wednesday,110,CROSS TRAFFIC(INTERSECTIONS ONLY),1,48653,2,0,1,0,1,2,2,1,Cross intersection,2,60,
T20120000715,2012-01-11,06:50:00,1,Collision with vehicle,4,Wednesday,121,RIGHT THROUGH,1,221792,2,0,0,1,1,2,1,4,Multiple intersection,3,80,Freeway
T20120000718,2012-01-11,08:32:00,1,Collision with vehicle,4,Wednesday,110,CROSS TRAFFIC(INTERSECTIONS ONLY),1,52896,3,0,0,2,1,3,1,1,Cross intersection,3,60,
T20120000764,2012-01-11,14:45:00,1,Collision with vehicle,4,Wednesday,140,U TURN,1,273268,2,0,0,3,0,3,1,5,Not at intersection,3,60,Arterial Other
T20120000719,2012-01-11,09:00:00,1,Collision with vehicle,4,Wednesday,110,CROSS TRAFFIC(INTERSECTIONS ONLY),1,43425,2,0,0,1,2,3,1,1,Cross intersection,3,999,Local Road
T20120000930,2012-01-11,14:00:00,1,Collision with vehicle,4,Wednesday,130,REAR END(VEHICLES IN SAME LANE),1,38056,2,0,0,1,1,2,2,1,Cross intersection,3,60,Arterial Highway
T20120000781,2012-01-11,08:50:00,6,Vehicle overturned (no collision),4,Wednesday,170,OFF CARRIAGEWAY TO LEFT,1,249892,1,0,0,1,2,3,1,5,Not at intersection,3,100,Arterial Highway
T20120000771,2012-01-11,14:40:00,1,Collision with vehicle,4,Wednesday,120,HEAD ON (NOT OVERTAKING),1,248992,2,0,0,3,3,6,1,5,Not at intersection,3,100,Arterial Highway
T20120000727,2012-01-11,10:12:00,1,Collision with vehicle,4,Wednesday,113,RIGHT NEAR (INTERSECTIONS ONLY),1,39420,2,0,0,2,1,3,1,2,T intersection,3,70,Arterial Other
T20120000717,2012-01-11,08:20:00,4,Collision with a fixed object,4,Wednesday,173,RIGHT OFF CARRIAGEWAY INTO OBJECT/PARKED VEHICLE,1,273262,1,0,0,1,0,1,1,5,Not at intersection,3,50,Local Road
T20120000709,2012-01-11,06:59:00,4,Collision with a fixed object,4,Wednesday,181,OFF RIGHT BEND INTO OBJECT/PARKED VEHICLE,1,353951,1,0,1,0,0,1,1,5,Not at intersection,2,100,
T20120000714,2012-01-11,08:10:00,1,Collision with vehicle,4,Wednesday,113,RIGHT NEAR (INTERSECTIONS ONLY),1,44528,2,0,1,0,1,2,1,1,Cross intersection,2,50,Arterial Other
T20120000730,2012-01-11,10:20:00,1,Collision with vehicle,4,Wednesday,147,VEHICLE STRIKES ANOTHER VEH WHILE EMERGING FROM DRIVEWAY,1,248829,2,0,0,1,1,2,1,5,Not at intersection,3,30,Local Road
T20120000759,2012-01-11,15:34:00,1,Collision with vehicle,4,Wednesday,121,RIGHT THROUGH,1,52901,2,0,2,0,1,3,1,1,Cross intersection,2,60,Local Road
T20120000822,2012-01-11,14:22:00,4,Collision with a fixed object,4,Wednesday,173,RIGHT OFF CARRIAGEWAY INTO OBJECT/PARKED VEHICLE,1,68877,1,0,1,0,0,1,1,2,T intersection,2,80,Arterial Other
T20120000945,2012-01-11,12:00:00,1,Collision with vehicle,4,Wednesday,130,REAR END(VEHICLES IN SAME LANE),1,249699,2,0,0,1,1,2,2,5,Not at intersection,3,60,Arterial Other
T20120000783,2012-01-11,13:15:00,4,Collision with a fixed object,4,Wednesday,173,RIGHT OFF CARRIAGEWAY INTO OBJECT/PARKED VEHICLE,1,248858,1,0,0,1,0,1,2,5,Not at intersection,3,60,Arterial Other
T20120000799,2012-01-11,16:24:00,4,Collision with a fixed object,4,Wednesday,173,RIGHT OFF CARRIAGEWAY INTO OBJECT/PARKED VEHICLE,1,273269,1,0,1,0,0,1,1,5,Not at intersection,2,100,Arterial Highway
T20120000791,2012-01-11,19:18:00,4,Collision with a fixed object,4,Wednesday,171,LEFT OFF CARRIAGEWAY INTO OBJECT/PARKED VEHICLE,1,20854,1,0,1,0,4,5,1,2,T intersection,2,60,Arterial Other
T20120000855,2012-01-12,17:00:00,1,Collision with vehicle,5,Thursday,113,RIGHT NEAR (INTERSECTIONS ONLY),1,41882,2,0,0,1,3,4,1,2,T intersection,3,80,Arterial Other
T20120000838,2012-01-12,13:00:00,1,Collision with vehicle,4,Thursday,110,CROSS TRAFFIC(INTERSECTIONS ONLY),1,29643,2,0,0,2,1,3,1,4,Multiple intersection,3,60,Arterial Other
T20120000830,2012-01-12,11:55:00,2,Struck Pedestrian,5,Thursday,102,FAR SIDE. PED HIT BY VEHICLE FROM THE LEFT,1,66049,1,0,1,0,1,2,1,2,T intersection,2,999,Arterial Highway
T20120001090,2012-01-12,15:30:00,1,Collision with vehicle,5,Thursday,130,REAR END(VEHICLES IN SAME LANE),1,35736,2,0,0,1,1,2,2,1,Cross intersection,3,999,Local Road
T20120000858,2012-01-12,17:25:00,1,Collision with vehicle,5,Thursday,136,RIGHT TURN SIDESWIPE,1,248999,2,0,1,0,2,3,1,2,T intersection,2,50,Local Road
T20120000797,2012-01-12,06:50:00,1,Collision with vehicle,5,Thursday,135,LANE CHANGE LEFT (NOT OVERTAKING),2,273280,2,0,0,1,1,2,1,5,Not at intersection,3,100,Freeway
T20140016905,2012-01-12,00:30:00,1,Collision with vehicle,5,Thursday,130,REAR END(VEHICLES IN SAME LANE),3,275103,2,0,0,1,2,3,2,5,Not at intersection,3,60,Freeway
T20120017862,2012-01-12,18:10:00,1,Collision with vehicle,5,Thursday,130,REAR END(VEHICLES IN SAME LANE),1,11041,3,0,0,1,2,3,2,4,Multiple intersection,3,70,Arterial Other
T20120000859,2012-01-12,17:30:00,1,Collision with vehicle,5,Thursday,110,CROSS TRAFFIC(INTERSECTIONS ONLY),1,50853,2,0,4,2,0,6,1,1,Cross intersection,2,100,Arterial Other
T20120000831,2012-01-12,13:45:00,8,No collision and no object struck,5,Thursday,174,OUT OF CONTROL ON CARRIAGEWAY (ON STRAIGHT),1,273281,1,0,0,1,0,1,2,5,Not at intersection,3,60,
T20120001140,2012-01-12,16:45:00,6,Vehicle overturned (no collision),5,Thursday,174,OUT OF CONTROL ON CARRIAGEWAY (ON STRAIGHT),1,273283,1,0,0,1,0,1,2,5,Not at intersection,3,100,Freeway
T20120001687,2012-01-12,13:15:00,1,Collision with vehicle,5,Thursday,118,TWO LEFT TURNING (INTERSECTIONS ONLY),1,73211,2,0,0,1,1,2,2,2,T intersection,3,50,Local Road
T20120000860,2012-01-12,09:15:00,1,Collision with vehicle,5,Thursday,142,LEAVING PARKING,1,40149,2,0,0,1,1,2,2,2,T intersection,3,60,Local Road
T20120000844,2012-01-12,12:00:00,4,Collision with a fixed object,5,Thursday,171,LEFT OFF CARRIAGEWAY INTO OBJECT/PARKED VEHICLE,1,273282,1,0,0,1,0,1,2,5,Not at intersection,3,100,Local Road
T20120000862,2012-01-12,16:42:00,1,Collision with vehicle,5,Thursday,147,VEHICLE STRIKES ANOTHER VEH WHILE EMERGING FROM DRIVEWAY,1,68518,2,0,1,0,1,2,1,2,T intersection,2,50,Local Road
T20120000804,2012-01-12,08:35:00,4,Collision with a fixed object,5,Thursday,183,OFF LEFT BEND INTO OBJECT/PARKED VEHICLE,1,252799,1,0,0,1,0,1,1,5,Not at intersection,3,100,Local Road
T20120000863,2012-01-12,18:46:00,4,Collision with a fixed object,5,Thursday,171,LEFT OFF CARRIAGEWAY INTO OBJECT/PARKED VEHICLE,2,273284,1,0,0,3,0,3,1,5,Not at intersection,3,40,
T20120000864,2012-01-12,19:59:00,1,Collision with vehicle,5,Thursday,121,RIGHT THROUGH,1,52901,2,0,1,1,1,3,1,1,Cross intersection,2,50,Local Road
T20120000865,2012-01-12,21:00:00,2,Struck Pedestrian,5,Thursday,103,PED PLAYING/LYING/WORKING/STANDING ON CARRIAGEWAY.,3,249108,1,0,0,1,2,3,1,5,Not at intersection,3,50,Local Road
T20120000826,2012-01-12,07:10:00,1,Collision with vehicle,5,Thursday,130,REAR END(VEHICLES IN SAME LANE),1,35433,2,0,0,1,1,2,2,2,T intersection,3,60,Arterial Highway
T20120000867,2012-01-12,04:10:00,2,Struck Pedestrian,5,Thursday,104,PED WALKING WITH TRAFFIC,5,249001,1,0,0,1,1,2,1,5,Not at intersection,3,80,Arterial Highway
T20120000868,2012-01-12,16:57:00,1,Collision with vehicle,5,Thursday,132,RIGHT REAR.,1,50842,3,1,2,0,3,6,1,1,Cross intersection,1,100,Arterial Highway
T20120000924,2012-01-12,11:00:00,1,Collision with vehicle,5,Thursday,130,REAR END(VEHICLES IN SAME LANE),1,273286,2,0,2,0,1,3,1,5,Not at intersection,2,100,Local Road
T20120000848,2012-01-12,15:45:00,4,Collision with a fixed object,5,Thursday,183,OFF LEFT BEND INTO OBJECT/PARKED VEHICLE,1,248995,1,0,0,1,0,1,1,5,Not at intersection,3,100,Local Road
T20120000902,2012-01-12,18:20:00,1,Collision with vehicle,5,Thursday,110,CROSS TRAFFIC(INTERSECTIONS ONLY),1,45175,2,0,1,1,3,5,1,1,Cross intersection,2,80,Arterial Highway
T20120000813,2012-01-12,10:15:00,1,Collision with vehicle,5,Thursday,121,RIGHT THROUGH,1,232134,2,0,0,1,2,3,1,2,T intersection,3,999,Arterial Other
T20120000812,2012-01-12,10:30:00,1,Collision with vehicle,5,Thursday,110,CROSS TRAFFIC(INTERSECTIONS ONLY),1,41157,3,0,1,1,1,3,1,1,Cross intersection,2,60,Local Road
T20120000845,2012-01-12,14:24:00,1,Collision with vehicle,5,Thursday,140,U TURN,1,240735,2,0,1,2,0,3,1,4,Multiple intersection,2,80,Freeway
T20120000835,2012-01-12,08:45:00,4,Collision with a fixed object,5,Thursday,173,RIGHT OFF CARRIAGEWAY INTO OBJECT/PARKED VEHICLE,1,35822,1,0,0,1,0,1,1,1,Cross intersection,3,40,Local Road
T20120001990,2012-01-12,16:20:00,1,Collision with vehicle,5,Thursday,130,REAR END(VEHICLES IN SAME LANE),1,273285,2,0,0,1,1,2,2,5,Not at intersection,3,70,Arterial Other
T20120000824,2012-01-12,13:27:00,1,Collision with vehicle,5,Thursday,130,REAR END(VEHICLES IN SAME LANE),1,253773,2,0,1,0,1,2,2,5,Not at intersection,2,50,Local Road
T20120000834,2012-01-12,10:50:00,2,Struck Pedestrian,5,Thursday,102,FAR SIDE. PED HIT BY VEHICLE FROM THE LEFT,1,40764,1,0,1,0,1,2,1,1,Cross intersection,2,60,Arterial Other
T20120000837,2012-01-12,13:30:00,4,Collision with a fixed object,5,Thursday,181,OFF RIGHT BEND INTO OBJECT/PARKED VEHICLE,1,135610,1,0,1,0,0,1,1,5,Not at intersection,2,70,Arterial Other
T20120000847,2012-01-12,14:20:00,1,Collision with vehicle,5,Thursday,120,HEAD ON (NOT OVERTAKING),1,248994,2,0,1,0,1,2,1,5,Not at intersection,2,50,Local Road
T20120000821,2012-01-12,11:05:00,1,Collision with vehicle,5,Thursday,110,CROSS TRAFFIC(INTERSECTIONS ONLY),1,35784,2,0,1,1,4,6,1,1,Cross intersection,2,70,Arterial Highway
T20120000849,2012-01-12,16:22:00,2,Struck Pedestrian,5,Thursday,109,ANY MANOEUVRE INVOLVING PED NOT INCLUDED IN DCAs 100-108.,1,65053,1,0,1,0,1,2,1,1,Cross intersection,2,40,Local Road
T20120000850,2012-01-12,12:15:00,1,Collision with vehicle,5,Thursday,120,HEAD ON (NOT OVERTAKING),1,45151,4,0,0,4,4,8,1,1,Cross intersection,3,60,Arterial Other
T20120000819,2012-01-12,08:50:00,1,Collision with vehicle,5,Thursday,163,VEHICLE STRIKES DOOR OF PARKED/STATIONARY VEHICLE,1,248878,2,0,1,0,1,2,1,2,T intersection,2,60,Local Road
T20120000818,2012-01-12,10:15:00,1,Collision with vehicle,5,Thursday,171,LEFT OFF CARRIAGEWAY INTO OBJECT/PARKED VEHICLE,1,37797,2,0,1,0,0,1,1,2,T intersection,2,50,Local Road
T20120000814,2012-01-12,09:40:00,1,Collision with vehicle,5,Thursday,140,U TURN,1,41221,2,0,0,1,3,4,1,1,Cross intersection,3,50,Local Road
T20120003208,2012-01-12,16:00:00,8,No collision and no object struck,5,Thursday,174,OUT OF CONTROL ON CARRIAGEWAY (ON STRAIGHT),1,273287,1,0,0,1,0,1,2,5,Not at intersection,3,40,
T20120000840,2012-01-12,13:39:00,1,Collision with vehicle,5,Thursday,136,RIGHT TURN SIDESWIPE,1,40696,2,0,0,1,2,3,1,2,T intersection,3,60,Arterial Other
T20120001369,2012-01-12,21:00:00,6,Vehicle overturned (no collision),5,Thursday,174,OUT OF CONTROL ON CARRIAGEWAY (ON STRAIGHT),6,-3,1,0,0,1,0,1,2,2,T intersection,3,999,
T20120000870,2012-01-13,00:12:00,4,Collision with a fixed object,6,Friday,173,RIGHT OFF CARRIAGEWAY INTO OBJECT/PARKED VEHICLE,5,44250,1,0,1,0,0,1,1,2,T intersection,2,70,Arterial Other
T20120000871,2012-01-13,00:20:00,4,Collision with a fixed object,6,Friday,173,RIGHT OFF CARRIAGEWAY INTO OBJECT/PARKED VEHICLE,5,255166,1,0,1,0,0,1,1,5,Not at intersection,2,100,Local Road
T20120000876,2012-01-13,07:25:00,1,Collision with vehicle,6,Friday,130,REAR END(VEHICLES IN SAME LANE),1,249003,2,0,1,0,1,2,1,5,Not at intersection,2,60,Arterial Other
T20120000877,2012-01-13,07:25:00,1,Collision with vehicle,6,Friday,130,REAR END(VEHICLES IN SAME LANE),1,91659,2,0,1,0,1,2,1,4,Multiple intersection,2,60,Freeway
T20120000880,2012-01-13,07:05:00,1,Collision with vehicle,6,Friday,137,LEFT TURN SIDESWIPE,1,252800,2,0,0,1,1,2,1,2,T intersection,3,100,Local Road
T20120000885,2012-01-13,09:50:00,2,Struck Pedestrian,6,Friday,100,PED NEAR SIDE. PED HIT BY VEHICLE FROM THE RIGHT.,1,36134,1,0,1,0,1,2,1,1,Cross intersection,2,60,Arterial Other
T20120000888,2012-01-13,08:40:00,1,Collision with vehicle,6,Friday,135,LANE CHANGE LEFT (NOT OVERTAKING),1,273299,2,0,1,0,1,2,1,5,Not at intersection,2,80,Freeway
T20120000894,2012-01-13,07:30:00,1,Collision with vehicle,6,Friday,116,LEFT NEAR (INTERSECTIONS ONLY),1,69917,2,0,1,0,1,2,1,2,T intersection,2,50,Local Road
T20120000897,2012-01-13,12:25:00,6,Vehicle overturned (no collision),6,Friday,174,OUT OF CONTROL ON CARRIAGEWAY (ON STRAIGHT),1,66625,1,0,0,1,0,1,1,2,T intersection,3,60,Arterial Other
T20120000961,2012-01-13,15:30:00,3,Struck animal,6,Friday,167,STRUCK ANIMAL,1,273294,1,0,0,1,0,1,1,5,Not at intersection,3,100,Local Road
T20120000960,2012-01-13,15:45:00,4,Collision with a fixed object,6,Friday,171,LEFT OFF CARRIAGEWAY INTO OBJECT/PARKED VEHICLE,1,273293,1,0,0,1,1,2,1,5,Not at intersection,3,80,Arterial Highway
T20120000899,2012-01-13,06:05:00,5,collision with some other object,6,Friday,191,LOAD OR MISSILE STRUCK VEHICLE,2,273296,1,0,0,1,0,1,2,5,Not at intersection,3,100,Freeway
T20120000906,2012-01-13,09:20:00,6,Vehicle overturned (no collision),6,Friday,180,OFF CARRIAGEWAY ON RIGHT BEND,1,249837,1,0,1,0,0,1,1,5,Not at intersection,2,60,Arterial Other
T20120000915,2012-01-13,12:35:00,4,Collision with a fixed object,6,Friday,171,LEFT OFF CARRIAGEWAY INTO OBJECT/PARKED VEHICLE,1,249007,1,0,0,1,2,3,1,5,Not at intersection,3,100,Arterial Other
T20120000919,2012-01-13,15:15:00,1,Collision with vehicle,6,Friday,113,RIGHT NEAR (INTERSECTIONS ONLY),1,42849,2,0,0,2,1,3,1,2,T intersection,3,80,
T20120000920,2012-01-13,14:55:00,1,Collision with vehicle,6,Friday,130,REAR END(VEHICLES IN SAME LANE),1,273290,2,0,0,1,3,4,1,5,Not at intersection,3,80,Arterial Highway
T20120004627,2012-01-13,09:30:00,8,No collision and no object struck,6,Friday,170,OFF CARRIAGEWAY TO LEFT,1,250836,2,0,0,1,1,2,2,5,Not at intersection,3,60,Arterial Other
T20120000927,2012-01-13,16:25:00,1,Collision with vehicle,6,Friday,110,CROSS TRAFFIC(INTERSECTIONS ONLY),1,35812,2,0,1,0,1,2,1,1,Cross intersection,2,60,Arterial Highway
T20120000949,2012-01-13,22:25:00,2,Struck Pedestrian,6,Friday,100,PED NEAR SIDE. PED HIT BY VEHICLE FROM THE RIGHT.,3,135180,1,0,1,0,1,2,1,5,Not at intersection,2,50,Arterial Other
T20120000947,2012-01-13,20:10:00,1,Collision with vehicle,6,Friday,130,REAR END(VEHICLES IN SAME LANE),2,249011,2,0,1,0,1,2,1,5,Not at intersection,2,80,Arterial Highway
T20120002014,2012-01-13,18:30:00,6,Vehicle overturned (no collision),5,Friday,170,OFF CARRIAGEWAY TO LEFT,2,610376,1,0,1,1,0,2,2,5,Not at intersection,2,888,
T20120000939,2012-01-13,17:15:00,1,Collision with vehicle,6,Friday,130,REAR END(VEHICLES IN SAME LANE),1,249286,2,0,1,0,1,2,1,5,Not at intersection,2,80,Arterial Other
T20120000943,2012-01-13,14:00:00,4,Collision with a fixed object,6,Friday,183,OFF LEFT BEND INTO OBJECT/PARKED VEHICLE,1,273288,1,1,2,1,0,4,1,5,Not at intersection,1,80,Arterial Highway
T20120000942,2012-01-13,16:50:00,1,Collision with vehicle,6,Friday,113,RIGHT NEAR (INTERSECTIONS ONLY),1,43610,3,0,1,2,2,5,1,2,T intersection,2,80,Arterial Other
T20120000941,2012-01-13,16:32:00,1,Collision with vehicle,6,Friday,113,RIGHT NEAR (INTERSECTIONS ONLY),1,273291,2,0,0,1,1,2,1,2,T intersection,3,70,Arterial Other
T20120001102,2012-01-13,10:14:00,6,Vehicle overturned (no collision),6,Friday,184,OUT OF CONTROL ON CARRIAGEWAY (ON BEND),1,273301,1,0,0,2,0,2,1,5,Not at intersection,3,80,Arterial Highway
T20120001194,2012-01-13,15:10:00,2,Struck Pedestrian,6,Friday,102,FAR SIDE. PED HIT BY VEHICLE FROM THE LEFT,1,43456,1,0,1,0,1,2,1,2,T intersection,2,50,Local Road
T20120001198,2012-01-13,18:00:00,1,Collision with vehicle,6,Friday,130,REAR END(VEHICLES IN SAME LANE),1,273295,2,0,0,1,1,2,2,5,Not at intersection,3,60,Arterial Other
T20120004579,2012-01-13,13:30:00,8,No collision and no object struck,6,Friday,170,OFF CARRIAGEWAY TO LEFT,1,273300,1,0,0,1,0,1,2,5,Not at intersection,3,100,Arterial Highway