ACCIDENT_NO,ACCIDENT_DATE,ACCIDENT_TIME,ACCIDENT_TYPE,ACCIDENT_TYPE_DESC,DAY_OF_WEEK,DAY_WEEK_DESC,DCA_CODE,DCA_DESC,LIGHT_CONDITION,NODE_ID,NO_OF_VEHICLES,NO_PERSONS_KILLED,NO_PERSONS_INJ_2,NO_PERSONS_INJ_3,NO_PERSONS_NOT_INJ,NO_PERSONS,POLICE_ATTEND,ROAD_GEOMETRY,ROAD_GEOMETRY_DESC,SEVERITY,SPEED_ZONE,RMA
T20120000887,2012-01-13,09:35:00,2,Struck Pedestrian,6,Friday,100,PED NEAR SIDE. PED HIT BY VEHICLE FROM THE RIGHT.,1,37583,1,0,1,0,1,2,1,2,T intersection,2,60,Arterial Other
T20120001278,2012-01-13,17:50:00,1,Collision with vehicle,6,Friday,130,REAR END(VEHICLES IN SAME LANE),1,249116,2,0,0,1,2,3,1,5,Not at intersection,3,70,Arterial Other
T20120000995,2012-01-14,17:10:00,1,Collision with vehicle,7,Saturday,130,REAR END(VEHICLES IN SAME LANE),1,249025,2,0,0,1,1,2,1,5,Not at intersection,3,60,Local Road
T20120001019,2012-01-14,22:30:00,2,Struck Pedestrian,7,Saturday,104,PED WALKING WITH TRAFFIC,3,249028,1,0,0,1,1,2,1,5,Not at intersection,3,70,Arterial Highway
T20120000994,2012-01-14,15:10:00,8,No collision and no object struck,7,Saturday,180,OFF CARRIAGEWAY ON RIGHT BEND,1,273317,1,0,0,1,0,1,2,5,Not at intersection,3,100,Arterial Other
T20120000992,2012-01-14,17:10:00,4,Collision with a fixed object,7,Saturday,171,LEFT OFF CARRIAGEWAY INTO OBJECT/PARKED VEHICLE,1,252091,1,0,0,1,2,3,1,5,Not at intersection,3,40,Arterial Other
T20120000979,2012-01-14,10:30:00,4,Collision with a fixed object,7,Saturday,183,OFF LEFT BEND INTO OBJECT/PARKED VEHICLE,1,250094,1,0,2,0,0,2,1,2,T intersection,2,100,Arterial Other
T20120001085,2012-01-14,22:50:00,1,Collision with vehicle,7,Saturday,110,CROSS TRAFFIC(INTERSECTIONS ONLY),3,41012,2,0,0,1,1,2,1,1,Cross intersection,3,70,Arterial Other
T20120001016,2012-01-14,20:22:00,1,Collision with vehicle,7,Saturday,121,RIGHT THROUGH,1,42310,2,0,0,1,3,4,1,2,T intersection,3,60,Arterial Highway
T20120000978,2012-01-14,09:05:00,2,Struck Pedestrian,7,Saturday,100,PED NEAR SIDE. PED HIT BY VEHICLE FROM THE RIGHT.,1,273316,1,0,1,0,1,2,1,5,Not at intersection,2,777,Local Road
T20120000976,2012-01-14,11:55:00,4,Collision with a fixed object,7,Saturday,181,OFF RIGHT BEND INTO OBJECT/PARKED VEHICLE,1,273315,1,0,1,0,0,1,1,5,Not at intersection,2,100,Arterial Other
T20120000974,2012-01-14,12:10:00,1,Collision with vehicle,7,Saturday,130,REAR END(VEHICLES IN SAME LANE),1,100941,4,0,1,1,3,5,1,5,Not at intersection,2,80,Arterial Highway
T20120003270,2012-01-14,13:40:00,1,Collision with vehicle,7,Saturday,135,LANE CHANGE LEFT (NOT OVERTAKING),1,37833,2,0,0,1,1,2,2,1,Cross intersection,3,60,Arterial Other
T20120000968,2012-01-14,11:15:00,8,No collision and no object struck,7,Saturday,174,OUT OF CONTROL ON CARRIAGEWAY (ON STRAIGHT),1,41267,1,0,1,0,0,1,1,1,Cross intersection,2,60,Arterial Highway
T20120001015,2012-01-14,22:37:00,6,Vehicle overturned (no collision),7,Saturday,172,OFF CARRIAGEWAY TO RIGHT,3,255167,2,0,0,2,3,5,1,2,T intersection,3,60,Local Road
T20120001007,2012-01-14,17:00:00,1,Collision with vehicle,7,Saturday,110,CROSS TRAFFIC(INTERSECTIONS ONLY),1,243974,2,0,0,1,2,3,1,1,Cross intersection,3,80,Arterial Other
T20120001000,2012-01-14,13:45:00,1,Collision with vehicle,7,Saturday,116,LEFT NEAR (INTERSECTIONS ONLY),1,50842,2,0,1,3,3,7,1,2,T intersection,2,100,Arterial Highway
T20120000990,2012-01-14,15:50:00,1,Collision with vehicle,7,Saturday,121,RIGHT THROUGH,1,851,2,0,1,1,3,5,1,1,Cross intersection,2,60,Arterial Other
T20120014443,2012-01-14,14:30:00,1,Collision with vehicle,7,Saturday,134,LANE CHANGE RIGHT (NOT OVERTAKING),1,108287,2,0,0,1,1,2,1,5,Not at intersection,3,70,Arterial Other
T20120000980,2012-01-14,13:40:00,1,Collision with vehicle,7,Saturday,132,RIGHT REAR.,1,249377,3,0,0,5,1,6,1,5,Not at intersection,3,70,Arterial Highway
T20120001059,2012-01-15,17:05:00,1,Collision with vehicle,1,Sunday,113,RIGHT NEAR (INTERSECTIONS ONLY),1,248915,2,0,0,2,1,3,1,2,T intersection,3,60,Arterial Other
T20120001050,2012-01-15,16:15:00,1,Collision with vehicle,1,Sunday,137,LEFT TURN SIDESWIPE,1,248908,2,0,0,2,0,2,1,5,Not at intersection,3,60,Arterial Other
T20120001063,2012-01-15,15:35:00,1,Collision with vehicle,1,Sunday,130,REAR END(VEHICLES IN SAME LANE),1,273332,2,0,0,1,2,3,2,5,Not at intersection,3,80,Local Road
T20120001047,2012-01-15,09:40:00,1,Collision with vehicle,1,Sunday,121,RIGHT THROUGH,1,260,2,0,0,2,1,3,1,1,Cross intersection,3,60,Arterial Highway
T20120001042,2012-01-15,14:45:00,1,Collision with vehicle,1,Sunday,121,RIGHT THROUGH,1,54871,2,0,1,1,1,3,1,4,Multiple intersection,2,80,Freeway
T20120001491,2012-01-15,18:00:00,8,No collision and no object struck,1,Sunday,180,OFF CARRIAGEWAY ON RIGHT BEND,1,273322,1,0,0,1,0,1,2,5,Not at intersection,3,80,Arterial Highway
T20120001118,2012-01-15,17:40:00,1,Collision with vehicle,1,Sunday,143,ENTERING PARKING,1,248939,2,0,1,0,1,2,2,5,Not at intersection,2,999,Local Road
T20120012669,2012-01-15,20:40:00,1,Collision with vehicle,1,Sunday,111,RIGHT FAR (INTERSECTIONS ONLY),6,42247,2,0,0,1,1,2,2,1,Cross intersection,3,60,Local Road
T20120001040,2012-01-15,10:30:00,2,Struck Pedestrian,1,Sunday,102,FAR SIDE. PED HIT BY VEHICLE FROM THE LEFT,1,43053,1,0,0,1,1,2,2,2,T intersection,3,999,Arterial Highway
T20120001037,2012-01-15,13:15:00,1,Collision with vehicle,1,Sunday,160,VEHICLE COLLIDES WITH VEHICLE PARKED ON LEFT OF ROAD,1,41329,2,0,1,0,0,1,1,2,T intersection,2,60,Arterial Other
T20120001035,2012-01-15,12:00:00,6,Vehicle overturned (no collision),1,Sunday,180,OFF CARRIAGEWAY ON RIGHT BEND,1,273321,1,0,0,1,0,1,1,5,Not at intersection,3,70,Arterial Other
T20120001033,2012-01-15,05:38:00,4,Collision with a fixed object,1,Sunday,173,RIGHT OFF CARRIAGEWAY INTO OBJECT/PARKED VEHICLE,5,247985,1,1,1,0,0,2,1,1,Cross intersection,1,100,Local Road
T20120001547,2012-01-15,13:00:00,3,Struck animal,1,Sunday,167,STRUCK ANIMAL,1,249148,1,0,0,1,0,1,2,5,Not at intersection,3,100,
T20120001064,2012-01-15,17:53:00,1,Collision with vehicle,0,Sunday,137,LEFT TURN SIDESWIPE,1,29635,2,0,0,2,1,3,1,2,T intersection,3,60,Arterial Highway
T20120001069,2012-01-15,16:05:00,1,Collision with vehicle,1,Sunday,113,RIGHT NEAR (INTERSECTIONS ONLY),1,41975,2,0,1,0,1,2,1,2,T intersection,2,70,Arterial Highway
T20120001066,2012-01-15,18:34:00,1,Collision with vehicle,1,Sunday,160,VEHICLE COLLIDES WITH VEHICLE PARKED ON LEFT OF ROAD,1,273320,2,0,0,2,0,2,1,5,Not at intersection,3,60,Arterial Other
T20120001696,2012-01-15,18:30:00,1,Collision with vehicle,1,Sunday,135,LANE CHANGE LEFT (NOT OVERTAKING),1,53189,2,0,1,0,5,6,2,2,T intersection,2,999,Freeway
T20120001539,2012-01-15,22:00:00,1,Collision with vehicle,1,Sunday,132,RIGHT REAR.,3,273323,2,0,0,2,1,3,1,5,Not at intersection,3,70,
T20120001067,2012-01-15,15:00:00,1,Collision with vehicle,1,Sunday,130,REAR END(VEHICLES IN SAME LANE),1,38820,2,0,1,0,2,3,1,1,Cross intersection,2,60,Arterial Highway
T20120001667,2012-01-15,21:00:00,1,Collision with vehicle,1,Sunday,144,PARKED VEHICLES ONLY,6,249070,2,0,0,1,1,2,2,5,Not at intersection,3,50,Local Road
T20120001068,2012-01-15,18:15:00,4,Collision with a fixed object,1,Sunday,171,LEFT OFF CARRIAGEWAY INTO OBJECT/PARKED VEHICLE,1,251668,1,0,1,0,0,1,2,5,Not at intersection,2,60,Arterial Other
T20120001070,2012-01-15,14:58:00,1,Collision with vehicle,1,Sunday,120,HEAD ON (NOT OVERTAKING),1,247986,2,1,0,0,1,2,1,5,Not at intersection,1,100,Local Road
T20120001128,2012-01-15,14:30:00,6,Vehicle overturned (no collision),1,Sunday,174,OUT OF CONTROL ON CARRIAGEWAY (ON STRAIGHT),1,248943,1,0,0,1,0,1,2,5,Not at intersection,3,100,
T20120001129,2012-01-15,12:30:00,8,No collision and no object struck,1,Sunday,174,OUT OF CONTROL ON CARRIAGEWAY (ON STRAIGHT),1,249109,1,0,0,2,0,2,1,5,Not at intersection,3,100,Freeway
T20120001073,2012-01-15,20:20:00,4,Collision with a fixed object,0,Sunday,173,RIGHT OFF CARRIAGEWAY INTO OBJECT/PARKED VEHICLE,1,286156,1,0,1,0,0,1,1,2,T intersection,2,50,Local Road
T20120001074,2012-01-15,20:45:00,1,Collision with vehicle,1,Sunday,169,OTHER ON PATH,2,29397,2,0,0,1,0,1,1,1,Cross intersection,3,50,Arterial Other
T20120001078,2012-01-15,22:10:00,2,Struck Pedestrian,1,Sunday,102,FAR SIDE. PED HIT BY VEHICLE FROM THE LEFT,3,249938,1,0,1,0,1,2,1,5,Not at intersection,2,50,Local Road
T20120001079,2012-01-15,18:04:00,1,Collision with vehicle,1,Sunday,140,U TURN,1,273325,2,0,0,3,2,5,1,2,T intersection,3,80,Arterial Highway
T20120001080,2012-01-15,22:08:00,2,Struck Pedestrian,1,Sunday,100,PED NEAR SIDE. PED HIT BY VEHICLE FROM THE RIGHT.,3,248923,1,0,0,1,1,2,1,5,Not at intersection,3,60,Local Road
T20120001081,2012-01-15,22:10:00,1,Collision with vehicle,1,Sunday,140,U TURN,5,273326,2,0,0,2,1,3,1,5,Not at intersection,3,110,Freeway
T20120001061,2012-01-15,18:00:00,1,Collision with vehicle,1,Sunday,130,REAR END(VEHICLES IN SAME LANE),1,249893,2,0,0,1,1,2,2,5,Not at intersection,3,60,Arterial Other
T20120001082,2012-01-15,22:08:00,4,Collision with a fixed object,1,Sunday,171,LEFT OFF CARRIAGEWAY INTO OBJECT/PARKED VEHICLE,5,248925,1,0,0,1,0,1,1,5,Not at intersection,3,80,Arterial Highway
T20120001083,2012-01-15,14:58:00,4,Collision with a fixed object,1,Sunday,181,OFF RIGHT BEND INTO OBJECT/PARKED VEHICLE,1,248077,1,1,2,0,0,3,1,5,Not at intersection,1,100,Arterial Other
T20120001026,2012-01-15,03:15:00,1,Collision with vehicle,1,Sunday,160,VEHICLE COLLIDES WITH VEHICLE PARKED ON LEFT OF ROAD,3,273330,2,0,0,1,0,1,1,5,Not at intersection,3,60,
T20120001089,2012-01-15,22:30:00,1,Collision with vehicle,1,Sunday,163,VEHICLE STRIKES DOOR OF PARKED/STATIONARY VEHICLE,3,36571,2,0,0,2,2,4,1,2,T intersection,3,50,Local Road
T20120001065,2012-01-15,17:00:00,4,Collision with a fixed object,1,Sunday,173,RIGHT OFF CARRIAGEWAY INTO OBJECT/PARKED VEHICLE,1,253060,1,0,1,0,1,2,1,5,Not at intersection,2,100,Arterial Other
T20120001520,2012-01-15,14:30:00,8,No collision and no object struck,1,Sunday,182,OFF CARRIAGEWAY ON LEFT BEND,1,249138,1,0,0,1,0,1,2,5,Not at intersection,3,80,Local Road
T20120006363,2012-01-15,02:00:00,8,No collision and no object struck,1,Sunday,170,OFF CARRIAGEWAY TO LEFT,5,273327,1,0,0,1,0,1,2,5,Not at intersection,3,60,Local Road
T20120012238,2012-01-15,02:00:00,7,Fall from or in moving vehicle,1,Sunday,190,FELL IN/FROM VEHICLE,6,253253,1,0,1,0,1,2,2,2,T intersection,2,50,Local Road
T20120001075,2012-01-15,18:43:00,4,Collision with a fixed object,1,Sunday,183,OFF LEFT BEND INTO OBJECT/PARKED VEHICLE,1,273333,1,0,2,1,0,3,1,5,Not at intersection,2,100,Freeway
T20120001057,2012-01-15,16:30:00,2,Struck Pedestrian,1,Sunday,102,FAR SIDE. PED HIT BY VEHICLE FROM THE LEFT,1,273318,1,0,0,1,1,2,1,5,Not at intersection,3,40,Arterial Other
T20120001055,2012-01-15,16:20:00,2,Struck Pedestrian,1,Sunday,102,FAR SIDE. PED HIT BY VEHICLE FROM THE LEFT,1,248910,1,0,1,0,3,4,1,2,T intersection,2,50,Local Road
T20120001054,2012-01-15,17:10:00,1,Collision with vehicle,1,Sunday,131,LEFT REAR,1,38277,2,0,0,1,2,3,1,1,Cross intersection,3,60,Arterial Other
T20120001053,2012-01-15,15:30:00,1,Collision with vehicle,1,Sunday,113,RIGHT NEAR (INTERSECTIONS ONLY),1,249035,3,0,0,1,6,7,1,2,T intersection,3,60,Arterial Highway
T20120001052,2012-01-15,15:10:00,4,Collision with a fixed object,1,Sunday,181,OFF RIGHT BEND INTO OBJECT/PARKED VEHICLE,1,273324,1,0,1,0,0,1,1,5,Not at intersection,2,80,Arterial Other
T20120001051,2012-01-15,16:47:00,1,Collision with vehicle,1,Sunday,147,VEHICLE STRIKES ANOTHER VEH WHILE EMERGING FROM DRIVEWAY,1,249033,2,0,1,0,2,3,1,5,Not at intersection,2,60,Local Road
T20120001041,2012-01-15,12:51:00,8,No collision and no object struck,1,Sunday,174,OUT OF CONTROL ON CARRIAGEWAY (ON STRAIGHT),1,36071,1,0,1,0,1,2,1,1,Cross intersection,2,100,Arterial Other
T20120001096,2012-01-16,02:30:00,4,Collision with a fixed object,2,Monday,171,LEFT OFF CARRIAGEWAY INTO OBJECT/PARKED VEHICLE,3,248927,1,0,0,2,0,2,1,5,Not at intersection,3,50,Local Road
T20120001104,2012-01-16,09:40:00,1,Collision with vehicle,2,Monday,121,RIGHT THROUGH,1,36557,2,0,0,1,3,4,1,1,Cross intersection,3,40,Arterial Other
T20120001106,2012-01-16,06:55:00,1,Collision with vehicle,2,Monday,169,OTHER ON PATH,2,273342,2,0,1,0,0,1,1,5,Not at intersection,2,50,Local Road
T20120001110,2012-01-16,09:45:00,1,Collision with vehicle,2,Monday,134,LANE CHANGE RIGHT (NOT OVERTAKING),1,249957,2,0,1,0,2,3,1,2,T intersection,2,60,Arterial Other
T20120001113,2012-01-16,11:59:00,1,Collision with vehicle,2,Monday,113,RIGHT NEAR (INTERSECTIONS ONLY),1,248937,2,0,1,1,0,2,1,2,T intersection,2,60,Arterial Highway
T20120001120,2012-01-16,10:40:00,8,No collision and no object struck,2,Monday,151,OUT OF CONTROL (OVERTAKING),1,609058,2,0,1,0,2,3,1,5,Not at intersection,2,100,
T20120001791,2012-01-16,18:05:00,1,Collision with vehicle,2,Monday,121,RIGHT THROUGH,1,19418,2,0,0,1,2,3,1,1,Cross intersection,3,60,Arterial Highway
T20120001187,2012-01-16,08:10:00,1,Collision with vehicle,2,Monday,163,VEHICLE STRIKES DOOR OF PARKED/STATIONARY VEHICLE,1,40130,2,0,0,1,1,2,1,2,T intersection,3,40,Local Road
T20120001209,2012-01-16,16:55:00,1,Collision with vehicle,2,Monday,121,RIGHT THROUGH,1,38922,2,0,0,1,1,2,2,2,T intersection,3,60,Arterial Other
T20120001152,2012-01-16,16:25:00,1,Collision with vehicle,2,Monday,121,RIGHT THROUGH,1,42310,2,0,0,2,1,3,1,2,T intersection,3,70,Arterial Highway
T20120001180,2012-01-16,16:39:00,1,Collision with vehicle,2,Monday,121,RIGHT THROUGH,1,52776,3,0,0,1,4,5,1,2,T intersection,3,60,Local Road
T20120001179,2012-01-16,00:12:00,6,Vehicle overturned (no collision),2,Monday,172,OFF CARRIAGEWAY TO RIGHT,5,249288,1,0,0,1,0,1,1,5,Not at intersection,3,999,Local Road
T20120001173,2012-01-16,18:10:00,1,Collision with vehicle,2,Monday,150,HEAD ON(OVERTAKING),1,248958,2,0,0,1,1,2,1,2,T intersection,3,100,Arterial Highway
T20120003893,2012-01-16,15:00:00,1,Collision with vehicle,2,Monday,110,CROSS TRAFFIC(INTERSECTIONS ONLY),1,37352,2,0,1,0,1,2,1,1,Cross intersection,2,60,Arterial Other
T20120001123,2012-01-16,11:45:00,6,Vehicle overturned (no collision),2,Monday,170,OFF CARRIAGEWAY TO LEFT,1,273339,1,0,0,1,0,1,1,5,Not at intersection,3,100,Arterial Highway
T20120001124,2012-01-16,11:40:00,4,Collision with a fixed object,2,Monday,183,OFF LEFT BEND INTO OBJECT/PARKED VEHICLE,1,248940,1,0,0,1,0,1,1,5,Not at intersection,3,100,Arterial Other
T20120001131,2012-01-16,06:45:00,1,Collision with vehicle,2,Monday,110,CROSS TRAFFIC(INTERSECTIONS ONLY),2,48721,2,0,0,1,1,2,2,9,Unknown,3,100,Arterial Other
T20120001100,2012-01-16,07:50:00,1,Collision with vehicle,2,Monday,110,CROSS TRAFFIC(INTERSECTIONS ONLY),1,44025,2,0,1,2,0,3,1,1,Cross intersection,2,80,Local Road
T20120001165,2012-01-16,17:40:00,8,No collision and no object struck,2,Monday,170,OFF CARRIAGEWAY TO LEFT,1,45291,2,0,1,0,1,2,1,2,T intersection,2,60,Arterial Other
T20120001137,2012-01-16,13:00:00,1,Collision with vehicle,2,Monday,130,REAR END(VEHICLES IN SAME LANE),1,38234,3,0,0,1,3,4,1,2,T intersection,3,60,Arterial Highway
T20120001149,2012-01-16,15:46:00,1,Collision with vehicle,2,Monday,130,REAR END(VEHICLES IN SAME LANE),1,38442,2,0,0,1,3,4,1,1,Cross intersection,3,80,Arterial Highway
T20120001145,2012-01-16,16:24:00,4,Collision with a fixed object,2,Monday,171,LEFT OFF CARRIAGEWAY INTO OBJECT/PARKED VEHICLE,1,35555,1,0,0,1,0,1,1,1,Cross intersection,3,60,Arterial Highway
T20120001148,2012-01-16,15:15:00,1,Collision with vehicle,1,Monday,130,REAR END(VEHICLES IN SAME LANE),1,11586,2,0,0,1,1,2,9,4,Multiple intersection,3,999,Freeway
T20120001169,2012-01-16,18:00:00,4,Collision with a fixed object,2,Monday,171,LEFT OFF CARRIAGEWAY INTO OBJECT/PARKED VEHICLE,1,252803,2,0,1,0,1,2,1,5,Not at intersection,2,70,Arterial Other
T20120002291,2012-01-16,18:30:00,1,Collision with vehicle,2,Monday,135,LANE CHANGE LEFT (NOT OVERTAKING),1,273337,2,0,1,0,1,2,2,5,Not at intersection,2,999,Arterial Other
T20120001164,2012-01-16,18:15:00,1,Collision with vehicle,2,Monday,110,CROSS TRAFFIC(INTERSECTIONS ONLY),1,514,2,0,0,1,1,2,1,1,Cross intersection,3,60,Arterial Highway
T20120001162,2012-01-16,12:45:00,6,Vehicle overturned (no collision),2,Monday,174,OUT OF CONTROL ON CARRIAGEWAY (ON STRAIGHT),1,140,2,0,0,1,1,2,2,1,Cross intersection,3,50,Local Road
T20120001161,2012-01-16,17:30:00,1,Collision with vehicle,2,Monday,147,VEHICLE STRIKES ANOTHER VEH WHILE EMERGING FROM DRIVEWAY,1,273336,2,0,0,1,1,2,2,5,Not at intersection,3,999,Arterial Other
T20120001160,2012-01-16,17:45:00,1,Collision with vehicle,2,Monday,130,REAR END(VEHICLES IN SAME LANE),1,53196,2,0,1,0,4,5,1,2,T intersection,2,60,Local Road
T20120001156,2012-01-16,16:40:00,4,Collision with a fixed object,2,Monday,173,RIGHT OFF CARRIAGEWAY INTO OBJECT/PARKED VEHICLE,1,273335,1,0,1,0,0,1,1,5,Not at intersection,2,100,Freeway
T20120001150,2012-01-16,15:36:00,1,Collision with vehicle,1,Monday,130,REAR END(VEHICLES IN SAME LANE),1,609057,2,0,1,0,2,3,1,5,Not at intersection,2,110,Freeway
T20120001309,2012-01-16,15:55:00,1,Collision with vehicle,2,Monday,130,REAR END(VEHICLES IN SAME LANE),1,273341,3,0,0,1,4,5,1,5,Not at intersection,3,80,Freeway
T20130001817,2012-01-16,17:45:00,1,Collision with vehicle,2,Monday,130,REAR END(VEHICLES IN SAME LANE),1,35407,2,0,0,1,1,2,2,2,T intersection,3,999,Arterial Other
T20120001243,2012-01-16,09:20:00,1,Collision with vehicle,2,Monday,132,RIGHT REAR.,1,1323,2,0,0,1,1,2,2,1,Cross intersection,3,60,Arterial Other
T20120002776,2012-01-16,12:30:00,1,Collision with vehicle,2,Monday,163,VEHICLE STRIKES DOOR OF PARKED/STATIONARY VEHICLE,1,249458,2,0,0,1,1,2,2,5,Not at intersection,3,60,Arterial Other
T20120001091,2012-01-16,01:17:00,2,Struck Pedestrian,2,Monday,100,PED NEAR SIDE. PED HIT BY VEHICLE FROM THE RIGHT.,3,273338,1,1,1,0,5,7,1,5,Not at intersection,1,60,Arterial Other
T20120001166,2012-01-16,15:58:00,1,Collision with vehicle,2,Monday,132,RIGHT REAR.,1,251358,3,1,2,2,0,5,1,5,Not at intersection,1,80,Arterial Highway
T20120001159,2012-01-16,19:05:00,2,Struck Pedestrian,2,Monday,109,ANY MANOEUVRE INVOLVING PED NOT INCLUDED IN DCAs 100-108.,1,41178,1,0,0,1,1,2,1,2,T intersection,3,50,Local Road
T20120001291,2012-01-16,15:20:00,8,No collision and no object struck,2,Monday,199,UNKNOWN-NO DETAILS ON MANOEUVRES OF ROAD-USERS IN ACCIDENT,1,273340,1,0,0,1,1,2,1,5,Not at intersection,3,80,Arterial Other
T20120009621,2012-01-17,19:25:00,1,Collision with vehicle,3,Tuesday,130,REAR END(VEHICLES IN SAME LANE),2,273350,2,0,1,0,1,2,2,5,Not at intersection,2,999,Arterial Other
T20120001259,2012-01-17,05:50:00,8,No collision and no object struck,3,Tuesday,174,OUT OF CONTROL ON CARRIAGEWAY (ON STRAIGHT),1,249112,1,0,1,0,0,1,1,5,Not at intersection,2,70,Arterial Other
T20120001260,2012-01-17,18:05:00,1,Collision with vehicle,3,Tuesday,110,CROSS TRAFFIC(INTERSECTIONS ONLY),1,36097,2,0,1,1,2,4,1,1,Cross intersection,2,50,Local Road
T20120001251,2012-01-17,19:45:00,1,Collision with vehicle,3,Tuesday,140,U TURN,1,252094,2,0,1,0,1,2,1,5,Not at intersection,2,100,Local Road
T20120001250,2012-01-17,18:30:00,1,Collision with vehicle,3,Tuesday,136,RIGHT TURN SIDESWIPE,1,65799,2,0,0,1,1,2,2,1,Cross intersection,3,60,Local Road
T20120014248,2012-01-17,18:00:00,2,Struck Pedestrian,3,Tuesday,100,PED NEAR SIDE. PED HIT BY VEHICLE FROM THE RIGHT.,1,49662,1,0,0,1,1,2,2,1,Cross intersection,3,60,Arterial Other
T20120001248,2012-01-17,17:01:00,1,Collision with vehicle,3,Tuesday,110,CROSS TRAFFIC(INTERSECTIONS ONLY),1,36174,3,0,0,4,1,5,1,1,Cross intersection,3,60,Arterial Other
T20120001245,2012-01-17,16:00:00,1,Collision with vehicle,3,Tuesday,130,REAR END(VEHICLES IN SAME LANE),1,37375,2,0,1,0,1,2,1,1,Cross intersection,2,50,Arterial Other
T20120005055,2012-01-17,20:00:00,1,Collision with vehicle,3,Tuesday,152,PULLING OUT (OVERTAKING),1,69503,2,0,0,1,1,2,2,2,T intersection,3,999,Local Road
T20120001216,2012-01-17,12:00:00,2,Struck Pedestrian,3,Tuesday,109,ANY MANOEUVRE INVOLVING PED NOT INCLUDED IN DCAs 100-108.,1,36888,1,0,0,1,1,2,1,1,Cross intersection,3,50,Local Road
T20120001312,2012-01-17,14:30:00,1,Collision with vehicle,3,Tuesday,121,RIGHT THROUGH,1,84,3,0,0,1,2,3,1,1,Cross intersection,3,60,Arterial Highway
T20120001215,2012-01-17,11:15:00,8,No collision and no object struck,3,Tuesday,174,OUT OF CONTROL ON CARRIAGEWAY (ON STRAIGHT),1,273345,1,0,1,0,0,1,1,5,Not at intersection,2,100,Arterial Highway
T20120001210,2012-01-17,11:02:00,2,Struck Pedestrian,3,Tuesday,109,ANY MANOEUVRE INVOLVING PED NOT INCLUDED IN DCAs 100-108.,1,55059,1,0,0,1,1,2,1,2,T intersection,3,60,Local Road
T20120001197,2012-01-17,09:45:00,1,Collision with vehicle,3,Tuesday,160,VEHICLE COLLIDES WITH VEHICLE PARKED ON LEFT OF ROAD,1,273344,2,0,0,1,0,1,1,5,Not at intersection,3,50,Local Road
T20120001242,2012-01-17,17:00:00,4,Collision with a fixed object,3,Tuesday,181,OFF RIGHT BEND INTO OBJECT/PARKED VEHICLE,1,273349,1,0,0,2,1,3,1,5,Not at intersection,3,100,Freeway
T20120001258,2012-01-17,03:42:00,4,Collision with a fixed object,3,Tuesday,173,RIGHT OFF CARRIAGEWAY INTO OBJECT/PARKED VEHICLE,3,900,1,0,1,0,0,1,1,1,Cross intersection,2,80,Arterial Highway
T20120001191,2012-01-17,09:10:00,2,Struck Pedestrian,3,Tuesday,109,ANY MANOEUVRE INVOLVING PED NOT INCLUDED IN DCAs 100-108.,1,1129,1,0,0,1,1,2,1,2,T intersection,3,60,Arterial Highway
T20120001239,2012-01-17,17:45:00,1,Collision with vehicle,3,Tuesday,135,LANE CHANGE LEFT (NOT OVERTAKING),1,39255,2,0,0,1,1,2,1,2,T intersection,3,70,Arterial Other
T20120001234,2012-01-17,16:30:00,1,Collision with vehicle,3,Tuesday,130,REAR END(VEHICLES IN SAME LANE),1,43117,3,0,0,1,4,5,1,1,Cross intersection,3,80,Arterial Highway
T20120001183,2012-01-17,07:10:00,1,Collision with vehicle,3,Tuesday,119,OTHER ADJACENT (INTERSECTIONS ONLY),1,37516,2,0,0,1,2,3,1,1,Cross intersection,3,60,Local Road
T20120001185,2012-01-17,07:45:00,1,Collision with vehicle,3,Tuesday,121,RIGHT THROUGH,1,65712,2,0,1,0,1,2,1,2,T intersection,2,60,Arterial Other
T20120001588,2012-01-17,02:00:00,2,Struck Pedestrian,3,Tuesday,109,ANY MANOEUVRE INVOLVING PED NOT INCLUDED IN DCAs 100-108.,6,73120,1,0,1,0,0,1,2,2,T intersection,2,999,Local Road
T20120001244,2012-01-17,17:00:00,1,Collision with vehicle,3,Tuesday,163,VEHICLE STRIKES DOOR OF PARKED/STATIONARY VEHICLE,1,273347,2,0,0,1,4,5,1,5,Not at intersection,3,50,Arterial Other
T20120002912,2012-01-17,17:00:00,1,Collision with vehicle,3,Tuesday,130,REAR END(VEHICLES IN SAME LANE),1,228,2,0,0,1,1,2,2,1,Cross intersection,3,60,Arterial Highway
T20120001231,2012-01-17,15:01:00,1,Collision with vehicle,3,Tuesday,136,RIGHT TURN SIDESWIPE,1,35751,2,0,1,0,1,2,1,1,Cross intersection,2,60,Local Road
T20120001356,2012-01-17,17:15:00,1,Collision with vehicle,3,Tuesday,130,REAR END(VEHICLES IN SAME LANE),1,36609,2,0,0,1,1,2,1,2,T intersection,3,70,Arterial Other