ACCIDENT_NO,ACCIDENT_DATE,ACCIDENT_TIME,ACCIDENT_TYPE,ACCIDENT_TYPE_DESC,DAY_OF_WEEK,DAY_WEEK_DESC,DCA_CODE,DCA_DESC,LIGHT_CONDITION,NODE_ID,NO_OF_VEHICLES,NO_PERSONS_KILLED,NO_PERSONS_INJ_2,NO_PERSONS_INJ_3,NO_PERSONS_NOT_INJ,NO_PERSONS,POLICE_ATTEND,ROAD_GEOMETRY,ROAD_GEOMETRY_DESC,SEVERITY,SPEED_ZONE,RMA
T20120001516,2012-01-21,06:20:00,1,Collision with vehicle,7,Saturday,121,RIGHT THROUGH,2,36321,2,0,1,0,2,3,1,1,Cross intersection,2,80,Arterial Highway
T20120001630,2012-01-21,19:15:00,1,Collision with vehicle,7,Saturday,130,REAR END(VEHICLES IN SAME LANE),1,249056,3,0,0,1,4,5,1,5,Not at intersection,3,80,
T20120001671,2012-01-21,01:15:00,8,No collision and no object struck,7,Saturday,174,OUT OF CONTROL ON CARRIAGEWAY (ON STRAIGHT),3,107,1,0,1,0,0,1,1,2,T intersection,2,60,Arterial Highway
T20120008665,2012-01-21,20:30:00,8,No collision and no object struck,7,Saturday,174,OUT OF CONTROL ON CARRIAGEWAY (ON STRAIGHT),1,251061,1,0,0,1,0,1,2,5,Not at intersection,3,60,Local Road
T20120005135,2012-01-21,13:00:00,1,Collision with vehicle,7,Saturday,130,REAR END(VEHICLES IN SAME LANE),1,250209,2,0,0,1,1,2,2,5,Not at intersection,3,60,Arterial Other
T20120001578,2012-01-21,07:50:00,1,Collision with vehicle,7,Saturday,199,UNKNOWN-NO DETAILS ON MANOEUVRES OF ROAD-USERS IN ACCIDENT,1,36053,3,0,3,0,3,6,1,2,T intersection,2,70,Arterial Other
T20120001571,2012-01-21,23:40:00,2,Struck Pedestrian,7,Saturday,100,PED NEAR SIDE. PED HIT BY VEHICLE FROM THE RIGHT.,3,53276,1,0,0,1,1,2,1,2,T intersection,3,60,Arterial Other
T20120001569,2012-01-21,23:40:00,6,Vehicle overturned (no collision),7,Saturday,174,OUT OF CONTROL ON CARRIAGEWAY (ON STRAIGHT),5,273414,1,0,0,1,0,1,1,5,Not at intersection,3,100,
T20120001568,2012-01-21,23:15:00,4,Collision with a fixed object,7,Saturday,173,RIGHT OFF CARRIAGEWAY INTO OBJECT/PARKED VEHICLE,3,249159,1,0,1,0,0,1,1,5,Not at intersection,2,60,Arterial Other
T20120005587,2012-01-21,17:39:00,1,Collision with vehicle,7,Saturday,140,U TURN,1,44318,2,0,0,2,0,2,1,2,T intersection,3,60,Arterial Other
T20120001566,2012-01-21,23:30:00,2,Struck Pedestrian,7,Saturday,102,FAR SIDE. PED HIT BY VEHICLE FROM THE LEFT,3,42027,1,0,1,0,1,2,1,2,T intersection,2,60,Arterial Other
T20120001562,2012-01-21,15:30:00,1,Collision with vehicle,7,Saturday,160,VEHICLE COLLIDES WITH VEHICLE PARKED ON LEFT OF ROAD,1,273406,3,0,0,1,1,2,1,5,Not at intersection,3,70,Arterial Other
T20120001561,2012-01-21,19:35:00,4,Collision with a fixed object,7,Saturday,171,LEFT OFF CARRIAGEWAY INTO OBJECT/PARKED VEHICLE,2,273405,1,0,1,1,0,2,1,5,Not at intersection,2,100,
T20120001559,2012-01-21,16:30:00,1,Collision with vehicle,7,Saturday,140,U TURN,1,273404,2,0,0,2,1,3,1,5,Not at intersection,3,60,Local Road
T20120001558,2012-01-21,19:00:00,1,Collision with vehicle,7,Saturday,110,CROSS TRAFFIC(INTERSECTIONS ONLY),1,70045,2,0,0,2,2,4,1,1,Cross intersection,3,50,Local Road
T20120001783,2012-01-21,12:00:00,1,Collision with vehicle,7,Saturday,163,VEHICLE STRIKES DOOR OF PARKED/STATIONARY VEHICLE,1,273408,2,0,0,1,1,2,2,5,Not at intersection,3,40,Local Road
T20120001555,2012-01-21,18:25:00,1,Collision with vehicle,7,Saturday,120,HEAD ON (NOT OVERTAKING),1,249152,3,0,0,1,3,4,1,5,Not at intersection,3,80,Arterial Other
T20120001553,2012-01-21,18:00:00,2,Struck Pedestrian,7,Saturday,100,PED NEAR SIDE. PED HIT BY VEHICLE FROM THE RIGHT.,1,37402,1,0,2,0,1,3,1,1,Cross intersection,2,60,Arterial Other
T20120001551,2012-01-21,15:10:00,4,Collision with a fixed object,7,Saturday,179,OTHER ACCIDENTS-OFF STRAIGHT NOT INCLUDED IN DCAs 170-175,1,273410,1,0,1,0,0,1,1,5,Not at intersection,2,60,Arterial Highway
T20120001549,2012-01-21,09:15:00,1,Collision with vehicle,7,Saturday,120,HEAD ON (NOT OVERTAKING),1,273413,2,2,1,0,0,3,1,5,Not at intersection,1,110,Freeway
T20120001955,2012-01-21,14:00:00,4,Collision with a fixed object,7,Saturday,181,OFF RIGHT BEND INTO OBJECT/PARKED VEHICLE,1,273409,1,0,0,2,1,3,2,5,Not at intersection,3,50,
T20120003106,2012-01-21,17:50:00,1,Collision with vehicle,7,Saturday,123,RIGHT/LEFT. ONE VEH TURNING RIGHT THE OTHER LEFT.,1,49243,2,0,0,1,1,2,2,4,Multiple intersection,3,80,Arterial Highway
T20120001542,2012-01-21,15:30:00,4,Collision with a fixed object,7,Saturday,183,OFF LEFT BEND INTO OBJECT/PARKED VEHICLE,1,249147,1,0,1,0,0,1,1,5,Not at intersection,2,100,
T20120001541,2012-01-21,12:00:00,4,Collision with a fixed object,7,Saturday,181,OFF RIGHT BEND INTO OBJECT/PARKED VEHICLE,1,256469,1,0,1,0,0,1,1,5,Not at intersection,2,100,Arterial Other
T20120001644,2012-01-21,17:50:00,1,Collision with vehicle,7,Saturday,140,U TURN,1,273398,2,0,1,1,3,5,1,4,Multiple intersection,2,80,Arterial Highway
T20120001538,2012-01-21,13:15:00,4,Collision with a fixed object,7,Saturday,173,RIGHT OFF CARRIAGEWAY INTO OBJECT/PARKED VEHICLE,1,249145,1,0,2,0,0,2,1,5,Not at intersection,2,50,Local Road
T20120001536,2012-01-21,11:20:00,4,Collision with a fixed object,7,Saturday,183,OFF LEFT BEND INTO OBJECT/PARKED VEHICLE,1,72797,1,0,1,1,0,2,1,2,T intersection,2,100,Arterial Other
T20120001509,2012-01-21,00:01:00,1,Collision with vehicle,7,Saturday,110,CROSS TRAFFIC(INTERSECTIONS ONLY),3,41499,2,0,1,0,4,5,1,1,Cross intersection,2,60,Local Road
T20120001532,2012-01-21,14:30:00,4,Collision with a fixed object,7,Saturday,173,RIGHT OFF CARRIAGEWAY INTO OBJECT/PARKED VEHICLE,1,249141,1,0,0,1,0,1,1,5,Not at intersection,3,80,Arterial Other
T20120019558,2012-01-21,15:00:00,7,Fall from or in moving vehicle,7,Saturday,174,OUT OF CONTROL ON CARRIAGEWAY (ON STRAIGHT),1,273412,1,0,0,1,0,1,2,5,Not at intersection,3,60,Local Road
T20120001529,2012-01-21,12:30:00,6,Vehicle overturned (no collision),7,Saturday,174,OUT OF CONTROL ON CARRIAGEWAY (ON STRAIGHT),1,252457,1,0,0,1,0,1,1,5,Not at intersection,3,100,Arterial Other
T20120001527,2012-01-21,12:30:00,8,No collision and no object struck,7,Saturday,174,OUT OF CONTROL ON CARRIAGEWAY (ON STRAIGHT),1,273399,1,0,1,0,0,1,1,5,Not at intersection,2,100,
T20120001523,2012-01-21,11:30:00,1,Collision with vehicle,7,Saturday,110,CROSS TRAFFIC(INTERSECTIONS ONLY),1,37419,2,0,0,1,1,2,2,1,Cross intersection,3,50,Local Road
T20120011492,2012-01-21,13:30:00,8,No collision and no object struck,7,Saturday,189,OTHER ACCIDENTS ON CURVE NOT INCLUDED IN DCAs 180-184,1,251916,1,0,0,1,0,1,2,5,Not at intersection,3,999,Local Road
T20120001771,2012-01-21,19:55:00,1,Collision with vehicle,7,Saturday,130,REAR END(VEHICLES IN SAME LANE),2,273407,2,0,0,1,1,2,1,5,Not at intersection,3,100,
T20120001515,2012-01-21,02:35:00,1,Collision with vehicle,7,Saturday,160,VEHICLE COLLIDES WITH VEHICLE PARKED ON LEFT OF ROAD,3,249101,2,0,0,4,0,4,1,5,Not at intersection,3,50,Local Road
T20120001543,2012-01-21,14:15:00,4,Collision with a fixed object,7,Saturday,181,OFF RIGHT BEND INTO OBJECT/PARKED VEHICLE,1,273411,1,0,1,0,0,1,1,5,Not at intersection,2,80,Arterial Other
T20120001597,2012-01-22,12:05:00,5,collision with some other object,1,Sunday,166,STRUCK OBJECT ON CARRIAGEWAY,1,273420,1,0,1,0,0,1,1,5,Not at intersection,2,100,Arterial Highway
T20120001592,2012-01-22,12:42:00,1,Collision with vehicle,1,Sunday,133,LANE SIDE SWIPE (VEHICLES IN PARALLEL LANES),1,273419,3,0,0,1,7,8,1,5,Not at intersection,3,80,Arterial Highway
T20120004440,2012-01-22,02:30:00,2,Struck Pedestrian,1,Sunday,106,VEH STRIKES PED ON FOOTPATH/MEDIAN/TRAFFIC ISLAND.,3,43057,1,0,1,0,1,2,1,1,Cross intersection,2,50,Local Road
T20120001587,2012-01-22,11:30:00,1,Collision with vehicle,1,Sunday,121,RIGHT THROUGH,1,44899,2,0,2,0,1,3,1,1,Cross intersection,2,70,Arterial Other
T20120001586,2012-01-22,10:40:00,1,Collision with vehicle,1,Sunday,137,LEFT TURN SIDESWIPE,1,50368,2,0,0,1,2,3,2,1,Cross intersection,3,50,Arterial Highway
T20120001584,2012-01-22,09:17:00,1,Collision with vehicle,1,Sunday,132,RIGHT REAR.,1,41846,2,0,1,0,2,3,2,2,T intersection,2,70,Arterial Other
T20120001864,2012-01-22,10:25:00,3,Struck animal,1,Sunday,167,STRUCK ANIMAL,1,273427,1,0,0,1,0,1,1,5,Not at intersection,3,100,Arterial Other
T20120001576,2012-01-22,05:15:00,4,Collision with a fixed object,1,Sunday,173,RIGHT OFF CARRIAGEWAY INTO OBJECT/PARKED VEHICLE,2,249160,1,0,0,1,0,1,1,5,Not at intersection,3,60,Arterial Other
T20120002435,2012-01-22,16:46:00,1,Collision with vehicle,1,Sunday,130,REAR END(VEHICLES IN SAME LANE),1,273428,3,0,2,1,6,9,1,5,Not at intersection,2,80,Local Road
T20120001642,2012-01-22,15:45:00,6,Vehicle overturned (no collision),1,Sunday,180,OFF CARRIAGEWAY ON RIGHT BEND,1,273418,1,0,1,0,0,1,1,5,Not at intersection,2,100,Arterial Other
T20120001641,2012-01-22,12:45:00,1,Collision with vehicle,1,Sunday,113,RIGHT NEAR (INTERSECTIONS ONLY),1,49523,2,0,1,3,2,6,1,1,Cross intersection,2,80,Local Road
T20120001668,2012-01-22,13:30:00,1,Collision with vehicle,1,Sunday,139,OTHER SAME DIRECTION-MANOUEVRES NOT INCLUDED IN DCAs 130-137,1,35849,2,0,0,1,1,2,2,4,Multiple intersection,3,60,Freeway
T20120003210,2012-01-22,18:55:00,1,Collision with vehicle,1,Sunday,132,RIGHT REAR.,1,38029,2,0,0,1,2,3,2,1,Cross intersection,3,60,Local Road
T20120001719,2012-01-22,12:30:00,1,Collision with vehicle,1,Sunday,135,LANE CHANGE LEFT (NOT OVERTAKING),1,273431,2,0,0,1,1,2,2,5,Not at intersection,3,60,Arterial Other
T20120014430,2012-01-22,13:00:00,1,Collision with vehicle,1,Sunday,132,RIGHT REAR.,1,44625,2,0,0,1,2,3,2,2,T intersection,3,60,Arterial Other
T20120002662,2012-01-22,12:15:00,1,Collision with vehicle,1,Sunday,121,RIGHT THROUGH,1,37452,3,0,0,1,2,3,2,1,Cross intersection,3,60,Local Road
T20120001632,2012-01-22,23:15:00,2,Struck Pedestrian,1,Sunday,109,ANY MANOEUVRE INVOLVING PED NOT INCLUDED IN DCAs 100-108.,3,46452,1,0,1,0,1,2,1,2,T intersection,2,60,Arterial Other
T20120001669,2012-01-22,17:30:00,6,Vehicle overturned (no collision),1,Sunday,180,OFF CARRIAGEWAY ON RIGHT BEND,1,249503,1,0,0,1,0,1,1,2,T intersection,3,100,Arterial Other
T20120001621,2012-01-22,20:29:00,1,Collision with vehicle,1,Sunday,130,REAR END(VEHICLES IN SAME LANE),1,42022,3,0,0,3,3,6,1,2,T intersection,3,60,Arterial Other
T20120002535,2012-01-22,04:00:00,2,Struck Pedestrian,1,Sunday,107,PED ON FOOTHPATH STRUCK BY VEHENTERING/LEAVING DRIVEWAY.,3,249366,1,0,0,2,0,2,1,5,Not at intersection,3,999,Local Road
T20120001620,2012-01-22,18:15:00,1,Collision with vehicle,1,Sunday,169,OTHER ON PATH,1,273417,2,0,1,0,0,1,2,5,Not at intersection,2,50,Local Road
T20120001619,2012-01-22,07:15:00,4,Collision with a fixed object,1,Sunday,171,LEFT OFF CARRIAGEWAY INTO OBJECT/PARKED VEHICLE,1,249052,1,0,0,1,0,1,1,5,Not at intersection,3,60,Arterial Other
T20120001618,2012-01-22,21:00:00,1,Collision with vehicle,1,Sunday,121,RIGHT THROUGH,2,52868,2,0,0,3,2,5,1,1,Cross intersection,3,50,Arterial Other
T20120001617,2012-01-22,17:40:00,8,No collision and no object struck,1,Sunday,172,OFF CARRIAGEWAY TO RIGHT,1,198250,1,0,0,1,0,1,1,5,Not at intersection,3,100,Freeway
T20120001615,2012-01-22,17:30:00,1,Collision with vehicle,1,Sunday,121,RIGHT THROUGH,1,43579,4,0,0,1,7,8,1,2,T intersection,3,80,Arterial Highway
T20120001591,2012-01-22,10:48:00,1,Collision with vehicle,1,Sunday,130,REAR END(VEHICLES IN SAME LANE),1,273430,2,0,1,0,1,2,1,5,Not at intersection,2,50,Arterial Other
T20120001614,2012-01-22,18:15:00,1,Collision with vehicle,1,Sunday,110,CROSS TRAFFIC(INTERSECTIONS ONLY),1,40374,3,0,1,1,1,3,1,1,Cross intersection,2,60,Arterial Other
T20120002730,2012-01-22,11:45:00,6,Vehicle overturned (no collision),1,Sunday,174,OUT OF CONTROL ON CARRIAGEWAY (ON STRAIGHT),1,235110,1,0,1,0,0,1,2,2,T intersection,2,60,Arterial Highway
T20120001611,2012-01-22,16:30:00,1,Collision with vehicle,1,Sunday,130,REAR END(VEHICLES IN SAME LANE),1,35627,3,0,0,1,4,5,1,1,Cross intersection,3,80,Arterial Other
T20120001608,2012-01-22,15:45:00,1,Collision with vehicle,1,Sunday,130,REAR END(VEHICLES IN SAME LANE),1,273421,2,0,0,3,5,8,1,5,Not at intersection,3,80,Arterial Highway
T20120001603,2012-01-22,15:30:00,8,No collision and no object struck,1,Sunday,184,OUT OF CONTROL ON CARRIAGEWAY (ON BEND),1,249639,1,0,1,0,0,1,1,2,T intersection,2,100,Arterial Other
T20120001602,2012-01-22,11:45:00,1,Collision with vehicle,1,Sunday,112,LEFT FAR (INTERSECTIONS ONLY),1,249813,2,0,3,0,1,4,1,2,T intersection,2,100,Arterial Highway
T20120002582,2012-01-22,15:30:00,5,collision with some other object,1,Sunday,166,STRUCK OBJECT ON CARRIAGEWAY,1,273429,1,0,0,1,0,1,2,5,Not at intersection,3,60,
T20120001656,2012-01-23,07:30:00,1,Collision with vehicle,2,Monday,113,RIGHT NEAR (INTERSECTIONS ONLY),1,237310,2,0,0,1,1,2,1,2,T intersection,3,100,
T20120001725,2012-01-23,16:15:00,6,Vehicle overturned (no collision),2,Monday,180,OFF CARRIAGEWAY ON RIGHT BEND,1,273437,1,0,1,0,0,1,1,5,Not at intersection,2,80,
T20120016020,2012-01-23,23:30:00,1,Collision with vehicle,2,Monday,160,VEHICLE COLLIDES WITH VEHICLE PARKED ON LEFT OF ROAD,6,273444,2,0,0,1,0,1,2,2,T intersection,3,60,Local Road
T20120001962,2012-01-23,19:45:00,1,Collision with vehicle,2,Monday,113,RIGHT NEAR (INTERSECTIONS ONLY),1,42579,2,0,1,0,1,2,1,2,T intersection,2,60,Arterial Other
T20120001786,2012-01-23,19:15:00,1,Collision with vehicle,2,Monday,130,REAR END(VEHICLES IN SAME LANE),2,273442,3,0,0,1,3,4,2,5,Not at intersection,3,60,Arterial Other
T20120001693,2012-01-23,13:50:00,1,Collision with vehicle,2,Monday,113,RIGHT NEAR (INTERSECTIONS ONLY),1,35563,2,0,0,2,1,3,1,2,T intersection,3,70,Arterial Other
T20120001765,2012-01-23,16:30:00,1,Collision with vehicle,2,Monday,135,LANE CHANGE LEFT (NOT OVERTAKING),1,273439,2,0,0,1,1,2,1,5,Not at intersection,3,100,Freeway
T20120001689,2012-01-23,13:31:00,2,Struck Pedestrian,2,Monday,100,PED NEAR SIDE. PED HIT BY VEHICLE FROM THE RIGHT.,1,42035,1,0,1,0,1,2,1,2,T intersection,2,60,Arterial Other
T20120001686,2012-01-23,12:52:00,1,Collision with vehicle,2,Monday,110,CROSS TRAFFIC(INTERSECTIONS ONLY),1,41182,2,0,1,0,1,2,1,1,Cross intersection,2,40,Arterial Other
T20120001716,2012-01-23,19:52:00,1,Collision with vehicle,2,Monday,131,LEFT REAR,3,273435,2,0,1,0,2,3,1,5,Not at intersection,2,60,Arterial Other
T20120001715,2012-01-23,06:10:00,1,Collision with vehicle,2,Monday,120,HEAD ON (NOT OVERTAKING),2,273434,2,0,1,0,1,2,1,5,Not at intersection,2,110,Freeway
T20120001713,2012-01-23,15:30:00,1,Collision with vehicle,2,Monday,130,REAR END(VEHICLES IN SAME LANE),1,249090,2,0,0,1,1,2,1,5,Not at intersection,3,80,Arterial Highway
T20120001712,2012-01-23,18:00:00,1,Collision with vehicle,2,Monday,121,RIGHT THROUGH,1,45237,2,0,0,1,2,3,1,1,Cross intersection,3,60,Arterial Other
T20120001884,2012-01-23,17:00:00,6,Vehicle overturned (no collision),2,Monday,174,OUT OF CONTROL ON CARRIAGEWAY (ON STRAIGHT),1,249224,1,0,0,1,0,1,2,5,Not at intersection,3,40,Arterial Other
T20120018097,2012-01-23,09:10:00,1,Collision with vehicle,2,Monday,121,RIGHT THROUGH,1,42110,2,0,0,1,1,2,2,1,Cross intersection,3,60,Arterial Other
T20120002191,2012-01-23,15:30:00,1,Collision with vehicle,2,Monday,110,CROSS TRAFFIC(INTERSECTIONS ONLY),1,45590,2,0,0,1,1,2,2,1,Cross intersection,3,50,Local Road
T20120001708,2012-01-23,17:20:00,1,Collision with vehicle,2,Monday,143,ENTERING PARKING,1,249087,2,0,0,1,1,2,2,5,Not at intersection,3,50,Local Road
T20120001679,2012-01-23,09:00:00,4,Collision with a fixed object,2,Monday,171,LEFT OFF CARRIAGEWAY INTO OBJECT/PARKED VEHICLE,1,249078,1,0,1,0,0,1,1,5,Not at intersection,2,100,Arterial Highway
T20120002110,2012-01-23,14:30:00,1,Collision with vehicle,2,Monday,130,REAR END(VEHICLES IN SAME LANE),1,44629,2,0,1,0,1,2,2,2,T intersection,2,60,Local Road
T20120001718,2012-01-23,18:25:00,1,Collision with vehicle,2,Monday,113,RIGHT NEAR (INTERSECTIONS ONLY),1,35487,2,0,1,0,1,2,1,1,Cross intersection,2,50,Local Road
T20120001670,2012-01-23,11:50:00,1,Collision with vehicle,2,Monday,121,RIGHT THROUGH,1,249073,2,0,1,0,1,2,1,5,Not at intersection,2,60,Arterial Highway
T20120001742,2012-01-23,17:08:00,1,Collision with vehicle,2,Monday,130,REAR END(VEHICLES IN SAME LANE),1,234894,2,0,1,0,1,2,1,2,T intersection,2,80,Arterial Other
T20120001740,2012-01-23,17:31:00,1,Collision with vehicle,2,Monday,130,REAR END(VEHICLES IN SAME LANE),1,45697,2,0,0,1,1,2,2,4,Multiple intersection,3,70,Freeway
T20120001710,2012-01-23,17:30:00,1,Collision with vehicle,2,Monday,130,REAR END(VEHICLES IN SAME LANE),1,273433,4,0,0,1,3,4,1,5,Not at intersection,3,80,Arterial Other
T20120001732,2012-01-23,22:45:00,4,Collision with a fixed object,2,Monday,173,RIGHT OFF CARRIAGEWAY INTO OBJECT/PARKED VEHICLE,5,273432,1,1,1,0,0,2,1,5,Not at intersection,1,60,
T20120001677,2012-01-23,05:50:00,4,Collision with a fixed object,2,Monday,173,RIGHT OFF CARRIAGEWAY INTO OBJECT/PARKED VEHICLE,2,248207,1,1,0,0,0,1,1,5,Not at intersection,1,70,Arterial Other
T20120001673,2012-01-23,12:05:00,1,Collision with vehicle,2,Monday,132,RIGHT REAR.,1,35596,2,0,0,2,2,4,1,1,Cross intersection,3,80,Arterial Highway
T20120001724,2012-01-23,18:40:00,1,Collision with vehicle,2,Monday,110,CROSS TRAFFIC(INTERSECTIONS ONLY),1,248177,2,0,0,2,1,3,1,1,Cross intersection,3,50,Local Road
T20120001709,2012-01-23,15:50:00,4,Collision with a fixed object,2,Monday,171,LEFT OFF CARRIAGEWAY INTO OBJECT/PARKED VEHICLE,1,249088,1,0,2,0,0,2,1,5,Not at intersection,2,60,Arterial Other
T20120001707,2012-01-23,17:30:00,1,Collision with vehicle,2,Monday,110,CROSS TRAFFIC(INTERSECTIONS ONLY),1,53112,3,0,0,5,0,5,1,1,Cross intersection,3,60,Local Road
T20120001700,2012-01-23,16:10:00,1,Collision with vehicle,2,Monday,113,RIGHT NEAR (INTERSECTIONS ONLY),1,51560,2,0,1,0,1,2,1,2,T intersection,2,60,Local Road
T20120001727,2012-01-23,22:00:00,1,Collision with vehicle,2,Monday,121,RIGHT THROUGH,3,44304,2,0,0,1,1,2,1,1,Cross intersection,3,70,Arterial Other
T20120001744,2012-01-23,16:40:00,1,Collision with vehicle,2,Monday,130,REAR END(VEHICLES IN SAME LANE),1,273438,3,0,0,1,2,3,1,5,Not at intersection,3,70,Freeway
T20120001782,2012-01-23,21:05:00,4,Collision with a fixed object,2,Monday,171,LEFT OFF CARRIAGEWAY INTO OBJECT/PARKED VEHICLE,5,273440,1,0,0,1,0,1,1,5,Not at intersection,3,100,Arterial Other
T20120006275,2012-01-23,18:00:00,6,Vehicle overturned (no collision),2,Monday,180,OFF CARRIAGEWAY ON RIGHT BEND,2,251319,1,0,0,1,1,2,2,5,Not at intersection,3,999,Local Road
T20120001849,2012-01-23,13:34:00,1,Collision with vehicle,1,Monday,110,CROSS TRAFFIC(INTERSECTIONS ONLY),1,278457,2,0,0,3,0,3,1,1,Cross intersection,3,50,Local Road
T20120001647,2012-01-23,08:10:00,1,Collision with vehicle,2,Monday,130,REAR END(VEHICLES IN SAME LANE),1,273443,3,0,0,1,2,3,1,5,Not at intersection,3,70,Non Arterial
T20120001797,2012-01-23,21:50:00,1,Collision with vehicle,2,Monday,133,LANE SIDE SWIPE (VEHICLES IN PARALLEL LANES),5,249191,2,0,0,1,1,2,1,5,Not at intersection,3,70,Arterial Other
T20120001795,2012-01-23,08:50:00,1,Collision with vehicle,2,Monday,130,REAR END(VEHICLES IN SAME LANE),1,38688,2,0,0,1,1,2,2,1,Cross intersection,3,999,Arterial Highway
T20120001665,2012-01-23,10:45:00,1,Collision with vehicle,2,Monday,135,LANE CHANGE LEFT (NOT OVERTAKING),1,57610,2,0,0,1,1,2,1,2,T intersection,3,60,Arterial Other
T20120001663,2012-01-23,11:50:00,8,No collision and no object struck,2,Monday,174,OUT OF CONTROL ON CARRIAGEWAY (ON STRAIGHT),1,249066,1,0,0,1,0,1,1,5,Not at intersection,3,30,Local Road
T20120001661,2012-01-23,07:15:00,1,Collision with vehicle,2,Monday,140,U TURN,1,43930,2,0,0,1,1,2,1,1,Cross intersection,3,80,Local Road
T20120003097,2012-01-24,14:20:00,1,Collision with vehicle,3,Tuesday,116,LEFT NEAR (INTERSECTIONS ONLY),1,67359,2,0,0,1,1,2,2,2,T intersection,3,999,Arterial Other
T20120001806,2012-01-24,00:00:00,5,collision with some other object,2,Tuesday,179,OTHER ACCIDENTS-OFF STRAIGHT NOT INCLUDED IN DCAs 170-175,9,278570,1,0,0,1,1,2,2,5,Not at intersection,3,999,
T20120003055,2012-01-24,19:00:00,6,Vehicle overturned (no collision),3,Tuesday,174,OUT OF CONTROL ON CARRIAGEWAY (ON STRAIGHT),1,250367,1,0,0,1,0,1,2,5,Not at intersection,3,100,
T20120001825,2012-01-24,18:34:00,2,Struck Pedestrian,3,Tuesday,109,ANY MANOEUVRE INVOLVING PED NOT INCLUDED IN DCAs 100-108.,1,249208,1,0,0,2,0,2,1,5,Not at intersection,3,50,Local Road
T20120001763,2012-01-24,08:30:00,1,Collision with vehicle,3,Tuesday,143,ENTERING PARKING,1,47658,2,0,0,1,2,3,2,2,T intersection,3,50,Local Road
T20120001826,2012-01-24,00:25:00,4,Collision with a fixed object,3,Tuesday,173,RIGHT OFF CARRIAGEWAY INTO OBJECT/PARKED VEHICLE,5,42433,1,0,1,0,0,1,1,2,T intersection,2,70,Arterial Other
T20120001760,2012-01-24,09:27:00,1,Collision with vehicle,3,Tuesday,135,LANE CHANGE LEFT (NOT OVERTAKING),1,273450,2,0,1,0,2,3,1,5,Not at intersection,2,80,Freeway
T20120001827,2012-01-24,14:49:00,1,Collision with vehicle,3,Tuesday,131,LEFT REAR,1,53760,2,0,0,1,1,2,1,4,Multiple intersection,3,50,Freeway
T20120001855,2012-01-24,11:20:00,1,Collision with vehicle,3,Tuesday,130,REAR END(VEHICLES IN SAME LANE),1,29673,2,0,0,1,2,3,2,1,Cross intersection,3,70,Arterial Other
T20120006987,2012-01-24,22:20:00,1,Collision with vehicle,3,Tuesday,113,RIGHT NEAR (INTERSECTIONS ONLY),3,54274,2,0,1,1,0,2,1,2,T intersection,2,70,Arterial Other
T20120002022,2012-01-24,15:50:00,1,Collision with vehicle,3,Tuesday,130,REAR END(VEHICLES IN SAME LANE),1,286218,2,0,0,1,1,2,2,2,T intersection,3,999,
T20120001830,2012-01-24,22:05:00,8,No collision and no object struck,3,Tuesday,174,OUT OF CONTROL ON CARRIAGEWAY (ON STRAIGHT),3,273445,1,1,0,0,0,1,1,5,Not at intersection,1,80,Arterial Other
T20120001735,2012-01-24,05:00:00,4,Collision with a fixed object,3,Tuesday,173,RIGHT OFF CARRIAGEWAY INTO OBJECT/PARKED VEHICLE,3,278497,1,0,0,1,0,1,1,2,T intersection,3,60,Local Road
T20120001734,2012-01-24,03:35:00,1,Collision with vehicle,3,Tuesday,130,REAR END(VEHICLES IN SAME LANE),3,46908,2,0,0,3,2,5,1,2,T intersection,3,70,Arterial Other
T20120013234,2012-01-24,15:30:00,1,Collision with vehicle,3,Tuesday,136,RIGHT TURN SIDESWIPE,1,253714,2,0,0,1,2,3,2,5,Not at intersection,3,100,Arterial Other
T20120001733,2012-01-24,02:00:00,4,Collision with a fixed object,3,Tuesday,171,LEFT OFF CARRIAGEWAY INTO OBJECT/PARKED VEHICLE,5,273459,1,0,0,1,0,1,1,5,Not at intersection,3,80,Local Road
T20120001787,2012-01-24,12:35:00,1,Collision with vehicle,3,Tuesday,147,VEHICLE STRIKES ANOTHER VEH WHILE EMERGING FROM DRIVEWAY,1,53793,2,0,1,0,2,3,1,2,T intersection,2,60,Arterial Other
T20120005461,2012-01-24,17:30:00,4,Collision with a fixed object,3,Tuesday,179,OTHER ACCIDENTS-OFF STRAIGHT NOT INCLUDED IN DCAs 170-175,1,44629,1,0,1,0,0,1,1,2,T intersection,2,50,Local Road
T20120001809,2012-01-24,17:40:00,1,Collision with vehicle,3,Tuesday,111,RIGHT FAR (INTERSECTIONS ONLY),1,43291,3,0,0,3,1,4,1,2,T intersection,3,70,
T20120001818,2012-01-24,18:10:00,1,Collision with vehicle,2,Tuesday,133,LANE SIDE SWIPE (VEHICLES IN PARALLEL LANES),1,29840,2,0,0,1,2,3,2,1,Cross intersection,3,40,Arterial Other