ACCIDENT_NO,ACCIDENT_DATE,ACCIDENT_TIME,ACCIDENT_TYPE,ACCIDENT_TYPE_DESC,DAY_OF_WEEK,DAY_WEEK_DESC,DCA_CODE,DCA_DESC,LIGHT_CONDITION,NODE_ID,NO_OF_VEHICLES,NO_PERSONS_KILLED,NO_PERSONS_INJ_2,NO_PERSONS_INJ_3,NO_PERSONS_NOT_INJ,NO_PERSONS,POLICE_ATTEND,ROAD_GEOMETRY,ROAD_GEOMETRY_DESC,SEVERITY,SPEED_ZONE,RMA
T20120001820,2012-01-24,18:03:00,4,Collision with a fixed object,3,Tuesday,171,LEFT OFF CARRIAGEWAY INTO OBJECT/PARKED VEHICLE,1,42905,1,0,0,1,0,1,1,5,Not at intersection,3,60,Local Road
T20120001759,2012-01-24,06:59:00,1,Collision with vehicle,3,Tuesday,133,LANE SIDE SWIPE (VEHICLES IN PARALLEL LANES),2,273447,2,0,0,1,1,2,1,5,Not at intersection,3,80,Freeway
T20120001750,2012-01-24,07:15:00,1,Collision with vehicle,3,Tuesday,160,VEHICLE COLLIDES WITH VEHICLE PARKED ON LEFT OF ROAD,1,273446,2,0,1,0,2,3,1,5,Not at intersection,2,60,Local Road
T20120001821,2012-01-24,16:15:00,1,Collision with vehicle,3,Tuesday,130,REAR END(VEHICLES IN SAME LANE),1,249205,3,0,0,2,6,8,1,5,Not at intersection,3,60,Local Road
T20120002337,2012-01-24,16:00:00,8,No collision and no object struck,3,Tuesday,174,OUT OF CONTROL ON CARRIAGEWAY (ON STRAIGHT),1,231,1,0,1,0,0,1,2,1,Cross intersection,2,40,Local Road
T20120001822,2012-01-24,17:40:00,1,Collision with vehicle,3,Tuesday,130,REAR END(VEHICLES IN SAME LANE),1,249206,3,0,0,3,1,4,1,5,Not at intersection,3,70,Arterial Other
T20120001748,2012-01-24,08:42:00,1,Collision with vehicle,3,Tuesday,131,LEFT REAR,1,39853,2,0,0,2,1,3,1,1,Cross intersection,3,70,Arterial Other
T20120001746,2012-01-24,08:10:00,1,Collision with vehicle,3,Tuesday,121,RIGHT THROUGH,1,249169,2,0,0,1,1,2,1,5,Not at intersection,3,60,Arterial Other
T20120003332,2012-01-24,18:45:00,1,Collision with vehicle,3,Tuesday,131,LEFT REAR,1,38901,2,0,0,2,1,3,2,2,T intersection,3,60,Arterial Other
T20120001743,2012-01-24,08:12:00,1,Collision with vehicle,2,Tuesday,137,LEFT TURN SIDESWIPE,1,354268,2,0,1,0,1,2,1,5,Not at intersection,2,40,Local Road
T20120001824,2012-01-24,19:40:00,1,Collision with vehicle,3,Tuesday,120,HEAD ON (NOT OVERTAKING),1,250020,2,0,1,0,2,3,1,2,T intersection,2,50,Local Road
T20120007387,2012-01-24,19:45:00,1,Collision with vehicle,3,Tuesday,130,REAR END(VEHICLES IN SAME LANE),1,250735,3,0,0,1,2,3,1,5,Not at intersection,3,80,Arterial Highway
T20120001883,2012-01-24,12:08:00,4,Collision with a fixed object,3,Tuesday,173,RIGHT OFF CARRIAGEWAY INTO OBJECT/PARKED VEHICLE,1,273454,1,0,1,1,0,2,1,5,Not at intersection,2,999,Local Road
T20120001781,2012-01-24,12:50:00,1,Collision with vehicle,2,Tuesday,132,RIGHT REAR.,1,49373,2,0,1,0,1,2,1,2,T intersection,2,90,Arterial Highway
T20120001840,2012-01-24,10:30:00,2,Struck Pedestrian,3,Tuesday,100,PED NEAR SIDE. PED HIT BY VEHICLE FROM THE RIGHT.,1,47266,1,0,0,1,2,3,1,1,Cross intersection,3,60,Arterial Other
T20120001843,2012-01-24,16:20:00,6,Vehicle overturned (no collision),3,Tuesday,182,OFF CARRIAGEWAY ON LEFT BEND,1,273456,1,0,1,1,0,2,1,5,Not at intersection,2,100,Arterial Other
T20120001847,2012-01-24,19:06:00,2,Struck Pedestrian,3,Tuesday,109,ANY MANOEUVRE INVOLVING PED NOT INCLUDED IN DCAs 100-108.,1,52706,1,1,0,0,0,1,1,2,T intersection,1,50,Arterial Other
T20120002705,2012-01-24,19:00:00,1,Collision with vehicle,3,Tuesday,121,RIGHT THROUGH,1,59054,2,0,0,1,1,2,2,2,T intersection,3,50,Local Road
T20120001793,2012-01-24,14:14:00,1,Collision with vehicle,3,Tuesday,132,RIGHT REAR.,1,249189,2,0,1,1,1,3,1,5,Not at intersection,2,60,Arterial Other
T20120002432,2012-01-24,11:00:00,2,Struck Pedestrian,3,Tuesday,109,ANY MANOEUVRE INVOLVING PED NOT INCLUDED IN DCAs 100-108.,1,249381,1,0,1,0,1,2,2,5,Not at intersection,2,60,Arterial Other
T20120001780,2012-01-24,12:35:00,1,Collision with vehicle,3,Tuesday,113,RIGHT NEAR (INTERSECTIONS ONLY),1,249181,2,0,0,1,1,2,1,2,T intersection,3,50,Local Road
T20120001852,2012-01-24,17:20:00,1,Collision with vehicle,3,Tuesday,130,REAR END(VEHICLES IN SAME LANE),1,52347,2,0,1,0,4,5,1,2,T intersection,2,100,Arterial Other
T20120001778,2012-01-24,07:00:00,1,Collision with vehicle,3,Tuesday,121,RIGHT THROUGH,1,40843,2,0,1,0,1,2,1,2,T intersection,2,50,Arterial Other
T20120001777,2012-01-24,11:44:00,1,Collision with vehicle,3,Tuesday,120,HEAD ON (NOT OVERTAKING),1,249180,2,0,0,4,1,5,1,2,T intersection,3,60,Local Road
T20120001772,2012-01-24,09:00:00,4,Collision with a fixed object,3,Tuesday,181,OFF RIGHT BEND INTO OBJECT/PARKED VEHICLE,1,273451,1,0,1,0,0,1,1,5,Not at intersection,2,100,Arterial Other
T20120014663,2012-01-24,23:30:00,4,Collision with a fixed object,3,Tuesday,171,LEFT OFF CARRIAGEWAY INTO OBJECT/PARKED VEHICLE,9,286164,1,0,0,1,0,1,2,2,T intersection,3,60,Local Road
T20120001804,2012-01-24,15:45:00,4,Collision with a fixed object,3,Tuesday,183,OFF LEFT BEND INTO OBJECT/PARKED VEHICLE,1,273455,1,0,1,1,0,2,1,5,Not at intersection,2,100,Arterial Highway
T20120001802,2012-01-24,16:50:00,2,Struck Pedestrian,3,Tuesday,100,PED NEAR SIDE. PED HIT BY VEHICLE FROM THE RIGHT.,1,45064,1,0,0,1,1,2,1,1,Cross intersection,3,60,Local Road
T20120001794,2012-01-24,09:45:00,4,Collision with a fixed object,3,Tuesday,181,OFF RIGHT BEND INTO OBJECT/PARKED VEHICLE,1,273457,1,0,0,1,0,1,1,5,Not at intersection,3,80,Arterial Highway
T20120001888,2012-01-25,11:10:00,8,No collision and no object struck,4,Wednesday,170,OFF CARRIAGEWAY TO LEFT,1,273465,1,0,0,1,0,1,1,5,Not at intersection,3,60,Arterial Other
T20120001873,2012-01-25,11:56:00,1,Collision with vehicle,4,Wednesday,121,RIGHT THROUGH,1,38692,2,0,0,1,2,3,1,2,T intersection,3,60,Arterial Other
T20120002367,2012-01-25,16:45:00,1,Collision with vehicle,4,Wednesday,111,RIGHT FAR (INTERSECTIONS ONLY),1,277150,3,0,2,1,1,4,1,1,Cross intersection,2,100,Local Road
T20120001837,2012-01-25,02:50:00,6,Vehicle overturned (no collision),4,Wednesday,174,OUT OF CONTROL ON CARRIAGEWAY (ON STRAIGHT),3,35309,1,0,1,3,1,5,1,2,T intersection,2,60,Arterial Highway
T20120003619,2012-01-25,21:15:00,1,Collision with vehicle,4,Wednesday,121,RIGHT THROUGH,3,37544,2,0,0,1,1,2,2,1,Cross intersection,3,40,Arterial Other
T20120002042,2012-01-25,13:45:00,2,Struck Pedestrian,4,Wednesday,100,PED NEAR SIDE. PED HIT BY VEHICLE FROM THE RIGHT.,1,65784,1,0,0,1,1,2,2,1,Cross intersection,3,40,Local Road
T20120001900,2012-01-25,17:00:00,1,Collision with vehicle,4,Wednesday,130,REAR END(VEHICLES IN SAME LANE),1,249229,3,0,0,1,2,3,2,5,Not at intersection,3,80,Freeway
T20120002118,2012-01-25,20:45:00,2,Struck Pedestrian,4,Wednesday,100,PED NEAR SIDE. PED HIT BY VEHICLE FROM THE RIGHT.,2,273468,1,0,0,1,1,2,2,5,Not at intersection,3,50,Local Road
T20120002348,2012-01-25,15:00:00,1,Collision with vehicle,4,Wednesday,130,REAR END(VEHICLES IN SAME LANE),1,273464,2,0,0,1,1,2,2,5,Not at intersection,3,80,Local Road
T20120001916,2012-01-25,18:25:00,1,Collision with vehicle,4,Wednesday,130,REAR END(VEHICLES IN SAME LANE),1,4801,3,0,0,1,2,3,1,5,Not at intersection,3,80,Arterial Highway
T20120001956,2012-01-25,16:10:00,1,Collision with vehicle,4,Wednesday,110,CROSS TRAFFIC(INTERSECTIONS ONLY),1,54590,2,0,0,1,1,2,2,1,Cross intersection,3,60,Arterial Highway
T20120001906,2012-01-25,16:30:00,4,Collision with a fixed object,4,Wednesday,171,LEFT OFF CARRIAGEWAY INTO OBJECT/PARKED VEHICLE,1,41494,1,0,1,0,0,1,1,2,T intersection,2,60,Arterial Other
T20120001910,2012-01-25,18:30:00,1,Collision with vehicle,4,Wednesday,130,REAR END(VEHICLES IN SAME LANE),1,191902,4,0,0,1,4,5,1,5,Not at intersection,3,80,Arterial Highway
T20120001851,2012-01-25,08:25:00,1,Collision with vehicle,4,Wednesday,121,RIGHT THROUGH,1,40712,2,0,0,1,1,2,1,1,Cross intersection,3,60,Arterial Other
T20120001921,2012-01-25,18:15:00,1,Collision with vehicle,4,Wednesday,130,REAR END(VEHICLES IN SAME LANE),1,273462,5,0,0,2,4,6,1,5,Not at intersection,3,100,Arterial Highway
T20120001925,2012-01-25,19:28:00,1,Collision with vehicle,4,Wednesday,121,RIGHT THROUGH,1,249238,2,0,0,1,1,2,1,5,Not at intersection,3,50,Local Road
T20120001928,2012-01-25,21:40:00,1,Collision with vehicle,3,Wednesday,121,RIGHT THROUGH,3,354269,2,0,1,0,1,2,1,2,T intersection,2,60,Local Road
T20120001930,2012-01-25,22:00:00,6,Vehicle overturned (no collision),4,Wednesday,174,OUT OF CONTROL ON CARRIAGEWAY (ON STRAIGHT),3,36519,1,0,0,1,0,1,1,1,Cross intersection,3,999,Arterial Other
T20120001860,2012-01-25,09:05:00,4,Collision with a fixed object,4,Wednesday,173,RIGHT OFF CARRIAGEWAY INTO OBJECT/PARKED VEHICLE,1,55588,1,0,0,1,0,1,1,2,T intersection,3,70,Arterial Other
T20120001965,2012-01-25,18:15:00,1,Collision with vehicle,4,Wednesday,160,VEHICLE COLLIDES WITH VEHICLE PARKED ON LEFT OF ROAD,1,252962,2,0,0,1,0,1,1,5,Not at intersection,3,50,Local Road
T20120002326,2012-01-25,19:15:00,1,Collision with vehicle,4,Wednesday,130,REAR END(VEHICLES IN SAME LANE),1,250023,2,0,0,1,1,2,2,5,Not at intersection,3,60,Arterial Highway
T20120001898,2012-01-25,16:10:00,1,Collision with vehicle,4,Wednesday,150,HEAD ON(OVERTAKING),1,251971,4,0,2,0,2,4,1,5,Not at intersection,2,60,Local Road
T20120001932,2012-01-25,18:25:00,1,Collision with vehicle,4,Wednesday,120,HEAD ON (NOT OVERTAKING),1,273463,3,0,0,1,4,5,1,5,Not at intersection,3,60,Local Road
T20120001865,2012-01-25,09:45:00,1,Collision with vehicle,4,Wednesday,110,CROSS TRAFFIC(INTERSECTIONS ONLY),1,1264,2,0,0,2,1,3,1,1,Cross intersection,3,60,Local Road
T20120001960,2012-01-25,17:00:00,1,Collision with vehicle,4,Wednesday,110,CROSS TRAFFIC(INTERSECTIONS ONLY),1,47426,2,0,0,1,2,3,1,1,Cross intersection,3,50,Arterial Highway
T20120001872,2012-01-25,08:45:00,1,Collision with vehicle,3,Wednesday,121,RIGHT THROUGH,1,51633,2,0,1,0,2,3,1,1,Cross intersection,2,60,Arterial Highway
T20120001879,2012-01-25,11:40:00,1,Collision with vehicle,4,Wednesday,110,CROSS TRAFFIC(INTERSECTIONS ONLY),1,35469,3,0,1,0,2,3,1,1,Cross intersection,2,70,Arterial Other
T20120001934,2012-01-25,22:15:00,1,Collision with vehicle,4,Wednesday,121,RIGHT THROUGH,3,57391,2,0,0,3,1,4,1,1,Cross intersection,3,60,Arterial Other
T20120001876,2012-01-25,07:10:00,4,Collision with a fixed object,4,Wednesday,173,RIGHT OFF CARRIAGEWAY INTO OBJECT/PARKED VEHICLE,1,273467,1,0,1,0,0,1,1,5,Not at intersection,2,100,
T20120001894,2012-01-25,08:30:00,4,Collision with a fixed object,4,Wednesday,181,OFF RIGHT BEND INTO OBJECT/PARKED VEHICLE,1,273466,1,0,1,0,0,1,1,5,Not at intersection,2,100,Local Road
T20120001935,2012-01-25,23:15:00,4,Collision with a fixed object,4,Wednesday,171,LEFT OFF CARRIAGEWAY INTO OBJECT/PARKED VEHICLE,3,249244,1,0,0,1,0,1,1,2,T intersection,3,50,Local Road
T20120001891,2012-01-25,16:25:00,1,Collision with vehicle,4,Wednesday,121,RIGHT THROUGH,1,470,2,0,1,0,1,2,1,1,Cross intersection,2,50,Local Road
T20120001853,2012-01-25,08:40:00,1,Collision with vehicle,4,Wednesday,113,RIGHT NEAR (INTERSECTIONS ONLY),1,41088,2,0,0,1,1,2,1,2,T intersection,3,60,Local Road
T20120001833,2012-01-25,01:20:00,1,Collision with vehicle,4,Wednesday,121,RIGHT THROUGH,3,37448,2,0,0,1,2,3,1,1,Cross intersection,3,50,Local Road
T20120001870,2012-01-25,08:55:00,6,Vehicle overturned (no collision),4,Wednesday,174,OUT OF CONTROL ON CARRIAGEWAY (ON STRAIGHT),1,119,1,0,1,0,0,1,1,1,Cross intersection,2,60,Arterial Other
T20120001944,2012-01-26,06:07:00,2,Struck Pedestrian,5,Thursday,102,FAR SIDE. PED HIT BY VEHICLE FROM THE LEFT,2,125141,1,0,1,0,1,2,1,5,Not at intersection,2,50,Arterial Other
T20120001948,2012-01-26,09:20:00,1,Collision with vehicle,5,Thursday,121,RIGHT THROUGH,1,29983,2,0,1,1,0,2,1,1,Cross intersection,2,60,Arterial Highway
T20120001942,2012-01-26,05:50:00,1,Collision with vehicle,5,Thursday,120,HEAD ON (NOT OVERTAKING),5,273483,2,0,1,0,1,2,1,5,Not at intersection,2,70,Arterial Other
T20120001951,2012-01-26,08:45:00,1,Collision with vehicle,5,Thursday,130,REAR END(VEHICLES IN SAME LANE),1,54262,3,0,0,2,1,3,1,2,T intersection,3,80,Freeway
T20120002008,2012-01-26,22:20:00,1,Collision with vehicle,4,Thursday,130,REAR END(VEHICLES IN SAME LANE),3,273470,3,0,0,5,4,9,1,5,Not at intersection,3,70,Arterial Other
T20120001952,2012-01-26,07:35:00,8,No collision and no object struck,5,Thursday,174,OUT OF CONTROL ON CARRIAGEWAY (ON STRAIGHT),1,40894,2,0,0,2,0,2,2,1,Cross intersection,3,80,Arterial Other
T20120001954,2012-01-26,12:20:00,1,Collision with vehicle,5,Thursday,116,LEFT NEAR (INTERSECTIONS ONLY),1,69667,2,0,0,1,1,2,1,2,T intersection,3,60,Arterial Other
T20120002468,2012-01-26,17:00:00,8,No collision and no object struck,5,Thursday,174,OUT OF CONTROL ON CARRIAGEWAY (ON STRAIGHT),1,71947,1,0,0,1,1,2,2,1,Cross intersection,3,50,Local Road
T20120001967,2012-01-26,06:26:00,4,Collision with a fixed object,5,Thursday,171,LEFT OFF CARRIAGEWAY INTO OBJECT/PARKED VEHICLE,2,123306,2,1,0,0,1,2,1,5,Not at intersection,1,80,Arterial Highway
T20120001969,2012-01-26,13:30:00,6,Vehicle overturned (no collision),5,Thursday,174,OUT OF CONTROL ON CARRIAGEWAY (ON STRAIGHT),1,273490,1,0,1,0,0,1,1,5,Not at intersection,2,100,
T20120001971,2012-01-26,14:00:00,1,Collision with vehicle,5,Thursday,153,CUTTING IN (OVERTAKING),1,354267,2,0,1,1,5,7,1,5,Not at intersection,2,100,Freeway
T20120001975,2012-01-26,14:20:00,6,Vehicle overturned (no collision),5,Thursday,170,OFF CARRIAGEWAY TO LEFT,1,63084,1,0,0,1,0,1,1,1,Cross intersection,3,50,Local Road
T20120001978,2012-01-26,16:45:00,4,Collision with a fixed object,5,Thursday,173,RIGHT OFF CARRIAGEWAY INTO OBJECT/PARKED VEHICLE,1,249186,1,0,1,0,0,1,1,5,Not at intersection,2,100,Arterial Other
T20120001980,2012-01-26,17:10:00,2,Struck Pedestrian,5,Thursday,100,PED NEAR SIDE. PED HIT BY VEHICLE FROM THE RIGHT.,1,249187,1,0,0,1,1,2,1,5,Not at intersection,3,60,Arterial Other
T20120001981,2012-01-26,16:33:00,1,Collision with vehicle,5,Thursday,113,RIGHT NEAR (INTERSECTIONS ONLY),1,36242,2,0,1,0,1,2,1,2,T intersection,2,50,Local Road
T20120001984,2012-01-26,17:00:00,4,Collision with a fixed object,5,Thursday,181,OFF RIGHT BEND INTO OBJECT/PARKED VEHICLE,1,273480,1,0,0,1,1,2,1,5,Not at intersection,3,100,Arterial Highway
T20120001985,2012-01-26,18:45:00,2,Struck Pedestrian,5,Thursday,100,PED NEAR SIDE. PED HIT BY VEHICLE FROM THE RIGHT.,1,250739,1,0,1,0,1,2,1,5,Not at intersection,2,50,Local Road
T20120001989,2012-01-26,18:00:00,1,Collision with vehicle,5,Thursday,143,ENTERING PARKING,1,249190,2,0,0,1,1,2,2,5,Not at intersection,3,50,Local Road
T20120002102,2012-01-26,09:55:00,4,Collision with a fixed object,5,Thursday,173,RIGHT OFF CARRIAGEWAY INTO OBJECT/PARKED VEHICLE,1,273486,1,0,1,0,0,1,1,5,Not at intersection,2,70,Arterial Other
T20120001991,2012-01-26,16:00:00,1,Collision with vehicle,5,Thursday,131,LEFT REAR,1,10592,2,0,0,1,1,2,2,1,Cross intersection,3,80,Arterial Highway
T20120001994,2012-01-26,17:35:00,2,Struck Pedestrian,5,Thursday,109,ANY MANOEUVRE INVOLVING PED NOT INCLUDED IN DCAs 100-108.,1,35468,1,0,0,1,4,5,1,2,T intersection,3,60,Arterial Other
T20120001995,2012-01-26,15:00:00,1,Collision with vehicle,5,Thursday,135,LANE CHANGE LEFT (NOT OVERTAKING),1,273482,2,0,0,1,1,2,2,5,Not at intersection,3,60,
T20120001998,2012-01-26,20:30:00,4,Collision with a fixed object,5,Thursday,181,OFF RIGHT BEND INTO OBJECT/PARKED VEHICLE,2,273469,1,0,0,1,0,1,1,5,Not at intersection,3,100,
T20120001999,2012-01-26,23:00:00,1,Collision with vehicle,5,Thursday,130,REAR END(VEHICLES IN SAME LANE),5,273489,2,0,0,2,1,3,1,5,Not at intersection,3,80,Freeway
T20120002002,2012-01-26,21:43:00,1,Collision with vehicle,5,Thursday,121,RIGHT THROUGH,3,226265,2,0,1,1,4,6,1,4,Multiple intersection,2,80,Arterial Highway
T20120003938,2012-01-26,17:30:00,1,Collision with vehicle,5,Thursday,130,REAR END(VEHICLES IN SAME LANE),1,273485,2,0,0,1,2,3,1,5,Not at intersection,3,60,Arterial Other
T20120006474,2012-01-26,16:30:00,8,No collision and no object struck,5,Thursday,174,OUT OF CONTROL ON CARRIAGEWAY (ON STRAIGHT),1,45542,1,0,0,1,0,1,2,2,T intersection,3,60,Arterial Other
T20120005022,2012-01-26,16:40:00,1,Collision with vehicle,5,Thursday,110,CROSS TRAFFIC(INTERSECTIONS ONLY),1,29374,2,0,0,1,1,2,1,1,Cross intersection,3,60,Arterial Other
T20120001996,2012-01-26,16:16:00,1,Collision with vehicle,5,Thursday,169,OTHER ON PATH,1,249193,2,0,0,1,1,2,1,5,Not at intersection,3,40,Arterial Other
T20120002125,2012-01-26,15:15:00,8,No collision and no object struck,5,Thursday,174,OUT OF CONTROL ON CARRIAGEWAY (ON STRAIGHT),1,249260,2,0,0,2,1,3,2,2,T intersection,3,100,
T20120002123,2012-01-26,08:00:00,8,No collision and no object struck,5,Thursday,184,OUT OF CONTROL ON CARRIAGEWAY (ON BEND),1,273479,1,0,0,1,0,1,2,5,Not at intersection,3,80,Arterial Other
T20120002120,2012-01-26,21:00:00,6,Vehicle overturned (no collision),5,Thursday,174,OUT OF CONTROL ON CARRIAGEWAY (ON STRAIGHT),3,40111,2,0,0,1,1,2,2,2,T intersection,3,50,Local Road
T20120002038,2012-01-26,18:45:00,1,Collision with vehicle,5,Thursday,160,VEHICLE COLLIDES WITH VEHICLE PARKED ON LEFT OF ROAD,1,249207,2,0,1,0,1,2,1,5,Not at intersection,2,50,Local Road
T20120002037,2012-01-26,09:12:00,4,Collision with a fixed object,5,Thursday,171,LEFT OFF CARRIAGEWAY INTO OBJECT/PARKED VEHICLE,1,44133,1,0,1,0,0,1,1,2,T intersection,2,40,Local Road
T20120002015,2012-01-26,23:00:00,1,Collision with vehicle,5,Thursday,121,RIGHT THROUGH,3,45151,2,0,0,1,1,2,1,1,Cross intersection,3,60,Arterial Other
T20120002013,2012-01-26,23:00:00,4,Collision with a fixed object,5,Thursday,173,RIGHT OFF CARRIAGEWAY INTO OBJECT/PARKED VEHICLE,3,273487,1,1,1,1,0,3,1,5,Not at intersection,1,70,Arterial Other
T20120002373,2012-01-26,11:30:00,8,No collision and no object struck,5,Thursday,184,OUT OF CONTROL ON CARRIAGEWAY (ON BEND),1,277403,1,0,0,1,0,1,2,5,Not at intersection,3,999,Local Road
T20120004906,2012-01-26,12:15:00,2,Struck Pedestrian,5,Thursday,102,FAR SIDE. PED HIT BY VEHICLE FROM THE LEFT,1,250063,1,0,0,1,1,2,2,5,Not at intersection,3,50,Local Road
T20120002206,2012-01-26,11:45:00,1,Collision with vehicle,5,Thursday,137,LEFT TURN SIDESWIPE,1,1053,2,0,0,1,2,3,1,2,T intersection,3,60,Arterial Highway
T20120002189,2012-01-26,07:20:00,1,Collision with vehicle,5,Thursday,136,RIGHT TURN SIDESWIPE,1,44816,2,0,0,1,1,2,2,2,T intersection,3,70,Arterial Other
T20120002185,2012-01-26,22:15:00,3,Struck animal,5,Thursday,167,STRUCK ANIMAL,5,249275,1,0,0,1,2,3,1,5,Not at intersection,3,100,Arterial Highway
T20120002182,2012-01-26,07:30:00,1,Collision with vehicle,5,Thursday,113,RIGHT NEAR (INTERSECTIONS ONLY),1,40020,2,0,0,2,0,2,2,2,T intersection,3,60,Local Road
T20120002073,2012-01-27,18:42:00,1,Collision with vehicle,6,Friday,163,VEHICLE STRIKES DOOR OF PARKED/STATIONARY VEHICLE,1,273496,2,0,0,1,1,2,1,5,Not at intersection,3,50,Local Road
T20120002074,2012-01-27,18:10:00,2,Struck Pedestrian,6,Friday,100,PED NEAR SIDE. PED HIT BY VEHICLE FROM THE RIGHT.,1,206444,1,0,0,1,2,3,1,5,Not at intersection,3,60,Local Road
T20120002066,2012-01-27,14:55:00,4,Collision with a fixed object,6,Friday,173,RIGHT OFF CARRIAGEWAY INTO OBJECT/PARKED VEHICLE,1,273495,1,0,0,1,0,1,1,5,Not at intersection,3,80,Arterial Highway
T20120002067,2012-01-27,16:04:00,1,Collision with vehicle,6,Friday,121,RIGHT THROUGH,1,249214,2,0,1,1,0,2,1,2,T intersection,2,80,Arterial Highway
T20120002116,2012-01-27,17:50:00,1,Collision with vehicle,6,Friday,163,VEHICLE STRIKES DOOR OF PARKED/STATIONARY VEHICLE,1,36968,2,0,0,1,2,3,2,1,Cross intersection,3,999,Local Road
T20120002983,2012-01-27,13:00:00,8,No collision and no object struck,6,Friday,179,OTHER ACCIDENTS-OFF STRAIGHT NOT INCLUDED IN DCAs 170-175,1,56970,1,0,0,1,0,1,2,2,T intersection,3,999,Local Road
T20120002068,2012-01-27,16:28:00,1,Collision with vehicle,6,Friday,121,RIGHT THROUGH,1,41389,3,0,0,1,4,5,1,2,T intersection,3,60,Arterial Highway
T20120002096,2012-01-27,23:14:00,1,Collision with vehicle,6,Friday,110,CROSS TRAFFIC(INTERSECTIONS ONLY),3,38320,2,0,2,1,1,4,1,1,Cross intersection,2,70,Arterial Other
T20120002059,2012-01-27,11:15:00,6,Vehicle overturned (no collision),6,Friday,172,OFF CARRIAGEWAY TO RIGHT,1,250022,1,0,0,2,0,2,1,5,Not at intersection,3,100,Arterial Other
T20120002056,2012-01-27,09:00:00,1,Collision with vehicle,6,Friday,147,VEHICLE STRIKES ANOTHER VEH WHILE EMERGING FROM DRIVEWAY,1,273494,3,0,0,1,1,2,1,5,Not at intersection,3,60,Local Road
T20120004394,2012-01-27,07:30:00,6,Vehicle overturned (no collision),6,Friday,182,OFF CARRIAGEWAY ON LEFT BEND,1,249955,1,0,0,1,0,1,2,5,Not at intersection,3,80,Local Road
T20120002051,2012-01-27,11:12:00,4,Collision with a fixed object,6,Friday,171,LEFT OFF CARRIAGEWAY INTO OBJECT/PARKED VEHICLE,1,43391,1,0,0,1,0,1,1,2,T intersection,3,50,Local Road
T20120002605,2012-01-27,10:30:00,2,Struck Pedestrian,6,Friday,101,PED EMERGES FROM IN FRONT OF PARKED OR STATIONARY VEHICLE,1,250757,1,0,1,0,1,2,2,5,Not at intersection,2,50,Local Road
T20120002050,2012-01-27,11:40:00,4,Collision with a fixed object,6,Friday,173,RIGHT OFF CARRIAGEWAY INTO OBJECT/PARKED VEHICLE,1,249210,1,0,0,2,0,2,1,2,T intersection,3,50,Local Road
T20120002048,2012-01-27,12:00:00,4,Collision with a fixed object,6,Friday,171,LEFT OFF CARRIAGEWAY INTO OBJECT/PARKED VEHICLE,1,273503,1,0,0,1,0,1,1,5,Not at intersection,3,100,Local Road
T20120002046,2012-01-27,12:00:00,4,Collision with a fixed object,6,Friday,179,OTHER ACCIDENTS-OFF STRAIGHT NOT INCLUDED IN DCAs 170-175,1,249209,1,0,1,0,0,1,1,2,T intersection,2,100,Local Road
T20120002043,2012-01-27,11:20:00,1,Collision with vehicle,6,Friday,130,REAR END(VEHICLES IN SAME LANE),1,252842,2,0,0,1,1,2,1,1,Cross intersection,3,80,Arterial Highway
T20120002003,2012-01-27,00:05:00,1,Collision with vehicle,6,Friday,130,REAR END(VEHICLES IN SAME LANE),3,249196,3,0,1,1,3,5,1,5,Not at intersection,2,60,Arterial Other
T20120002034,2012-01-27,09:05:00,1,Collision with vehicle,6,Friday,113,RIGHT NEAR (INTERSECTIONS ONLY),1,37637,2,0,0,2,0,2,1,2,T intersection,3,60,Arterial Other
T20120002032,2012-01-27,10:00:00,4,Collision with a fixed object,6,Friday,171,LEFT OFF CARRIAGEWAY INTO OBJECT/PARKED VEHICLE,1,249202,1,0,1,0,0,1,1,5,Not at intersection,2,50,Local Road
T20120002108,2012-01-27,15:50:00,1,Collision with vehicle,6,Friday,130,REAR END(VEHICLES IN SAME LANE),1,239358,3,0,0,1,2,3,1,5,Not at intersection,3,80,Freeway
T20120002025,2012-01-27,09:00:00,4,Collision with a fixed object,6,Friday,171,LEFT OFF CARRIAGEWAY INTO OBJECT/PARKED VEHICLE,1,273493,1,0,0,1,0,1,1,5,Not at intersection,3,100,Local Road
T20120002018,2012-01-27,07:40:00,2,Struck Pedestrian,6,Friday,102,FAR SIDE. PED HIT BY VEHICLE FROM THE LEFT,1,42404,1,0,0,1,1,2,1,1,Cross intersection,3,50,Arterial Other
T20120002060,2012-01-27,13:29:00,4,Collision with a fixed object,6,Friday,171,LEFT OFF CARRIAGEWAY INTO OBJECT/PARKED VEHICLE,1,63991,1,1,0,0,0,1,1,2,T intersection,1,50,Local Road
T20120002524,2012-01-27,15:45:00,1,Collision with vehicle,6,Friday,130,REAR END(VEHICLES IN SAME LANE),1,273502,2,0,0,1,1,2,2,5,Not at intersection,3,100,Freeway