ACCIDENT_NO,ACCIDENT_DATE,ACCIDENT_TIME,ACCIDENT_TYPE,ACCIDENT_TYPE_DESC,DAY_OF_WEEK,DAY_WEEK_DESC,DCA_CODE,DCA_DESC,LIGHT_CONDITION,NODE_ID,NO_OF_VEHICLES,NO_PERSONS_KILLED,NO_PERSONS_INJ_2,NO_PERSONS_INJ_3,NO_PERSONS_NOT_INJ,NO_PERSONS,POLICE_ATTEND,ROAD_GEOMETRY,ROAD_GEOMETRY_DESC,SEVERITY,SPEED_ZONE,RMA
T20120002012,2012-01-27,04:45:00,1,Collision with vehicle,6,Friday,160,VEHICLE COLLIDES WITH VEHICLE PARKED ON LEFT OF ROAD,3,250445,2,0,1,0,0,1,1,5,Not at intersection,2,50,Local Road
T20120002083,2012-01-27,17:15:00,1,Collision with vehicle,6,Friday,121,RIGHT THROUGH,1,43282,2,0,0,3,1,4,1,1,Cross intersection,3,60,Arterial Other
T20120002082,2012-01-27,16:45:00,1,Collision with vehicle,6,Friday,130,REAR END(VEHICLES IN SAME LANE),1,50178,3,0,0,3,2,5,1,1,Cross intersection,3,60,Arterial Other
T20120002079,2012-01-27,18:40:00,1,Collision with vehicle,6,Friday,120,HEAD ON (NOT OVERTAKING),1,273497,2,0,0,2,0,2,1,5,Not at intersection,3,100,Arterial Other
T20120002076,2012-01-27,16:00:00,1,Collision with vehicle,6,Friday,116,LEFT NEAR (INTERSECTIONS ONLY),1,295475,2,0,0,1,1,2,1,4,Multiple intersection,3,80,Arterial Highway
T20120002011,2012-01-27,04:00:00,4,Collision with a fixed object,6,Friday,173,RIGHT OFF CARRIAGEWAY INTO OBJECT/PARKED VEHICLE,5,273491,1,0,1,0,0,1,1,4,Multiple intersection,2,80,Arterial Other
T20120002061,2012-01-27,15:00:00,1,Collision with vehicle,6,Friday,113,RIGHT NEAR (INTERSECTIONS ONLY),1,70728,2,0,0,2,2,4,1,2,T intersection,3,80,Arterial Highway
T20120002170,2012-01-27,08:50:00,1,Collision with vehicle,6,Friday,130,REAR END(VEHICLES IN SAME LANE),1,52744,3,0,0,1,2,3,2,1,Cross intersection,3,60,Local Road
T20120002090,2012-01-27,22:57:00,4,Collision with a fixed object,6,Friday,171,LEFT OFF CARRIAGEWAY INTO OBJECT/PARKED VEHICLE,5,250097,1,0,0,1,0,1,1,5,Not at intersection,3,100,Local Road
T20120006136,2012-01-27,16:15:00,1,Collision with vehicle,5,Friday,131,LEFT REAR,1,29743,2,0,0,1,1,2,2,1,Cross intersection,3,60,Arterial Highway
T20120002084,2012-01-27,10:00:00,8,No collision and no object struck,5,Friday,184,OUT OF CONTROL ON CARRIAGEWAY (ON BEND),1,279135,1,0,0,1,0,1,2,4,Multiple intersection,3,999,Freeway
T20120002134,2012-01-27,16:40:00,1,Collision with vehicle,6,Friday,140,U TURN,1,249265,2,0,1,0,1,2,1,5,Not at intersection,2,60,Arterial Other
T20120002119,2012-01-27,16:55:00,1,Collision with vehicle,6,Friday,130,REAR END(VEHICLES IN SAME LANE),1,35437,4,0,0,3,1,4,1,2,T intersection,3,80,Arterial Highway
T20120003375,2012-01-27,21:05:00,1,Collision with vehicle,6,Friday,110,CROSS TRAFFIC(INTERSECTIONS ONLY),3,35836,2,0,0,3,0,3,1,1,Cross intersection,3,100,
T20120002146,2012-01-27,22:20:00,1,Collision with vehicle,6,Friday,121,RIGHT THROUGH,3,35558,2,0,1,2,1,4,1,1,Cross intersection,2,70,Arterial Highway
T20120002126,2012-01-28,12:00:00,5,collision with some other object,7,Saturday,166,STRUCK OBJECT ON CARRIAGEWAY,1,-10,1,0,1,0,0,1,1,5,Not at intersection,2,999,
T20120002138,2012-01-28,17:14:00,1,Collision with vehicle,7,Saturday,132,RIGHT REAR.,1,61330,3,0,1,1,2,4,1,2,T intersection,2,60,Arterial Other
T20120002124,2012-01-28,11:00:00,8,No collision and no object struck,7,Saturday,184,OUT OF CONTROL ON CARRIAGEWAY (ON BEND),1,249259,1,0,1,0,0,1,1,5,Not at intersection,2,100,Arterial Highway
T20120002139,2012-01-28,17:10:00,1,Collision with vehicle,7,Saturday,160,VEHICLE COLLIDES WITH VEHICLE PARKED ON LEFT OF ROAD,1,252355,2,0,0,1,0,1,1,5,Not at intersection,3,70,Arterial Highway
T20120002141,2012-01-28,16:56:00,1,Collision with vehicle,7,Saturday,140,U TURN,1,249269,2,0,0,1,1,2,1,5,Not at intersection,3,60,Local Road
T20120002097,2012-01-28,00:15:00,1,Collision with vehicle,7,Saturday,133,LANE SIDE SWIPE (VEHICLES IN PARALLEL LANES),3,249240,2,0,1,0,3,4,1,5,Not at intersection,2,80,Arterial Highway
T20120002142,2012-01-28,16:30:00,1,Collision with vehicle,7,Saturday,120,HEAD ON (NOT OVERTAKING),1,249297,4,0,0,2,3,5,1,5,Not at intersection,3,60,
T20120002106,2012-01-28,07:30:00,1,Collision with vehicle,7,Saturday,116,LEFT NEAR (INTERSECTIONS ONLY),1,50303,2,0,1,0,1,2,1,2,T intersection,2,50,Arterial Other
T20120002145,2012-01-28,18:20:00,1,Collision with vehicle,7,Saturday,130,REAR END(VEHICLES IN SAME LANE),1,249271,2,0,0,1,1,2,1,2,T intersection,3,60,Arterial Highway
T20120002094,2012-01-28,02:00:00,1,Collision with vehicle,7,Saturday,169,OTHER ON PATH,3,251972,3,0,2,1,0,3,1,5,Not at intersection,2,50,Local Road
T20120002122,2012-01-28,13:05:00,8,No collision and no object struck,7,Saturday,184,OUT OF CONTROL ON CARRIAGEWAY (ON BEND),1,249257,1,0,1,0,0,1,1,5,Not at intersection,2,80,Arterial Highway
T20120002440,2012-01-28,16:55:00,8,No collision and no object struck,7,Saturday,174,OUT OF CONTROL ON CARRIAGEWAY (ON STRAIGHT),1,249571,1,0,0,1,0,1,1,5,Not at intersection,3,90,Arterial Other
T20120002414,2012-01-28,11:00:00,8,No collision and no object struck,7,Saturday,179,OTHER ACCIDENTS-OFF STRAIGHT NOT INCLUDED IN DCAs 170-175,1,249361,1,0,0,1,0,1,2,5,Not at intersection,3,100,Arterial Other
T20120002105,2012-01-28,05:30:00,1,Collision with vehicle,7,Saturday,113,RIGHT NEAR (INTERSECTIONS ONLY),2,50985,2,0,0,1,1,2,2,2,T intersection,3,50,Local Road
T20120002149,2012-01-28,15:21:00,4,Collision with a fixed object,7,Saturday,171,LEFT OFF CARRIAGEWAY INTO OBJECT/PARKED VEHICLE,1,252601,1,1,2,1,1,5,1,5,Not at intersection,1,100,
T20120002114,2012-01-28,10:04:00,1,Collision with vehicle,7,Saturday,121,RIGHT THROUGH,1,29415,2,0,0,2,2,4,1,2,T intersection,3,50,Arterial Other
T20120002115,2012-01-28,09:50:00,1,Collision with vehicle,7,Saturday,147,VEHICLE STRIKES ANOTHER VEH WHILE EMERGING FROM DRIVEWAY,1,36831,2,0,1,0,1,2,1,1,Cross intersection,2,80,Arterial Other
T20120002550,2012-01-28,19:00:00,4,Collision with a fixed object,7,Saturday,171,LEFT OFF CARRIAGEWAY INTO OBJECT/PARKED VEHICLE,2,263589,1,0,1,0,2,3,2,5,Not at intersection,2,999,Local Road
T20120003312,2012-01-28,20:00:00,2,Struck Pedestrian,7,Saturday,103,PED PLAYING/LYING/WORKING/STANDING ON CARRIAGEWAY.,3,249609,1,0,0,1,1,2,1,5,Not at intersection,3,60,Local Road
T20120002341,2012-01-28,13:30:00,4,Collision with a fixed object,7,Saturday,183,OFF LEFT BEND INTO OBJECT/PARKED VEHICLE,1,249337,1,0,1,0,0,1,2,5,Not at intersection,2,80,
T20120002332,2012-01-28,15:45:00,1,Collision with vehicle,7,Saturday,140,U TURN,1,249333,2,0,0,1,1,2,1,5,Not at intersection,3,70,Arterial Highway
T20120002156,2012-01-28,20:55:00,8,No collision and no object struck,7,Saturday,174,OUT OF CONTROL ON CARRIAGEWAY (ON STRAIGHT),2,249272,1,0,1,0,0,1,1,5,Not at intersection,2,60,Local Road
T20130013251,2012-01-28,16:30:00,1,Collision with vehicle,7,Saturday,130,REAR END(VEHICLES IN SAME LANE),1,273071,2,0,0,1,1,2,1,5,Not at intersection,3,60,Local Road
T20120002121,2012-01-28,11:26:00,2,Struck Pedestrian,7,Saturday,102,FAR SIDE. PED HIT BY VEHICLE FROM THE LEFT,1,29600,1,0,0,1,1,2,1,1,Cross intersection,3,60,Arterial Other
T20120003105,2012-01-28,08:00:00,1,Collision with vehicle,7,Saturday,121,RIGHT THROUGH,1,35656,2,0,0,1,1,2,2,1,Cross intersection,3,999,Arterial Highway
T20120002117,2012-01-28,08:30:00,1,Collision with vehicle,7,Saturday,120,HEAD ON (NOT OVERTAKING),1,249255,2,0,0,1,1,2,1,5,Not at intersection,3,60,Local Road
T20120002127,2012-01-28,13:40:00,5,collision with some other object,7,Saturday,166,STRUCK OBJECT ON CARRIAGEWAY,1,249261,1,0,1,0,0,1,1,5,Not at intersection,2,100,Arterial Highway
T20120002195,2012-01-28,19:15:00,6,Vehicle overturned (no collision),7,Saturday,184,OUT OF CONTROL ON CARRIAGEWAY (ON BEND),1,249299,1,0,2,0,0,2,1,5,Not at intersection,2,100,Arterial Highway
T20120002179,2012-01-28,15:50:00,4,Collision with a fixed object,7,Saturday,171,LEFT OFF CARRIAGEWAY INTO OBJECT/PARKED VEHICLE,1,249273,1,0,0,1,0,1,2,1,Cross intersection,3,80,Local Road
T20120002132,2012-01-28,14:00:00,4,Collision with a fixed object,7,Saturday,181,OFF RIGHT BEND INTO OBJECT/PARKED VEHICLE,1,249296,1,0,1,0,0,1,1,5,Not at intersection,2,80,Arterial Other
T20120003464,2012-01-28,15:00:00,8,No collision and no object struck,7,Saturday,184,OUT OF CONTROL ON CARRIAGEWAY (ON BEND),1,249664,1,0,0,1,0,1,2,5,Not at intersection,3,80,
T20120002129,2012-01-28,13:19:00,1,Collision with vehicle,7,Saturday,130,REAR END(VEHICLES IN SAME LANE),1,249262,2,0,0,1,2,3,1,5,Not at intersection,3,60,Local Road
T20120002130,2012-01-28,14:40:00,6,Vehicle overturned (no collision),7,Saturday,172,OFF CARRIAGEWAY TO RIGHT,1,249263,1,0,0,2,1,3,1,5,Not at intersection,3,100,Arterial Other
T20120002095,2012-01-28,01:06:00,1,Collision with vehicle,7,Saturday,160,VEHICLE COLLIDES WITH VEHICLE PARKED ON LEFT OF ROAD,3,249235,3,0,1,0,0,1,1,5,Not at intersection,2,50,Local Road
T20120002223,2012-01-29,11:45:00,8,No collision and no object struck,1,Sunday,174,OUT OF CONTROL ON CARRIAGEWAY (ON STRAIGHT),1,250444,2,1,1,0,4,6,1,5,Not at intersection,1,100,Arterial Highway
T20120011452,2012-01-29,13:00:00,6,Vehicle overturned (no collision),1,Sunday,170,OFF CARRIAGEWAY TO LEFT,1,252190,1,0,0,1,0,1,2,5,Not at intersection,3,999,Local Road
T20120002289,2012-01-29,17:31:00,1,Collision with vehicle,1,Sunday,113,RIGHT NEAR (INTERSECTIONS ONLY),1,249816,2,0,1,0,3,4,1,3,Y intersection,2,80,Arterial Other
T20120002298,2012-01-29,04:00:00,4,Collision with a fixed object,1,Sunday,171,LEFT OFF CARRIAGEWAY INTO OBJECT/PARKED VEHICLE,3,250364,1,0,0,1,0,1,1,5,Not at intersection,3,50,Local Road
T20120002203,2012-01-29,19:50:00,1,Collision with vehicle,1,Sunday,140,U TURN,2,29578,2,0,0,1,1,2,1,2,T intersection,3,60,Arterial Other
T20120002211,2012-01-29,23:45:00,2,Struck Pedestrian,1,Sunday,109,ANY MANOEUVRE INVOLVING PED NOT INCLUDED IN DCAs 100-108.,3,249304,1,0,1,0,0,1,1,2,T intersection,2,999,Local Road
T20120004215,2012-01-29,21:45:00,1,Collision with vehicle,1,Sunday,130,REAR END(VEHICLES IN SAME LANE),3,251366,2,0,0,1,1,2,1,5,Not at intersection,3,80,Freeway
T20120002176,2012-01-29,07:15:00,4,Collision with a fixed object,0,Sunday,173,RIGHT OFF CARRIAGEWAY INTO OBJECT/PARKED VEHICLE,1,10410,1,0,0,1,0,1,1,4,Multiple intersection,3,60,Arterial Other
T20120005637,2012-01-29,13:28:00,4,Collision with a fixed object,1,Sunday,189,OTHER ACCIDENTS ON CURVE NOT INCLUDED IN DCAs 180-184,1,250295,1,0,0,1,3,4,2,2,T intersection,3,100,Local Road
T20120002608,2012-01-29,12:30:00,5,collision with some other object,1,Sunday,191,LOAD OR MISSILE STRUCK VEHICLE,1,249574,1,0,0,1,0,1,2,5,Not at intersection,3,110,Freeway
T20120002627,2012-01-29,15:00:00,8,No collision and no object struck,1,Sunday,174,OUT OF CONTROL ON CARRIAGEWAY (ON STRAIGHT),1,249398,1,0,1,0,0,1,2,1,Cross intersection,2,60,Local Road
T20120002181,2012-01-29,12:05:00,1,Collision with vehicle,1,Sunday,139,OTHER SAME DIRECTION-MANOUEVRES NOT INCLUDED IN DCAs 130-137,1,249274,3,0,1,3,2,6,1,5,Not at intersection,2,80,Arterial Highway
T20120002161,2012-01-29,01:54:00,1,Collision with vehicle,1,Sunday,136,RIGHT TURN SIDESWIPE,3,37590,2,0,0,1,2,3,1,1,Cross intersection,3,60,Arterial Other
T20120002163,2012-01-29,00:30:00,1,Collision with vehicle,1,Sunday,130,REAR END(VEHICLES IN SAME LANE),3,37714,2,0,1,1,1,3,1,2,T intersection,2,60,Arterial Other
T20120002202,2012-01-29,18:25:00,1,Collision with vehicle,1,Sunday,110,CROSS TRAFFIC(INTERSECTIONS ONLY),1,249303,2,0,1,1,0,2,1,1,Cross intersection,2,80,Local Road
T20120002197,2012-01-29,15:57:00,4,Collision with a fixed object,1,Sunday,173,RIGHT OFF CARRIAGEWAY INTO OBJECT/PARKED VEHICLE,1,249301,1,0,1,0,0,1,1,5,Not at intersection,2,50,Local Road
T20120005544,2012-01-29,12:00:00,8,No collision and no object struck,1,Sunday,174,OUT OF CONTROL ON CARRIAGEWAY (ON STRAIGHT),1,250267,1,0,0,1,0,1,2,1,Cross intersection,3,50,Local Road
T20120002200,2012-01-29,17:42:00,2,Struck Pedestrian,1,Sunday,101,PED EMERGES FROM IN FRONT OF PARKED OR STATIONARY VEHICLE,1,40127,1,0,1,0,1,2,1,2,T intersection,2,40,Local Road
T20120009601,2012-01-29,22:30:00,4,Collision with a fixed object,1,Sunday,141,U TURN INTO FIXED OBJECT/PARKED VEHICLE,3,17544,1,0,0,1,0,1,2,1,Cross intersection,3,60,Arterial Other
T20120002177,2012-01-29,10:30:00,8,No collision and no object struck,1,Sunday,174,OUT OF CONTROL ON CARRIAGEWAY (ON STRAIGHT),1,19496,1,0,1,0,0,1,1,2,T intersection,2,100,Arterial Other
T20120002236,2012-01-29,15:10:00,6,Vehicle overturned (no collision),1,Sunday,170,OFF CARRIAGEWAY TO LEFT,1,249312,1,0,1,0,0,1,1,5,Not at intersection,2,110,Freeway
T20120002184,2012-01-29,13:15:00,8,No collision and no object struck,1,Sunday,170,OFF CARRIAGEWAY TO LEFT,1,39832,1,0,0,1,0,1,1,1,Cross intersection,3,80,Arterial Other
T20120002165,2012-01-29,03:34:00,4,Collision with a fixed object,1,Sunday,173,RIGHT OFF CARRIAGEWAY INTO OBJECT/PARKED VEHICLE,5,609059,1,0,1,1,0,2,1,5,Not at intersection,2,110,Arterial Highway
T20120002199,2012-01-29,17:40:00,1,Collision with vehicle,1,Sunday,147,VEHICLE STRIKES ANOTHER VEH WHILE EMERGING FROM DRIVEWAY,1,249302,2,0,1,0,2,3,1,5,Not at intersection,2,80,
T20120002301,2012-01-30,21:35:00,1,Collision with vehicle,2,Monday,142,LEAVING PARKING,3,249253,2,0,1,1,1,3,1,5,Not at intersection,2,50,Arterial Other
T20120002302,2012-01-30,06:15:00,4,Collision with a fixed object,2,Monday,183,OFF LEFT BEND INTO OBJECT/PARKED VEHICLE,2,249256,1,0,1,0,0,1,1,5,Not at intersection,2,60,Arterial Other
T20120002227,2012-01-30,09:08:00,1,Collision with vehicle,2,Monday,133,LANE SIDE SWIPE (VEHICLES IN PARALLEL LANES),1,249308,3,0,1,0,2,3,1,5,Not at intersection,2,60,Arterial Highway
T20120002228,2012-01-30,07:10:00,4,Collision with a fixed object,2,Monday,171,LEFT OFF CARRIAGEWAY INTO OBJECT/PARKED VEHICLE,1,249309,1,0,0,1,0,1,1,5,Not at intersection,3,60,Arterial Other
T20120002232,2012-01-30,07:18:00,1,Collision with vehicle,2,Monday,163,VEHICLE STRIKES DOOR OF PARKED/STATIONARY VEHICLE,1,249311,2,0,0,1,1,2,1,5,Not at intersection,3,60,Arterial Other
T20120002238,2012-01-30,08:10:00,6,Vehicle overturned (no collision),2,Monday,184,OUT OF CONTROL ON CARRIAGEWAY (ON BEND),1,249313,1,0,0,1,0,1,1,5,Not at intersection,3,100,
T20120002848,2012-01-30,17:45:00,1,Collision with vehicle,2,Monday,131,LEFT REAR,1,224921,2,0,0,1,1,2,2,1,Cross intersection,3,999,Arterial Highway
T20120002241,2012-01-30,08:40:00,1,Collision with vehicle,2,Monday,120,HEAD ON (NOT OVERTAKING),1,249315,2,0,0,1,1,2,1,5,Not at intersection,3,60,Arterial Highway
T20120002812,2012-01-30,23:00:00,6,Vehicle overturned (no collision),2,Monday,174,OUT OF CONTROL ON CARRIAGEWAY (ON STRAIGHT),3,38803,1,0,0,1,0,1,2,1,Cross intersection,3,999,Arterial Highway
T20120002329,2012-01-30,17:20:00,1,Collision with vehicle,2,Monday,131,LEFT REAR,1,47077,2,0,0,1,1,2,2,4,Multiple intersection,3,80,Freeway
T20120002242,2012-01-30,10:20:00,2,Struck Pedestrian,2,Monday,102,FAR SIDE. PED HIT BY VEHICLE FROM THE LEFT,1,249316,1,0,1,0,1,2,1,5,Not at intersection,2,50,Local Road
T20120002246,2012-01-30,12:14:00,4,Collision with a fixed object,2,Monday,171,LEFT OFF CARRIAGEWAY INTO OBJECT/PARKED VEHICLE,1,249873,1,0,0,1,0,1,1,5,Not at intersection,3,60,Arterial Other
T20120002248,2012-01-30,12:00:00,2,Struck Pedestrian,2,Monday,100,PED NEAR SIDE. PED HIT BY VEHICLE FROM THE RIGHT.,1,52483,1,0,0,1,1,2,1,1,Cross intersection,3,50,Local Road
T20120002251,2012-01-30,06:50:00,1,Collision with vehicle,2,Monday,116,LEFT NEAR (INTERSECTIONS ONLY),1,51233,2,0,0,1,1,2,1,1,Cross intersection,3,60,Local Road
T20120002253,2012-01-30,12:00:00,4,Collision with a fixed object,2,Monday,181,OFF RIGHT BEND INTO OBJECT/PARKED VEHICLE,1,252173,1,0,0,1,0,1,1,5,Not at intersection,3,100,
T20120002256,2012-01-30,08:40:00,1,Collision with vehicle,2,Monday,121,RIGHT THROUGH,1,43282,2,0,1,0,1,2,1,1,Cross intersection,2,60,Arterial Other
T20120002257,2012-01-30,11:50:00,4,Collision with a fixed object,2,Monday,173,RIGHT OFF CARRIAGEWAY INTO OBJECT/PARKED VEHICLE,1,278945,1,0,1,0,0,1,1,5,Not at intersection,2,100,Freeway
T20120002259,2012-01-30,10:00:00,1,Collision with vehicle,2,Monday,132,RIGHT REAR.,1,249320,3,0,1,1,1,3,1,5,Not at intersection,2,50,Arterial Highway
T20120002262,2012-01-30,14:25:00,1,Collision with vehicle,2,Monday,132,RIGHT REAR.,1,278498,3,0,0,1,2,3,1,2,T intersection,3,60,Arterial Other
T20120002267,2012-01-30,14:15:00,1,Collision with vehicle,1,Monday,110,CROSS TRAFFIC(INTERSECTIONS ONLY),1,37865,2,0,1,0,1,2,1,1,Cross intersection,2,60,Arterial Highway
T20120002268,2012-01-30,13:40:00,1,Collision with vehicle,2,Monday,140,U TURN,1,10473,2,0,0,1,2,3,1,4,Multiple intersection,3,60,Arterial Other
T20120006128,2012-01-30,17:00:00,1,Collision with vehicle,2,Monday,132,RIGHT REAR.,1,46643,2,0,0,2,0,2,2,1,Cross intersection,3,50,Local Road
T20120002271,2012-01-30,14:35:00,1,Collision with vehicle,2,Monday,142,LEAVING PARKING,1,249875,2,0,0,2,0,2,1,5,Not at intersection,3,60,Arterial Other
T20120003386,2012-01-30,16:00:00,1,Collision with vehicle,2,Monday,130,REAR END(VEHICLES IN SAME LANE),1,250828,2,0,0,1,1,2,2,5,Not at intersection,3,60,Arterial Other
T20120007873,2012-01-30,10:40:00,1,Collision with vehicle,2,Monday,130,REAR END(VEHICLES IN SAME LANE),1,46086,3,0,0,1,2,3,1,2,T intersection,3,60,Arterial Other
T20120002330,2012-01-30,04:45:00,4,Collision with a fixed object,2,Monday,171,LEFT OFF CARRIAGEWAY INTO OBJECT/PARKED VEHICLE,3,249270,1,0,1,0,0,1,1,5,Not at intersection,2,60,Local Road
T20120003529,2012-01-30,16:30:00,1,Collision with vehicle,2,Monday,135,LANE CHANGE LEFT (NOT OVERTAKING),1,262454,2,0,0,1,1,2,2,5,Not at intersection,3,80,Freeway
T20120016837,2012-01-30,00:15:00,3,Struck animal,2,Monday,167,STRUCK ANIMAL,3,56552,1,0,0,1,0,1,2,1,Cross intersection,3,60,Local Road
T20130009163,2012-01-30,11:00:00,1,Collision with vehicle,2,Monday,146,REVERSING INTO FIXED OBJECT/PARKED VEHICLE,1,261341,2,0,0,1,1,2,2,5,Not at intersection,3,50,Local Road
T20120002537,2012-01-30,17:30:00,1,Collision with vehicle,2,Monday,130,REAR END(VEHICLES IN SAME LANE),1,249367,2,0,0,2,0,2,2,5,Not at intersection,3,50,Arterial Other
T20120002215,2012-01-30,03:30:00,4,Collision with a fixed object,2,Monday,171,LEFT OFF CARRIAGEWAY INTO OBJECT/PARKED VEHICLE,3,249305,1,0,1,0,0,1,1,2,T intersection,2,60,Arterial Other
T20120002216,2012-01-30,03:30:00,4,Collision with a fixed object,2,Monday,171,LEFT OFF CARRIAGEWAY INTO OBJECT/PARKED VEHICLE,5,249905,1,0,1,0,1,2,1,5,Not at intersection,2,100,Arterial Other
T20120002275,2012-01-30,18:05:00,1,Collision with vehicle,2,Monday,110,CROSS TRAFFIC(INTERSECTIONS ONLY),1,249327,2,0,0,1,1,2,2,1,Cross intersection,3,50,Local Road
T20120002276,2012-01-30,13:23:00,1,Collision with vehicle,2,Monday,121,RIGHT THROUGH,1,50444,3,0,2,0,2,4,1,1,Cross intersection,2,60,Arterial Highway
T20120002279,2012-01-30,17:20:00,1,Collision with vehicle,2,Monday,148,VEHICLE OFF FOOTPATH STRIKES VEH ON CARRIAGEWAY,1,48376,2,0,1,0,1,2,1,2,T intersection,2,40,Local Road
T20120002283,2012-01-30,18:45:00,1,Collision with vehicle,2,Monday,110,CROSS TRAFFIC(INTERSECTIONS ONLY),1,40434,2,0,1,4,1,6,1,1,Cross intersection,2,60,Arterial Other
T20120002217,2012-01-30,04:10:00,4,Collision with a fixed object,2,Monday,173,RIGHT OFF CARRIAGEWAY INTO OBJECT/PARKED VEHICLE,2,249306,1,0,0,2,0,2,1,5,Not at intersection,3,100,Arterial Other
T20120002221,2012-01-30,07:34:00,4,Collision with a fixed object,2,Monday,173,RIGHT OFF CARRIAGEWAY INTO OBJECT/PARKED VEHICLE,2,249871,1,0,1,0,0,1,1,5,Not at intersection,2,50,Arterial Other
T20120002629,2012-01-30,09:00:00,4,Collision with a fixed object,2,Monday,171,LEFT OFF CARRIAGEWAY INTO OBJECT/PARKED VEHICLE,1,249399,1,0,0,1,0,1,1,5,Not at intersection,3,60,Arterial Other
T20120002285,2012-01-30,13:30:00,1,Collision with vehicle,2,Monday,130,REAR END(VEHICLES IN SAME LANE),1,253166,2,0,0,1,1,2,2,5,Not at intersection,3,50,Arterial Other
T20120002224,2012-01-30,08:15:00,1,Collision with vehicle,2,Monday,147,VEHICLE STRIKES ANOTHER VEH WHILE EMERGING FROM DRIVEWAY,1,249307,2,0,0,2,0,2,1,5,Not at intersection,3,60,Arterial Other
T20120002287,2012-01-30,18:34:00,1,Collision with vehicle,2,Monday,130,REAR END(VEHICLES IN SAME LANE),1,57065,2,0,0,2,2,4,1,1,Cross intersection,3,70,Arterial Other
T20120002273,2012-01-30,15:25:00,1,Collision with vehicle,2,Monday,120,HEAD ON (NOT OVERTAKING),1,249326,2,0,2,0,0,2,1,5,Not at intersection,2,60,Arterial Highway
T20120002290,2012-01-30,18:30:00,8,No collision and no object struck,2,Monday,180,OFF CARRIAGEWAY ON RIGHT BEND,1,277100,1,0,1,0,1,2,1,5,Not at intersection,2,100,Arterial Other
T20120002425,2012-01-30,06:00:00,6,Vehicle overturned (no collision),2,Monday,174,OUT OF CONTROL ON CARRIAGEWAY (ON STRAIGHT),2,41896,1,0,1,0,0,1,2,1,Cross intersection,2,80,Arterial Highway
T20120003705,2012-01-30,15:00:00,1,Collision with vehicle,2,Monday,115,RIGHT/LEFT FAR (INTERSECTIONS ONLY),1,46763,2,0,0,2,0,2,2,2,T intersection,3,60,Local Road
T20120002294,2012-01-30,17:30:00,1,Collision with vehicle,1,Monday,133,LANE SIDE SWIPE (VEHICLES IN PARALLEL LANES),1,249251,2,0,0,1,1,2,2,5,Not at intersection,3,999,Arterial Other
T20120002295,2012-01-30,20:30:00,1,Collision with vehicle,2,Monday,110,CROSS TRAFFIC(INTERSECTIONS ONLY),2,37825,2,0,0,1,1,2,1,1,Cross intersection,3,50,Local Road
T20120003205,2012-01-30,16:00:00,1,Collision with vehicle,2,Monday,147,VEHICLE STRIKES ANOTHER VEH WHILE EMERGING FROM DRIVEWAY,1,250811,2,0,0,1,1,2,2,5,Not at intersection,3,50,Local Road
T20120002293,2012-01-30,18:10:00,4,Collision with a fixed object,2,Monday,179,OTHER ACCIDENTS-OFF STRAIGHT NOT INCLUDED IN DCAs 170-175,1,249250,1,0,0,1,1,2,1,5,Not at intersection,3,80,Arterial Other
T20120002366,2012-01-31,15:30:00,1,Collision with vehicle,3,Tuesday,130,REAR END(VEHICLES IN SAME LANE),1,38407,4,0,1,0,5,6,1,2,T intersection,2,70,Arterial Other
T20120002363,2012-01-31,15:10:00,1,Collision with vehicle,3,Tuesday,160,VEHICLE COLLIDES WITH VEHICLE PARKED ON LEFT OF ROAD,1,250446,2,0,0,1,0,1,1,5,Not at intersection,3,70,Arterial Other
T20120002356,2012-01-31,13:15:00,4,Collision with a fixed object,3,Tuesday,173,RIGHT OFF CARRIAGEWAY INTO OBJECT/PARKED VEHICLE,1,249345,1,0,0,1,0,1,1,5,Not at intersection,3,100,Local Road
T20120002354,2012-01-31,10:35:00,1,Collision with vehicle,3,Tuesday,121,RIGHT THROUGH,1,277152,2,0,1,1,1,3,1,1,Cross intersection,2,60,Arterial Highway
T20120002350,2012-01-31,10:45:00,1,Collision with vehicle,3,Tuesday,162,ACCIDENT OR BROKEN DOWN,1,29855,3,0,0,2,1,3,1,4,Multiple intersection,3,80,Arterial Highway
T20120002345,2012-01-31,08:30:00,4,Collision with a fixed object,3,Tuesday,181,OFF RIGHT BEND INTO OBJECT/PARKED VEHICLE,1,248680,1,1,0,0,0,1,1,5,Not at intersection,1,100,
T20120002344,2012-01-31,11:03:00,1,Collision with vehicle,3,Tuesday,130,REAR END(VEHICLES IN SAME LANE),1,249338,3,0,0,1,3,4,1,5,Not at intersection,3,70,Arterial Highway