ACCIDENT_NO,ACCIDENT_DATE,ACCIDENT_TIME,ACCIDENT_TYPE,ACCIDENT_TYPE_DESC,DAY_OF_WEEK,DAY_WEEK_DESC,DCA_CODE,DCA_DESC,LIGHT_CONDITION,NODE_ID,NO_OF_VEHICLES,NO_PERSONS_KILLED,NO_PERSONS_INJ_2,NO_PERSONS_INJ_3,NO_PERSONS_NOT_INJ,NO_PERSONS,POLICE_ATTEND,ROAD_GEOMETRY,ROAD_GEOMETRY_DESC,SEVERITY,SPEED_ZONE,RMA
T20120002342,2012-01-31,07:30:00,2,Struck Pedestrian,3,Tuesday,106,VEH STRIKES PED ON FOOTPATH/MEDIAN/TRAFFIC ISLAND.,1,44938,1,0,1,0,1,2,1,2,T intersection,2,50,Arterial Other
T20120002331,2012-01-31,08:20:00,1,Collision with vehicle,2,Tuesday,135,LANE CHANGE LEFT (NOT OVERTAKING),1,354412,4,0,1,1,2,4,1,5,Not at intersection,2,70,Arterial Highway
T20120002371,2012-01-31,14:30:00,1,Collision with vehicle,3,Tuesday,135,LANE CHANGE LEFT (NOT OVERTAKING),1,249348,2,0,0,1,1,2,1,5,Not at intersection,3,100,Freeway
T20120002412,2012-01-31,16:30:00,6,Vehicle overturned (no collision),3,Tuesday,170,OFF CARRIAGEWAY TO LEFT,1,249359,1,0,0,2,0,2,1,5,Not at intersection,3,80,Arterial Highway
T20120002379,2012-01-31,17:40:00,1,Collision with vehicle,3,Tuesday,130,REAR END(VEHICLES IN SAME LANE),1,43375,2,0,1,0,2,3,1,2,T intersection,2,60,Arterial Other
T20120002380,2012-01-31,18:59:00,1,Collision with vehicle,2,Tuesday,121,RIGHT THROUGH,1,222317,2,0,1,0,2,3,1,1,Cross intersection,2,70,Arterial Highway
T20120002309,2012-01-31,02:20:00,4,Collision with a fixed object,3,Tuesday,171,LEFT OFF CARRIAGEWAY INTO OBJECT/PARKED VEHICLE,3,29708,1,0,1,0,0,1,1,1,Cross intersection,2,60,Local Road
T20120004807,2012-01-31,18:13:00,1,Collision with vehicle,3,Tuesday,130,REAR END(VEHICLES IN SAME LANE),1,250078,3,0,0,1,2,3,1,5,Not at intersection,3,80,Arterial Highway
T20120002310,2012-01-31,02:00:00,4,Collision with a fixed object,3,Tuesday,171,LEFT OFF CARRIAGEWAY INTO OBJECT/PARKED VEHICLE,3,51700,1,0,2,0,0,2,1,1,Cross intersection,2,60,Arterial Highway
T20120002381,2012-01-31,12:00:00,6,Vehicle overturned (no collision),3,Tuesday,184,OUT OF CONTROL ON CARRIAGEWAY (ON BEND),1,249354,1,0,0,1,0,1,2,5,Not at intersection,3,999,
T20120002312,2012-01-31,04:30:00,1,Collision with vehicle,3,Tuesday,147,VEHICLE STRIKES ANOTHER VEH WHILE EMERGING FROM DRIVEWAY,3,249380,2,0,1,0,1,2,1,5,Not at intersection,2,70,Arterial Other
T20120002500,2012-01-31,20:00:00,1,Collision with vehicle,3,Tuesday,145,REVERSING IN STREAM OF TRAFFIC,2,514,2,0,0,1,1,2,2,1,Cross intersection,3,60,Arterial Highway
T20120002323,2012-01-31,08:05:00,1,Collision with vehicle,3,Tuesday,163,VEHICLE STRIKES DOOR OF PARKED/STATIONARY VEHICLE,1,57501,2,0,0,1,1,2,1,2,T intersection,3,40,Arterial Other
T20120002617,2012-01-31,19:55:00,4,Collision with a fixed object,3,Tuesday,173,RIGHT OFF CARRIAGEWAY INTO OBJECT/PARKED VEHICLE,1,565,1,0,0,2,0,2,2,1,Cross intersection,3,999,Local Road
T20120002351,2012-01-31,08:45:00,8,No collision and no object struck,3,Tuesday,174,OUT OF CONTROL ON CARRIAGEWAY (ON STRAIGHT),1,41334,1,0,1,0,0,1,1,2,T intersection,2,40,Local Road
T20120004867,2012-01-31,12:00:00,1,Collision with vehicle,3,Tuesday,130,REAR END(VEHICLES IN SAME LANE),1,1248,3,0,0,1,2,3,2,1,Cross intersection,3,60,Arterial Other
T20120002320,2012-01-31,07:25:00,1,Collision with vehicle,3,Tuesday,111,RIGHT FAR (INTERSECTIONS ONLY),1,29501,2,0,0,1,1,2,1,1,Cross intersection,3,60,Arterial Other
T20120014807,2012-01-31,01:45:00,1,Collision with vehicle,3,Tuesday,113,RIGHT NEAR (INTERSECTIONS ONLY),3,35402,2,0,0,1,1,2,2,2,T intersection,3,60,Arterial Other
T20120014987,2012-01-31,18:00:00,1,Collision with vehicle,3,Tuesday,121,RIGHT THROUGH,1,40625,2,0,0,1,1,2,2,1,Cross intersection,3,60,Arterial Other
T20120002394,2012-01-31,22:00:00,1,Collision with vehicle,3,Tuesday,160,VEHICLE COLLIDES WITH VEHICLE PARKED ON LEFT OF ROAD,3,250448,2,0,1,0,1,2,1,5,Not at intersection,2,70,Arterial Highway
T20120002382,2012-01-31,19:40:00,4,Collision with a fixed object,3,Tuesday,171,LEFT OFF CARRIAGEWAY INTO OBJECT/PARKED VEHICLE,1,67311,1,0,1,1,1,3,1,2,T intersection,2,50,Local Road
T20120002384,2012-01-31,16:55:00,1,Collision with vehicle,3,Tuesday,113,RIGHT NEAR (INTERSECTIONS ONLY),1,296639,2,0,2,0,1,3,2,2,T intersection,2,60,Arterial Other
T20120002387,2012-01-31,08:45:00,2,Struck Pedestrian,3,Tuesday,101,PED EMERGES FROM IN FRONT OF PARKED OR STATIONARY VEHICLE,1,249507,2,0,0,2,1,3,2,5,Not at intersection,3,70,Local Road
T20120002461,2012-01-31,17:30:00,1,Collision with vehicle,3,Tuesday,134,LANE CHANGE RIGHT (NOT OVERTAKING),1,249386,2,0,0,1,1,2,2,5,Not at intersection,3,60,Arterial Other
T20120002539,2012-01-31,11:00:00,1,Collision with vehicle,3,Tuesday,118,TWO LEFT TURNING (INTERSECTIONS ONLY),1,249368,2,0,0,1,1,2,2,2,T intersection,3,50,Local Road
T20120002390,2012-01-31,21:00:00,4,Collision with a fixed object,3,Tuesday,173,RIGHT OFF CARRIAGEWAY INTO OBJECT/PARKED VEHICLE,3,250194,1,0,0,1,0,1,1,5,Not at intersection,3,50,Local Road
T20120002391,2012-01-31,21:30:00,1,Collision with vehicle,3,Tuesday,137,LEFT TURN SIDESWIPE,3,29386,2,0,0,1,2,3,1,1,Cross intersection,3,60,Arterial Other
T20120002328,2012-01-31,08:30:00,1,Collision with vehicle,3,Tuesday,110,CROSS TRAFFIC(INTERSECTIONS ONLY),1,43460,2,0,1,1,0,2,1,1,Cross intersection,2,50,Local Road
T20120002393,2012-01-31,19:45:00,7,Fall from or in moving vehicle,3,Tuesday,190,FELL IN/FROM VEHICLE,1,249355,1,0,1,0,1,2,1,5,Not at intersection,2,100,Local Road
T20120002372,2012-01-31,07:50:00,8,No collision and no object struck,3,Tuesday,174,OUT OF CONTROL ON CARRIAGEWAY (ON STRAIGHT),1,249350,1,0,1,0,0,1,2,5,Not at intersection,2,999,Local Road
T20120002377,2012-01-31,17:30:00,2,Struck Pedestrian,3,Tuesday,101,PED EMERGES FROM IN FRONT OF PARKED OR STATIONARY VEHICLE,1,36445,1,0,0,1,1,2,1,2,T intersection,3,60,Arterial Other
T20120004110,2012-02-01,16:30:00,1,Collision with vehicle,4,Wednesday,139,OTHER SAME DIRECTION-MANOUEVRES NOT INCLUDED IN DCAs 130-137,1,249718,2,0,0,1,1,2,2,5,Not at intersection,3,50,Local Road
T20120002417,2012-02-01,07:40:00,4,Collision with a fixed object,4,Wednesday,171,LEFT OFF CARRIAGEWAY INTO OBJECT/PARKED VEHICLE,1,249362,1,0,0,2,3,5,1,2,T intersection,3,50,Local Road
T20120002659,2012-02-01,22:10:00,1,Collision with vehicle,4,Wednesday,121,RIGHT THROUGH,6,40564,2,0,1,0,1,2,2,2,T intersection,2,60,Arterial Other
T20120006819,2012-02-01,13:10:00,8,No collision and no object struck,4,Wednesday,174,OUT OF CONTROL ON CARRIAGEWAY (ON STRAIGHT),1,733,2,0,0,1,1,2,2,2,T intersection,3,50,Arterial Highway
T20120004331,2012-02-01,13:00:00,1,Collision with vehicle,4,Wednesday,121,RIGHT THROUGH,1,38886,2,0,1,0,1,2,2,2,T intersection,2,60,Arterial Other
T20120002551,2012-02-01,18:00:00,8,No collision and no object struck,4,Wednesday,184,OUT OF CONTROL ON CARRIAGEWAY (ON BEND),1,250560,1,0,1,0,0,1,2,5,Not at intersection,2,80,Arterial Other
T20120002882,2012-02-01,08:45:00,1,Collision with vehicle,4,Wednesday,147,VEHICLE STRIKES ANOTHER VEH WHILE EMERGING FROM DRIVEWAY,1,250905,2,0,0,1,1,2,2,5,Not at intersection,3,999,
T20120002482,2012-02-01,20:50:00,1,Collision with vehicle,4,Wednesday,144,PARKED VEHICLES ONLY,3,249328,6,0,1,0,3,4,1,5,Not at intersection,2,50,Local Road
T20120002518,2012-02-01,15:45:00,1,Collision with vehicle,4,Wednesday,145,REVERSING IN STREAM OF TRAFFIC,1,39681,2,0,0,1,1,2,2,2,T intersection,3,80,Arterial Highway
T20120002480,2012-02-01,17:40:00,1,Collision with vehicle,4,Wednesday,131,LEFT REAR,1,233312,2,0,0,1,1,2,1,2,T intersection,3,50,Arterial Other
T20120002475,2012-02-01,17:10:00,6,Vehicle overturned (no collision),4,Wednesday,174,OUT OF CONTROL ON CARRIAGEWAY (ON STRAIGHT),1,72281,1,0,1,0,0,1,1,4,Multiple intersection,2,50,Local Road
T20120002474,2012-02-01,16:00:00,1,Collision with vehicle,4,Wednesday,132,RIGHT REAR.,1,72351,2,0,0,1,3,4,1,2,T intersection,3,100,Local Road
T20120005481,2012-02-01,17:30:00,1,Collision with vehicle,4,Wednesday,130,REAR END(VEHICLES IN SAME LANE),1,250253,4,0,0,1,3,4,1,5,Not at intersection,3,60,Arterial Other
T20120005735,2012-02-01,10:30:00,1,Collision with vehicle,4,Wednesday,119,OTHER ADJACENT (INTERSECTIONS ONLY),1,40142,2,0,0,1,1,2,2,1,Cross intersection,3,50,Local Road
T20120002473,2012-02-01,18:05:00,2,Struck Pedestrian,4,Wednesday,109,ANY MANOEUVRE INVOLVING PED NOT INCLUDED IN DCAs 100-108.,1,249387,1,0,0,1,3,4,1,5,Not at intersection,3,40,Local Road
T20120004683,2012-02-01,07:55:00,1,Collision with vehicle,4,Wednesday,130,REAR END(VEHICLES IN SAME LANE),1,11695,2,0,0,1,1,2,2,4,Multiple intersection,3,999,Freeway
T20120002464,2012-02-01,16:47:00,2,Struck Pedestrian,4,Wednesday,109,ANY MANOEUVRE INVOLVING PED NOT INCLUDED IN DCAs 100-108.,1,57475,1,0,1,0,1,2,1,1,Cross intersection,2,999,Arterial Other
T20120002462,2012-02-01,16:30:00,2,Struck Pedestrian,4,Wednesday,102,FAR SIDE. PED HIT BY VEHICLE FROM THE LEFT,1,63876,1,0,0,1,1,2,1,2,T intersection,3,40,Arterial Other
T20120002452,2012-02-01,12:15:00,4,Collision with a fixed object,4,Wednesday,173,RIGHT OFF CARRIAGEWAY INTO OBJECT/PARKED VEHICLE,1,252356,1,0,2,0,0,2,1,5,Not at intersection,2,80,Local Road
T20120002451,2012-02-01,12:30:00,4,Collision with a fixed object,4,Wednesday,173,RIGHT OFF CARRIAGEWAY INTO OBJECT/PARKED VEHICLE,1,250744,1,0,1,0,0,1,1,5,Not at intersection,2,100,Arterial Other
T20120002450,2012-02-01,08:20:00,1,Collision with vehicle,4,Wednesday,121,RIGHT THROUGH,1,42190,2,0,0,1,1,2,1,2,T intersection,3,50,Local Road
T20120002447,2012-02-01,14:15:00,1,Collision with vehicle,4,Wednesday,111,RIGHT FAR (INTERSECTIONS ONLY),1,249384,2,0,1,0,1,2,1,1,Cross intersection,2,50,Local Road
T20120002444,2012-02-01,13:30:00,8,No collision and no object struck,4,Wednesday,174,OUT OF CONTROL ON CARRIAGEWAY (ON STRAIGHT),1,249383,1,0,1,0,0,1,1,2,T intersection,2,80,Local Road
T20120002443,2012-02-01,09:35:00,1,Collision with vehicle,4,Wednesday,110,CROSS TRAFFIC(INTERSECTIONS ONLY),1,35396,2,0,0,1,2,3,1,1,Cross intersection,3,50,Local Road
T20120002507,2012-02-01,15:10:00,1,Collision with vehicle,4,Wednesday,152,PULLING OUT (OVERTAKING),1,22495,2,0,0,1,1,2,1,1,Cross intersection,3,100,Arterial Other
T20120002439,2012-02-01,07:45:00,1,Collision with vehicle,4,Wednesday,163,VEHICLE STRIKES DOOR OF PARKED/STATIONARY VEHICLE,1,36258,3,0,0,1,2,3,1,1,Cross intersection,3,50,Local Road
T20120002410,2012-02-01,08:00:00,4,Collision with a fixed object,4,Wednesday,173,RIGHT OFF CARRIAGEWAY INTO OBJECT/PARKED VEHICLE,1,249357,2,0,1,0,1,2,1,5,Not at intersection,2,100,
T20120002397,2012-02-01,02:00:00,6,Vehicle overturned (no collision),4,Wednesday,172,OFF CARRIAGEWAY TO RIGHT,5,252459,1,0,1,0,0,1,2,5,Not at intersection,2,110,Arterial Highway
T20120002429,2012-02-01,08:20:00,1,Collision with vehicle,4,Wednesday,121,RIGHT THROUGH,1,62658,2,0,0,1,1,2,1,2,T intersection,3,60,Local Road
T20120002488,2012-02-01,21:50:00,4,Collision with a fixed object,4,Wednesday,171,LEFT OFF CARRIAGEWAY INTO OBJECT/PARKED VEHICLE,5,249332,1,0,1,0,0,1,1,5,Not at intersection,2,100,Local Road
T20120003543,2012-02-01,08:30:00,1,Collision with vehicle,4,Wednesday,135,LANE CHANGE LEFT (NOT OVERTAKING),1,250852,4,0,0,1,3,4,1,5,Not at intersection,3,100,Freeway
T20120002424,2012-02-01,11:30:00,1,Collision with vehicle,4,Wednesday,147,VEHICLE STRIKES ANOTHER VEH WHILE EMERGING FROM DRIVEWAY,1,249365,2,0,0,1,1,2,1,5,Not at intersection,3,999,
T20120002423,2012-02-01,07:00:00,1,Collision with vehicle,3,Wednesday,148,VEHICLE OFF FOOTPATH STRIKES VEH ON CARRIAGEWAY,1,331821,2,1,0,0,1,2,1,4,Multiple intersection,1,80,Freeway
T20120002421,2012-02-01,07:20:00,1,Collision with vehicle,4,Wednesday,130,REAR END(VEHICLES IN SAME LANE),1,249364,3,0,0,1,2,3,1,5,Not at intersection,3,90,Freeway
T20120002479,2012-02-01,17:01:00,4,Collision with a fixed object,4,Wednesday,173,RIGHT OFF CARRIAGEWAY INTO OBJECT/PARKED VEHICLE,1,60617,1,0,1,0,0,1,1,1,Cross intersection,2,100,Local Road
T20120003302,2012-02-01,21:05:00,1,Collision with vehicle,4,Wednesday,130,REAR END(VEHICLES IN SAME LANE),3,42182,2,0,0,1,1,2,2,2,T intersection,3,60,Local Road
T20120002675,2012-02-01,16:20:00,8,No collision and no object struck,4,Wednesday,174,OUT OF CONTROL ON CARRIAGEWAY (ON STRAIGHT),1,249415,1,0,0,1,0,1,2,5,Not at intersection,3,50,Local Road
T20120002486,2012-02-01,17:55:00,1,Collision with vehicle,4,Wednesday,110,CROSS TRAFFIC(INTERSECTIONS ONLY),1,41225,2,0,0,1,3,4,1,1,Cross intersection,3,50,Local Road
T20120002478,2012-02-01,17:15:00,1,Collision with vehicle,4,Wednesday,130,REAR END(VEHICLES IN SAME LANE),1,35436,3,0,0,1,2,3,2,1,Cross intersection,3,70,Arterial Other
T20120003471,2012-02-02,13:30:00,1,Collision with vehicle,5,Thursday,130,REAR END(VEHICLES IN SAME LANE),1,250853,2,0,1,0,1,2,2,5,Not at intersection,2,50,Arterial Other
T20120004646,2012-02-02,14:30:00,8,No collision and no object struck,5,Thursday,184,OUT OF CONTROL ON CARRIAGEWAY (ON BEND),1,250009,1,0,0,1,0,1,2,2,T intersection,3,60,Local Road
T20120002510,2012-02-02,09:11:00,1,Collision with vehicle,5,Thursday,152,PULLING OUT (OVERTAKING),1,38019,2,0,0,1,1,2,1,2,T intersection,3,60,Local Road
T20120002515,2012-02-02,08:00:00,1,Collision with vehicle,5,Thursday,154,PULLING OUT -REAR END,1,249346,2,0,0,1,1,2,1,5,Not at intersection,3,100,Freeway
T20120002517,2012-02-02,09:30:00,1,Collision with vehicle,5,Thursday,150,HEAD ON(OVERTAKING),1,249349,2,0,1,0,1,2,1,5,Not at intersection,2,60,
T20120002519,2012-02-02,11:50:00,1,Collision with vehicle,5,Thursday,171,LEFT OFF CARRIAGEWAY INTO OBJECT/PARKED VEHICLE,1,249352,3,0,1,0,0,1,1,5,Not at intersection,2,50,Local Road
T20120002501,2012-02-02,07:19:00,1,Collision with vehicle,5,Thursday,130,REAR END(VEHICLES IN SAME LANE),1,57585,3,0,0,2,1,3,1,2,T intersection,3,80,Arterial Highway
T20120002520,2012-02-02,08:10:00,1,Collision with vehicle,5,Thursday,130,REAR END(VEHICLES IN SAME LANE),1,46278,4,0,0,3,2,5,1,1,Cross intersection,3,70,Arterial Other
T20120002499,2012-02-02,07:15:00,1,Collision with vehicle,5,Thursday,130,REAR END(VEHICLES IN SAME LANE),1,252871,2,0,1,0,2,3,1,5,Not at intersection,2,50,Local Road
T20120002521,2012-02-02,07:20:00,1,Collision with vehicle,5,Thursday,140,U TURN,1,249353,2,0,0,1,1,2,1,5,Not at intersection,3,50,Arterial Other
T20120002522,2012-02-02,12:15:00,2,Struck Pedestrian,5,Thursday,102,FAR SIDE. PED HIT BY VEHICLE FROM THE LEFT,1,29427,1,0,1,0,3,4,1,1,Cross intersection,2,50,Local Road
T20120002597,2012-02-02,13:45:00,2,Struck Pedestrian,5,Thursday,109,ANY MANOEUVRE INVOLVING PED NOT INCLUDED IN DCAs 100-108.,1,249730,1,0,1,0,1,2,2,5,Not at intersection,2,100,Arterial Other
T20120002527,2012-02-02,12:55:00,1,Collision with vehicle,5,Thursday,147,VEHICLE STRIKES ANOTHER VEH WHILE EMERGING FROM DRIVEWAY,1,249358,2,0,0,1,1,2,1,2,T intersection,3,50,Local Road
T20120002529,2012-02-02,12:30:00,1,Collision with vehicle,5,Thursday,130,REAR END(VEHICLES IN SAME LANE),1,249360,3,0,0,1,2,3,1,5,Not at intersection,3,60,Arterial Other
T20120002569,2012-02-02,22:25:00,1,Collision with vehicle,5,Thursday,171,LEFT OFF CARRIAGEWAY INTO OBJECT/PARKED VEHICLE,3,62129,2,0,1,0,0,1,1,2,T intersection,2,50,Local Road
T20120002490,2012-02-02,01:30:00,1,Collision with vehicle,5,Thursday,121,RIGHT THROUGH,3,221383,2,0,1,1,0,2,1,1,Cross intersection,2,70,Arterial Other
T20120002530,2012-02-02,10:30:00,1,Collision with vehicle,5,Thursday,140,U TURN,1,48028,2,0,0,1,1,2,2,2,T intersection,3,50,Local Road
T20120002498,2012-02-02,06:31:00,1,Collision with vehicle,5,Thursday,121,RIGHT THROUGH,2,249335,2,0,1,0,3,4,1,5,Not at intersection,2,50,Local Road
T20120002886,2012-02-02,07:15:00,1,Collision with vehicle,5,Thursday,110,CROSS TRAFFIC(INTERSECTIONS ONLY),2,41817,2,0,1,0,1,2,2,1,Cross intersection,2,50,Local Road
T20120002549,2012-02-02,16:50:00,1,Collision with vehicle,5,Thursday,110,CROSS TRAFFIC(INTERSECTIONS ONLY),1,301169,2,0,0,1,2,3,1,1,Cross intersection,3,70,Arterial Other
T20120002591,2012-02-02,22:20:00,1,Collision with vehicle,5,Thursday,132,RIGHT REAR.,3,56602,2,0,0,1,1,2,2,2,T intersection,3,60,Arterial Other
T20120002509,2012-02-02,09:00:00,1,Collision with vehicle,5,Thursday,163,VEHICLE STRIKES DOOR OF PARKED/STATIONARY VEHICLE,1,223369,2,0,1,0,2,3,1,2,T intersection,2,50,Local Road
T20120002583,2012-02-02,21:30:00,1,Collision with vehicle,5,Thursday,110,CROSS TRAFFIC(INTERSECTIONS ONLY),3,39861,2,0,1,0,1,2,1,1,Cross intersection,2,60,Arterial Other
T20120002580,2012-02-02,17:15:00,6,Vehicle overturned (no collision),5,Thursday,180,OFF CARRIAGEWAY ON RIGHT BEND,1,249389,1,0,0,1,0,1,1,5,Not at intersection,3,60,Local Road
T20120006610,2012-02-02,10:30:00,1,Collision with vehicle,5,Thursday,130,REAR END(VEHICLES IN SAME LANE),1,250631,2,0,0,1,1,2,2,5,Not at intersection,3,100,Local Road
T20120004691,2012-02-02,19:15:00,1,Collision with vehicle,5,Thursday,111,RIGHT FAR (INTERSECTIONS ONLY),1,52827,2,0,0,1,1,2,2,1,Cross intersection,3,40,Local Road
T20120007824,2012-02-02,15:30:00,1,Collision with vehicle,5,Thursday,110,CROSS TRAFFIC(INTERSECTIONS ONLY),1,42913,2,0,0,1,1,2,2,1,Cross intersection,3,60,Local Road
T20120002508,2012-02-02,07:55:00,1,Collision with vehicle,5,Thursday,121,RIGHT THROUGH,1,40762,2,0,2,1,0,3,1,1,Cross intersection,2,70,Arterial Highway
T20120002502,2012-02-02,07:00:00,1,Collision with vehicle,5,Thursday,130,REAR END(VEHICLES IN SAME LANE),1,250668,2,0,1,2,0,3,1,5,Not at intersection,2,60,Local Road
T20120002563,2012-02-02,18:10:00,6,Vehicle overturned (no collision),5,Thursday,174,OUT OF CONTROL ON CARRIAGEWAY (ON STRAIGHT),1,252240,1,0,1,0,0,1,1,5,Not at intersection,2,100,Local Road
T20120002552,2012-02-02,15:50:00,1,Collision with vehicle,5,Thursday,132,RIGHT REAR.,1,42603,2,0,0,1,3,4,1,2,T intersection,3,60,Arterial Other
T20120002547,2012-02-02,15:30:00,1,Collision with vehicle,5,Thursday,112,LEFT FAR (INTERSECTIONS ONLY),1,35328,3,0,1,4,0,5,1,2,T intersection,2,70,Arterial Other
T20120002606,2012-02-03,12:25:00,1,Collision with vehicle,6,Friday,121,RIGHT THROUGH,1,45078,2,0,0,1,2,3,1,2,T intersection,3,70,Arterial Other
T20120002644,2012-02-03,21:55:00,1,Collision with vehicle,6,Friday,133,LANE SIDE SWIPE (VEHICLES IN PARALLEL LANES),3,253799,2,0,1,1,1,3,1,5,Not at intersection,2,60,Freeway
T20120005745,2012-02-03,17:30:00,8,No collision and no object struck,6,Friday,174,OUT OF CONTROL ON CARRIAGEWAY (ON STRAIGHT),1,250324,1,0,1,0,0,1,2,2,T intersection,2,50,Arterial Highway
T20120002601,2012-02-03,11:40:00,1,Collision with vehicle,6,Friday,113,RIGHT NEAR (INTERSECTIONS ONLY),1,45536,2,0,2,0,1,3,1,2,T intersection,2,50,Local Road
T20120002598,2012-02-03,12:34:00,1,Collision with vehicle,6,Friday,110,CROSS TRAFFIC(INTERSECTIONS ONLY),1,30018,2,0,0,1,3,4,1,1,Cross intersection,3,50,Local Road
T20120002596,2012-02-03,11:00:00,2,Struck Pedestrian,6,Friday,100,PED NEAR SIDE. PED HIT BY VEHICLE FROM THE RIGHT.,1,1210,1,0,0,1,1,2,1,1,Cross intersection,3,60,Arterial Other
T20120002602,2012-02-03,09:30:00,2,Struck Pedestrian,6,Friday,102,FAR SIDE. PED HIT BY VEHICLE FROM THE LEFT,1,37480,1,0,0,1,1,2,2,2,T intersection,3,60,Arterial Other
T20120002595,2012-02-03,10:35:00,1,Collision with vehicle,6,Friday,121,RIGHT THROUGH,1,246308,2,0,0,1,1,2,1,5,Not at intersection,3,60,Arterial Other
T20120009329,2012-02-03,16:30:00,1,Collision with vehicle,5,Friday,130,REAR END(VEHICLES IN SAME LANE),1,278506,2,0,0,1,1,2,2,1,Cross intersection,3,50,Local Road
T20120002839,2012-02-03,13:15:00,6,Vehicle overturned (no collision),6,Friday,170,OFF CARRIAGEWAY TO LEFT,1,249447,1,0,0,1,0,1,2,5,Not at intersection,3,100,Arterial Highway
T20120002835,2012-02-03,17:00:00,5,collision with some other object,6,Friday,179,OTHER ACCIDENTS-OFF STRAIGHT NOT INCLUDED IN DCAs 170-175,1,29427,1,0,1,0,0,1,2,1,Cross intersection,2,50,Local Road
T20120002585,2012-02-03,09:54:00,1,Collision with vehicle,6,Friday,110,CROSS TRAFFIC(INTERSECTIONS ONLY),1,59057,2,0,0,1,2,3,1,1,Cross intersection,3,50,Local Road
T20120002579,2012-02-03,08:30:00,1,Collision with vehicle,6,Friday,121,RIGHT THROUGH,1,57391,2,0,0,1,1,2,1,1,Cross intersection,3,40,Arterial Other
T20120002577,2012-02-03,07:00:00,1,Collision with vehicle,6,Friday,136,RIGHT TURN SIDESWIPE,1,249709,2,0,0,1,1,2,1,5,Not at intersection,3,60,Local Road
T20120002576,2012-02-03,06:22:00,1,Collision with vehicle,6,Friday,121,RIGHT THROUGH,1,35626,2,0,0,1,1,2,1,2,T intersection,3,60,Arterial Highway
T20120002575,2012-02-03,08:24:00,1,Collision with vehicle,6,Friday,110,CROSS TRAFFIC(INTERSECTIONS ONLY),1,29361,2,0,1,0,1,2,1,1,Cross intersection,2,40,Local Road
T20120002854,2012-02-03,11:35:00,5,collision with some other object,6,Friday,191,LOAD OR MISSILE STRUCK VEHICLE,1,253304,2,0,0,1,1,2,2,5,Not at intersection,3,100,Freeway
T20120002667,2012-02-03,06:40:00,1,Collision with vehicle,6,Friday,119,OTHER ADJACENT (INTERSECTIONS ONLY),1,48192,2,0,0,1,1,2,2,2,T intersection,3,60,Local Road
T20120002670,2012-02-03,13:50:00,1,Collision with vehicle,6,Friday,135,LANE CHANGE LEFT (NOT OVERTAKING),1,591,4,0,0,1,3,4,1,1,Cross intersection,3,60,Arterial Other
T20120002632,2012-02-03,15:20:00,1,Collision with vehicle,6,Friday,121,RIGHT THROUGH,1,48841,2,0,0,1,3,4,1,1,Cross intersection,3,80,Local Road
T20120003242,2012-02-03,19:00:00,8,No collision and no object struck,6,Friday,174,OUT OF CONTROL ON CARRIAGEWAY (ON STRAIGHT),1,39582,1,0,0,1,0,1,2,2,T intersection,3,60,Arterial Highway
T20120002631,2012-02-03,13:14:00,1,Collision with vehicle,6,Friday,140,U TURN,1,41149,2,1,0,0,1,2,1,2,T intersection,1,60,Arterial Highway
T20120002689,2012-02-03,20:05:00,1,Collision with vehicle,6,Friday,135,LANE CHANGE LEFT (NOT OVERTAKING),3,249422,2,0,0,1,3,4,1,5,Not at intersection,3,100,Freeway
T20120007499,2012-02-03,23:50:00,4,Collision with a fixed object,6,Friday,181,OFF RIGHT BEND INTO OBJECT/PARKED VEHICLE,5,250922,1,0,0,2,2,4,2,5,Not at intersection,3,100,Local Road
T20120002624,2012-02-03,16:37:00,1,Collision with vehicle,6,Friday,160,VEHICLE COLLIDES WITH VEHICLE PARKED ON LEFT OF ROAD,1,249396,4,0,0,1,2,3,1,5,Not at intersection,3,60,Local Road
T20120007284,2012-02-03,07:30:00,4,Collision with a fixed object,6,Friday,173,RIGHT OFF CARRIAGEWAY INTO OBJECT/PARKED VEHICLE,1,250692,1,0,0,1,0,1,2,5,Not at intersection,3,60,Local Road
T20120002649,2012-02-03,22:40:00,1,Collision with vehicle,6,Friday,140,U TURN,3,249879,2,0,1,1,0,2,1,5,Not at intersection,2,60,Arterial Other
T20120023316,2012-02-03,10:00:00,1,Collision with vehicle,6,Friday,119,OTHER ADJACENT (INTERSECTIONS ONLY),9,278532,2,0,0,1,1,2,2,1,Cross intersection,3,50,Local Road
T20120008483,2012-02-03,16:45:00,1,Collision with vehicle,6,Friday,130,REAR END(VEHICLES IN SAME LANE),1,39224,3,0,0,2,3,5,1,2,T intersection,3,60,Arterial Other
T20120002623,2012-02-03,15:30:00,1,Collision with vehicle,6,Friday,130,REAR END(VEHICLES IN SAME LANE),1,249395,3,0,0,1,2,3,1,5,Not at intersection,3,80,Arterial Other