ACCIDENT_NO,ACCIDENT_DATE,ACCIDENT_TIME,ACCIDENT_TYPE,ACCIDENT_TYPE_DESC,DAY_OF_WEEK,DAY_WEEK_DESC,DCA_CODE,DCA_DESC,LIGHT_CONDITION,NODE_ID,NO_OF_VEHICLES,NO_PERSONS_KILLED,NO_PERSONS_INJ_2,NO_PERSONS_INJ_3,NO_PERSONS_NOT_INJ,NO_PERSONS,POLICE_ATTEND,ROAD_GEOMETRY,ROAD_GEOMETRY_DESC,SEVERITY,SPEED_ZONE,RMA
T20120002809,2012-02-03,12:30:00,1,Collision with vehicle,6,Friday,130,REAR END(VEHICLES IN SAME LANE),1,37687,2,0,0,1,2,3,1,2,T intersection,3,40,Local Road
T20120002618,2012-02-03,13:40:00,4,Collision with a fixed object,6,Friday,173,RIGHT OFF CARRIAGEWAY INTO OBJECT/PARKED VEHICLE,1,249393,1,0,0,1,0,1,1,5,Not at intersection,3,100,Local Road
T20120002638,2012-02-03,21:17:00,1,Collision with vehicle,6,Friday,148,VEHICLE OFF FOOTPATH STRIKES VEH ON CARRIAGEWAY,3,249403,2,0,1,0,1,2,1,5,Not at intersection,2,60,Local Road
T20120002615,2012-02-03,15:39:00,6,Vehicle overturned (no collision),6,Friday,179,OTHER ACCIDENTS-OFF STRAIGHT NOT INCLUDED IN DCAs 170-175,1,249392,1,0,0,1,0,1,2,5,Not at intersection,3,50,Local Road
T20120003335,2012-02-03,18:00:00,1,Collision with vehicle,6,Friday,130,REAR END(VEHICLES IN SAME LANE),1,253167,2,0,0,1,1,2,2,5,Not at intersection,3,70,Arterial Highway
T20120003521,2012-02-03,18:30:00,1,Collision with vehicle,6,Friday,119,OTHER ADJACENT (INTERSECTIONS ONLY),1,57442,2,0,0,1,1,2,2,2,T intersection,3,999,Arterial Other
T20120010997,2012-02-04,01:10:00,4,Collision with a fixed object,7,Saturday,171,LEFT OFF CARRIAGEWAY INTO OBJECT/PARKED VEHICLE,3,251907,1,0,1,0,2,3,1,2,T intersection,2,60,Local Road
T20120002841,2012-02-04,17:00:00,8,No collision and no object struck,7,Saturday,180,OFF CARRIAGEWAY ON RIGHT BEND,1,198758,2,0,0,1,1,2,2,5,Not at intersection,3,80,Arterial Highway
T20120002686,2012-02-04,15:00:00,4,Collision with a fixed object,7,Saturday,173,RIGHT OFF CARRIAGEWAY INTO OBJECT/PARKED VEHICLE,1,251670,1,0,2,0,0,2,1,5,Not at intersection,2,50,Local Road
T20120002742,2012-02-04,15:20:00,6,Vehicle overturned (no collision),7,Saturday,180,OFF CARRIAGEWAY ON RIGHT BEND,1,249442,1,0,0,1,0,1,1,5,Not at intersection,3,100,Arterial Other
T20120002743,2012-02-04,16:40:00,1,Collision with vehicle,7,Saturday,120,HEAD ON (NOT OVERTAKING),1,249449,2,0,1,0,1,2,1,5,Not at intersection,2,100,Local Road
T20120002749,2012-02-04,19:55:00,1,Collision with vehicle,7,Saturday,110,CROSS TRAFFIC(INTERSECTIONS ONLY),2,67367,2,0,1,0,1,2,1,1,Cross intersection,2,50,Local Road
T20120002767,2012-02-04,11:25:00,1,Collision with vehicle,7,Saturday,130,REAR END(VEHICLES IN SAME LANE),1,30040,2,0,0,1,1,2,1,2,T intersection,3,70,Arterial Other
T20120002932,2012-02-04,17:30:00,8,No collision and no object struck,7,Saturday,172,OFF CARRIAGEWAY TO RIGHT,1,249479,1,0,1,0,0,1,2,5,Not at intersection,2,80,Arterial Other
T20120002940,2012-02-04,13:00:00,8,No collision and no object struck,7,Saturday,174,OUT OF CONTROL ON CARRIAGEWAY (ON STRAIGHT),1,249480,1,0,1,0,0,1,2,5,Not at intersection,2,888,Local Road
T20120002724,2012-02-04,03:00:00,4,Collision with a fixed object,7,Saturday,173,RIGHT OFF CARRIAGEWAY INTO OBJECT/PARKED VEHICLE,5,249433,1,0,0,1,0,1,1,5,Not at intersection,3,100,
T20120002712,2012-02-04,22:15:00,4,Collision with a fixed object,7,Saturday,171,LEFT OFF CARRIAGEWAY INTO OBJECT/PARKED VEHICLE,5,249431,1,0,1,0,0,1,1,2,T intersection,2,100,Local Road
T20120002709,2012-02-04,19:00:00,1,Collision with vehicle,7,Saturday,152,PULLING OUT (OVERTAKING),1,249428,2,0,1,0,2,3,1,5,Not at intersection,2,100,Arterial Other
T20120003254,2012-02-04,13:45:00,2,Struck Pedestrian,7,Saturday,100,PED NEAR SIDE. PED HIT BY VEHICLE FROM THE RIGHT.,1,249562,1,0,0,1,1,2,2,5,Not at intersection,3,50,Local Road
T20120002703,2012-02-04,18:18:00,1,Collision with vehicle,7,Saturday,111,RIGHT FAR (INTERSECTIONS ONLY),1,43598,2,0,1,0,1,2,1,1,Cross intersection,2,999,Arterial Other
T20120002660,2012-02-04,08:00:00,4,Collision with a fixed object,7,Saturday,173,RIGHT OFF CARRIAGEWAY INTO OBJECT/PARKED VEHICLE,1,249408,1,0,0,1,0,1,1,5,Not at intersection,3,60,Local Road
T20120002701,2012-02-04,18:00:00,1,Collision with vehicle,7,Saturday,110,CROSS TRAFFIC(INTERSECTIONS ONLY),1,50547,2,0,1,1,2,4,1,1,Cross intersection,2,50,Arterial Highway
T20120002651,2012-02-04,01:44:00,4,Collision with a fixed object,7,Saturday,173,RIGHT OFF CARRIAGEWAY INTO OBJECT/PARKED VEHICLE,3,249404,1,0,1,0,0,1,1,5,Not at intersection,2,80,Arterial Highway
T20120002698,2012-02-04,17:40:00,1,Collision with vehicle,7,Saturday,169,OTHER ON PATH,1,249425,2,0,0,1,0,1,1,2,T intersection,3,50,Local Road
T20120002697,2012-02-04,15:00:00,5,collision with some other object,7,Saturday,166,STRUCK OBJECT ON CARRIAGEWAY,1,249731,1,0,0,1,4,5,2,5,Not at intersection,3,999,
T20150003079,2012-02-04,15:00:00,1,Collision with vehicle,7,Saturday,147,VEHICLE STRIKES ANOTHER VEH WHILE EMERGING FROM DRIVEWAY,1,282444,2,0,0,1,0,1,2,5,Not at intersection,3,50,Local Road
T20120002661,2012-02-04,09:02:00,1,Collision with vehicle,7,Saturday,110,CROSS TRAFFIC(INTERSECTIONS ONLY),1,1264,2,0,0,1,2,3,1,1,Cross intersection,3,60,Local Road
T20120002720,2012-02-04,09:00:00,1,Collision with vehicle,7,Saturday,130,REAR END(VEHICLES IN SAME LANE),1,1013,2,0,0,1,1,2,2,1,Cross intersection,3,100,Arterial Highway
T20120002694,2012-02-04,16:12:00,7,Fall from or in moving vehicle,7,Saturday,190,FELL IN/FROM VEHICLE,1,249424,1,0,0,1,1,2,1,5,Not at intersection,3,80,Arterial Other
T20130003141,2012-02-04,14:00:00,7,Fall from or in moving vehicle,7,Saturday,190,FELL IN/FROM VEHICLE,1,257892,1,0,0,1,0,1,2,5,Not at intersection,3,60,Arterial Other
T20120026818,2012-02-04,15:30:00,1,Collision with vehicle,7,Saturday,131,LEFT REAR,1,41780,2,0,0,1,2,3,2,1,Cross intersection,3,80,
T20120002690,2012-02-04,15:20:00,4,Collision with a fixed object,7,Saturday,171,LEFT OFF CARRIAGEWAY INTO OBJECT/PARKED VEHICLE,1,249423,1,0,0,1,0,1,1,5,Not at intersection,3,60,Arterial Other
T20120002655,2012-02-04,07:30:00,1,Collision with vehicle,7,Saturday,121,RIGHT THROUGH,1,1060,2,0,0,1,2,3,1,2,T intersection,3,50,Arterial Highway
T20120002688,2012-02-04,12:25:00,1,Collision with vehicle,7,Saturday,152,PULLING OUT (OVERTAKING),1,248442,2,1,1,0,1,3,1,2,T intersection,1,60,Local Road
T20120002738,2012-02-04,13:50:00,1,Collision with vehicle,7,Saturday,130,REAR END(VEHICLES IN SAME LANE),1,249438,3,0,0,1,1,2,1,5,Not at intersection,3,60,Arterial Other
T20120014643,2012-02-04,06:35:00,1,Collision with vehicle,7,Saturday,130,REAR END(VEHICLES IN SAME LANE),2,70726,4,0,0,1,3,4,1,1,Cross intersection,3,70,Arterial Highway
T20120002723,2012-02-04,10:20:00,1,Collision with vehicle,7,Saturday,130,REAR END(VEHICLES IN SAME LANE),1,249432,3,0,0,2,1,3,1,5,Not at intersection,3,60,Arterial Other
T20120002678,2012-02-04,11:30:00,1,Collision with vehicle,7,Saturday,121,RIGHT THROUGH,1,249417,2,0,0,2,0,2,1,5,Not at intersection,3,60,Arterial Other
T20120002677,2012-02-04,11:45:00,6,Vehicle overturned (no collision),7,Saturday,182,OFF CARRIAGEWAY ON LEFT BEND,1,249416,1,0,0,1,0,1,1,5,Not at intersection,3,80,Arterial Other
T20120002658,2012-02-04,08:50:00,2,Struck Pedestrian,7,Saturday,107,PED ON FOOTHPATH STRUCK BY VEHENTERING/LEAVING DRIVEWAY.,1,249406,1,0,1,0,1,2,1,5,Not at intersection,2,60,Local Road
T20120002663,2012-02-04,08:55:00,1,Collision with vehicle,7,Saturday,147,VEHICLE STRIKES ANOTHER VEH WHILE EMERGING FROM DRIVEWAY,1,249880,2,0,0,1,2,3,1,5,Not at intersection,3,60,Arterial Highway
T20120002676,2012-02-04,10:40:00,4,Collision with a fixed object,7,Saturday,171,LEFT OFF CARRIAGEWAY INTO OBJECT/PARKED VEHICLE,1,252685,1,0,1,0,0,1,1,5,Not at intersection,2,100,Arterial Other
T20120004272,2012-02-04,15:00:00,3,Struck animal,7,Saturday,167,STRUCK ANIMAL,1,249806,1,0,0,1,0,1,2,5,Not at intersection,3,80,Arterial Other
T20120002680,2012-02-04,12:40:00,1,Collision with vehicle,7,Saturday,130,REAR END(VEHICLES IN SAME LANE),1,249419,3,0,0,2,7,9,1,5,Not at intersection,3,80,Arterial Other
T20120002674,2012-02-04,12:15:00,1,Collision with vehicle,7,Saturday,146,REVERSING INTO FIXED OBJECT/PARKED VEHICLE,1,249414,2,0,1,0,5,6,1,2,T intersection,2,50,Local Road
T20120002672,2012-02-04,11:50:00,1,Collision with vehicle,7,Saturday,113,RIGHT NEAR (INTERSECTIONS ONLY),1,43067,2,0,0,1,2,3,1,2,T intersection,3,60,Arterial Other
T20120002671,2012-02-04,11:35:00,4,Collision with a fixed object,7,Saturday,171,LEFT OFF CARRIAGEWAY INTO OBJECT/PARKED VEHICLE,1,354420,1,0,1,0,0,1,1,5,Not at intersection,2,50,Local Road
T20120002668,2012-02-04,12:05:00,6,Vehicle overturned (no collision),7,Saturday,170,OFF CARRIAGEWAY TO LEFT,1,36917,2,0,0,2,1,3,1,2,T intersection,3,50,Arterial Other
T20120002664,2012-02-04,10:30:00,5,collision with some other object,7,Saturday,166,STRUCK OBJECT ON CARRIAGEWAY,1,206240,1,0,1,0,0,1,1,5,Not at intersection,2,60,Arterial Other
T20120002826,2012-02-04,13:44:00,1,Collision with vehicle,7,Saturday,111,RIGHT FAR (INTERSECTIONS ONLY),1,249439,2,0,1,0,1,2,1,1,Cross intersection,2,100,Arterial Other
T20120004758,2012-02-04,13:30:00,8,No collision and no object struck,7,Saturday,184,OUT OF CONTROL ON CARRIAGEWAY (ON BEND),1,250061,1,0,1,0,0,1,2,5,Not at intersection,2,50,Arterial Other
T20120002761,2012-02-05,09:30:00,4,Collision with a fixed object,1,Sunday,183,OFF LEFT BEND INTO OBJECT/PARKED VEHICLE,1,249811,1,0,0,1,0,1,1,5,Not at intersection,3,80,Arterial Highway
T20120002763,2012-02-05,12:09:00,1,Collision with vehicle,1,Sunday,121,RIGHT THROUGH,1,40653,2,0,1,1,0,2,1,1,Cross intersection,2,60,Arterial Other
T20120002766,2012-02-05,14:00:00,1,Collision with vehicle,1,Sunday,120,HEAD ON (NOT OVERTAKING),1,249457,2,0,0,2,1,3,1,5,Not at intersection,3,80,Arterial Highway
T20120002772,2012-02-05,15:55:00,1,Collision with vehicle,1,Sunday,110,CROSS TRAFFIC(INTERSECTIONS ONLY),1,44304,2,0,0,2,2,4,1,1,Cross intersection,3,60,Arterial Other
T20120002773,2012-02-05,16:55:00,4,Collision with a fixed object,0,Sunday,171,LEFT OFF CARRIAGEWAY INTO OBJECT/PARKED VEHICLE,1,34970,1,0,0,1,0,1,1,1,Cross intersection,3,80,Arterial Other
T20120002777,2012-02-05,10:23:00,8,No collision and no object struck,1,Sunday,180,OFF CARRIAGEWAY ON RIGHT BEND,1,249461,1,0,1,0,0,1,1,5,Not at intersection,2,80,Arterial Other
T20120002778,2012-02-05,17:40:00,1,Collision with vehicle,1,Sunday,121,RIGHT THROUGH,1,411,2,0,0,1,2,3,1,1,Cross intersection,3,60,Arterial Other
T20120002779,2012-02-05,12:02:00,4,Collision with a fixed object,1,Sunday,173,RIGHT OFF CARRIAGEWAY INTO OBJECT/PARKED VEHICLE,1,249463,1,0,1,0,0,1,1,5,Not at intersection,2,100,Freeway
T20120002782,2012-02-05,18:15:00,1,Collision with vehicle,1,Sunday,147,VEHICLE STRIKES ANOTHER VEH WHILE EMERGING FROM DRIVEWAY,1,249464,2,0,0,1,1,2,2,5,Not at intersection,3,60,Arterial Highway
T20120002784,2012-02-05,18:35:00,1,Collision with vehicle,1,Sunday,130,REAR END(VEHICLES IN SAME LANE),1,38731,2,0,0,2,1,3,1,1,Cross intersection,3,999,Arterial Highway
T20120002979,2012-02-05,15:15:00,1,Collision with vehicle,1,Sunday,116,LEFT NEAR (INTERSECTIONS ONLY),1,47534,2,0,1,0,3,4,1,1,Cross intersection,2,80,Local Road
T20120002787,2012-02-05,19:08:00,8,No collision and no object struck,1,Sunday,172,OFF CARRIAGEWAY TO RIGHT,1,52676,1,0,0,2,1,3,1,1,Cross intersection,3,60,Arterial Other
T20120002791,2012-02-05,16:00:00,7,Fall from or in moving vehicle,1,Sunday,190,FELL IN/FROM VEHICLE,1,249418,1,0,1,0,1,2,1,1,Cross intersection,2,50,Local Road
T20120002794,2012-02-05,18:34:00,1,Collision with vehicle,1,Sunday,113,RIGHT NEAR (INTERSECTIONS ONLY),1,70171,2,0,1,0,1,2,1,2,T intersection,2,50,Local Road
T20120002805,2012-02-05,12:25:00,1,Collision with vehicle,1,Sunday,130,REAR END(VEHICLES IN SAME LANE),1,48841,2,0,0,1,2,3,1,5,Not at intersection,3,70,Local Road
T20120002811,2012-02-05,12:25:00,2,Struck Pedestrian,1,Sunday,109,ANY MANOEUVRE INVOLVING PED NOT INCLUDED IN DCAs 100-108.,1,127211,1,0,1,0,1,2,1,5,Not at intersection,2,60,Arterial Highway
T20120010851,2012-02-05,21:45:00,6,Vehicle overturned (no collision),1,Sunday,170,OFF CARRIAGEWAY TO LEFT,5,252335,1,0,0,1,0,1,1,5,Not at intersection,3,100,Arterial Other
T20120008906,2012-02-05,13:00:00,1,Collision with vehicle,1,Sunday,130,REAR END(VEHICLES IN SAME LANE),1,51700,2,0,1,1,2,4,2,1,Cross intersection,2,50,Arterial Highway
T20120004932,2012-02-05,12:00:00,6,Vehicle overturned (no collision),1,Sunday,174,OUT OF CONTROL ON CARRIAGEWAY (ON STRAIGHT),1,61754,1,0,0,1,0,1,2,2,T intersection,3,999,Local Road
T20120002813,2012-02-05,17:10:00,1,Collision with vehicle,1,Sunday,130,REAR END(VEHICLES IN SAME LANE),1,36715,2,0,0,1,2,3,2,1,Cross intersection,3,60,Local Road
T20120002827,2012-02-05,13:55:00,1,Collision with vehicle,1,Sunday,113,RIGHT NEAR (INTERSECTIONS ONLY),1,49636,2,0,2,0,0,2,1,1,Cross intersection,2,80,Local Road
T20120002901,2012-02-05,08:30:00,8,No collision and no object struck,1,Sunday,174,OUT OF CONTROL ON CARRIAGEWAY (ON STRAIGHT),1,279210,1,0,0,1,0,1,2,4,Multiple intersection,3,60,Freeway
T20120002920,2012-02-05,13:05:00,2,Struck Pedestrian,1,Sunday,101,PED EMERGES FROM IN FRONT OF PARKED OR STATIONARY VEHICLE,1,54119,1,0,0,1,1,2,1,2,T intersection,3,60,Arterial Other
T20130002405,2012-02-05,12:30:00,4,Collision with a fixed object,1,Sunday,173,RIGHT OFF CARRIAGEWAY INTO OBJECT/PARKED VEHICLE,1,273072,1,0,0,1,0,1,2,5,Not at intersection,3,999,
T20120004547,2012-02-05,12:30:00,5,collision with some other object,1,Sunday,166,STRUCK OBJECT ON CARRIAGEWAY,1,39568,1,0,0,1,0,1,2,2,T intersection,3,60,Arterial Other
T20120002799,2012-02-05,22:10:00,1,Collision with vehicle,1,Sunday,110,CROSS TRAFFIC(INTERSECTIONS ONLY),3,47760,2,0,1,0,1,2,1,1,Cross intersection,2,100,Freeway
T20120002717,2012-02-05,01:30:00,1,Collision with vehicle,1,Sunday,169,OTHER ON PATH,3,67371,2,0,0,3,1,4,1,1,Cross intersection,3,40,Local Road
T20120002726,2012-02-05,03:40:00,6,Vehicle overturned (no collision),1,Sunday,180,OFF CARRIAGEWAY ON RIGHT BEND,5,256117,1,0,1,0,0,1,1,5,Not at intersection,2,100,Arterial Highway
T20120002732,2012-02-05,08:38:00,1,Collision with vehicle,1,Sunday,121,RIGHT THROUGH,1,57576,2,0,1,2,0,3,1,1,Cross intersection,2,80,Arterial Highway
T20120002735,2012-02-05,10:15:00,4,Collision with a fixed object,0,Sunday,181,OFF RIGHT BEND INTO OBJECT/PARKED VEHICLE,1,283547,1,0,1,0,0,1,1,5,Not at intersection,2,100,Local Road
T20120002737,2012-02-05,11:20:00,1,Collision with vehicle,1,Sunday,121,RIGHT THROUGH,1,43422,2,0,1,2,0,3,1,2,T intersection,2,70,Arterial Other
T20120002739,2012-02-05,11:30:00,4,Collision with a fixed object,1,Sunday,183,OFF LEFT BEND INTO OBJECT/PARKED VEHICLE,1,249441,1,0,0,1,0,1,1,5,Not at intersection,3,100,
T20120002831,2012-02-05,13:30:00,7,Fall from or in moving vehicle,1,Sunday,190,FELL IN/FROM VEHICLE,1,249446,1,0,0,1,0,1,2,5,Not at intersection,3,50,Local Road
T20120002746,2012-02-05,12:30:00,1,Collision with vehicle,1,Sunday,140,U TURN,1,249450,2,0,0,1,2,3,2,5,Not at intersection,3,70,Arterial Other
T20120002748,2012-02-05,14:25:00,1,Collision with vehicle,1,Sunday,121,RIGHT THROUGH,1,30043,2,0,1,1,1,3,1,2,T intersection,2,80,Arterial Highway
T20120002750,2012-02-05,13:54:00,1,Collision with vehicle,1,Sunday,110,CROSS TRAFFIC(INTERSECTIONS ONLY),1,65067,2,0,0,2,0,2,1,1,Cross intersection,3,80,Arterial Other
T20120002751,2012-02-05,13:50:00,4,Collision with a fixed object,1,Sunday,171,LEFT OFF CARRIAGEWAY INTO OBJECT/PARKED VEHICLE,1,249453,1,0,0,1,0,1,1,5,Not at intersection,3,100,Arterial Highway
T20120002754,2012-02-05,13:00:00,1,Collision with vehicle,1,Sunday,131,LEFT REAR,1,59874,2,0,1,0,1,2,1,1,Cross intersection,2,50,Local Road
T20120002759,2012-02-05,14:20:00,1,Collision with vehicle,1,Sunday,130,REAR END(VEHICLES IN SAME LANE),1,249455,3,0,0,1,2,3,1,5,Not at intersection,3,80,Arterial Highway
T20120002890,2012-02-06,22:50:00,1,Collision with vehicle,2,Monday,110,CROSS TRAFFIC(INTERSECTIONS ONLY),3,52690,2,0,0,1,1,2,1,1,Cross intersection,3,60,Arterial Highway
T20120002891,2012-02-06,16:00:00,1,Collision with vehicle,2,Monday,130,REAR END(VEHICLES IN SAME LANE),1,249466,3,0,0,1,3,4,1,2,T intersection,3,60,Local Road
T20120002863,2012-02-06,16:50:00,1,Collision with vehicle,2,Monday,121,RIGHT THROUGH,1,43056,2,0,0,4,0,4,1,1,Cross intersection,3,50,Local Road
T20120002816,2012-02-06,08:45:00,1,Collision with vehicle,2,Monday,130,REAR END(VEHICLES IN SAME LANE),1,249882,2,0,1,2,0,3,1,5,Not at intersection,2,100,Freeway
T20120002914,2012-02-06,07:58:00,1,Collision with vehicle,2,Monday,154,PULLING OUT -REAR END,1,249475,2,0,0,1,1,2,2,5,Not at intersection,3,80,Arterial Highway
T20120002818,2012-02-06,06:00:00,4,Collision with a fixed object,2,Monday,171,LEFT OFF CARRIAGEWAY INTO OBJECT/PARKED VEHICLE,2,249427,1,0,0,1,0,1,1,5,Not at intersection,3,80,Arterial Other
T20120002824,2012-02-06,09:00:00,2,Struck Pedestrian,2,Monday,100,PED NEAR SIDE. PED HIT BY VEHICLE FROM THE RIGHT.,1,249434,1,0,0,1,1,2,1,5,Not at intersection,3,50,Local Road
T20120002894,2012-02-06,21:50:00,1,Collision with vehicle,2,Monday,110,CROSS TRAFFIC(INTERSECTIONS ONLY),3,41297,2,0,1,0,1,2,1,1,Cross intersection,2,60,Local Road
T20120002825,2012-02-06,09:29:00,1,Collision with vehicle,2,Monday,121,RIGHT THROUGH,1,84,2,0,0,1,1,2,1,1,Cross intersection,3,70,Arterial Highway
T20120002829,2012-02-06,11:45:00,6,Vehicle overturned (no collision),2,Monday,172,OFF CARRIAGEWAY TO RIGHT,1,249445,1,0,2,1,0,3,1,5,Not at intersection,2,80,Arterial Highway
T20120002855,2012-02-06,16:50:00,1,Collision with vehicle,2,Monday,130,REAR END(VEHICLES IN SAME LANE),1,249907,2,0,0,1,1,2,2,5,Not at intersection,3,70,Arterial Highway
T20120002838,2012-02-06,13:00:00,1,Collision with vehicle,2,Monday,113,RIGHT NEAR (INTERSECTIONS ONLY),1,45442,4,0,0,4,2,6,1,2,T intersection,3,60,Arterial Other
T20120003550,2012-02-06,16:00:00,1,Collision with vehicle,2,Monday,131,LEFT REAR,1,38526,2,0,1,0,1,2,2,1,Cross intersection,2,50,Local Road
T20120003192,2012-02-06,08:00:00,1,Collision with vehicle,2,Monday,121,RIGHT THROUGH,1,244353,2,0,0,1,1,2,2,2,T intersection,3,60,Arterial Other
T20120003803,2012-02-06,13:00:00,8,No collision and no object struck,2,Monday,189,OTHER ACCIDENTS ON CURVE NOT INCLUDED IN DCAs 180-184,1,249780,1,0,1,0,0,1,2,5,Not at intersection,2,80,
T20120002810,2012-02-06,04:15:00,1,Collision with vehicle,2,Monday,110,CROSS TRAFFIC(INTERSECTIONS ONLY),3,221383,2,0,1,0,1,2,1,1,Cross intersection,2,80,Arterial Other
T20120003394,2012-02-06,22:30:00,6,Vehicle overturned (no collision),2,Monday,182,OFF CARRIAGEWAY ON LEFT BEND,5,249636,1,0,0,2,0,2,2,5,Not at intersection,3,60,
T20120002869,2012-02-06,15:00:00,1,Collision with vehicle,1,Monday,141,U TURN INTO FIXED OBJECT/PARKED VEHICLE,1,355261,2,0,1,0,1,2,1,5,Not at intersection,2,60,Arterial Other
T20120002865,2012-02-06,18:00:00,1,Collision with vehicle,2,Monday,160,VEHICLE COLLIDES WITH VEHICLE PARKED ON LEFT OF ROAD,1,249451,2,0,0,1,0,1,1,2,T intersection,3,60,Arterial Highway
T20120002866,2012-02-06,19:00:00,1,Collision with vehicle,2,Monday,137,LEFT TURN SIDESWIPE,1,67558,3,0,0,1,2,3,1,2,T intersection,3,50,Local Road
T20120002828,2012-02-06,11:25:00,1,Collision with vehicle,2,Monday,140,U TURN,1,249444,2,0,1,0,1,2,1,5,Not at intersection,2,50,Local Road
T20120002867,2012-02-06,20:00:00,1,Collision with vehicle,2,Monday,130,REAR END(VEHICLES IN SAME LANE),1,52926,2,0,0,1,2,3,2,1,Cross intersection,3,60,Arterial Other
T20120004701,2012-02-06,07:35:00,1,Collision with vehicle,2,Monday,130,REAR END(VEHICLES IN SAME LANE),1,35610,2,0,0,1,1,2,2,4,Multiple intersection,3,60,Arterial Other
T20120002868,2012-02-06,08:53:00,1,Collision with vehicle,2,Monday,137,LEFT TURN SIDESWIPE,1,36317,2,0,0,1,1,2,2,1,Cross intersection,3,50,Local Road
T20120002922,2012-02-06,21:45:00,1,Collision with vehicle,2,Monday,110,CROSS TRAFFIC(INTERSECTIONS ONLY),3,57357,2,0,0,2,0,2,1,1,Cross intersection,3,80,Arterial Other
T20120002843,2012-02-06,13:30:00,1,Collision with vehicle,2,Monday,130,REAR END(VEHICLES IN SAME LANE),1,252873,2,0,0,1,2,3,1,5,Not at intersection,3,40,Local Road
T20120002872,2012-02-06,14:30:00,2,Struck Pedestrian,2,Monday,100,PED NEAR SIDE. PED HIT BY VEHICLE FROM THE RIGHT.,1,249452,1,0,0,1,1,2,1,5,Not at intersection,3,70,Arterial Highway
T20120002862,2012-02-06,17:55:00,4,Collision with a fixed object,2,Monday,171,LEFT OFF CARRIAGEWAY INTO OBJECT/PARKED VEHICLE,1,254167,1,0,1,1,0,2,1,2,T intersection,2,50,Local Road
T20120002874,2012-02-06,17:10:00,8,No collision and no object struck,2,Monday,174,OUT OF CONTROL ON CARRIAGEWAY (ON STRAIGHT),1,246022,2,0,0,1,1,2,1,5,Not at intersection,3,50,Local Road
T20120002877,2012-02-06,18:30:00,1,Collision with vehicle,2,Monday,130,REAR END(VEHICLES IN SAME LANE),1,249462,2,0,1,1,0,2,1,5,Not at intersection,2,60,Arterial Other
T20120002880,2012-02-06,20:15:00,7,Fall from or in moving vehicle,2,Monday,174,OUT OF CONTROL ON CARRIAGEWAY (ON STRAIGHT),5,253138,1,0,0,1,0,1,1,5,Not at intersection,3,80,Arterial Other
T20120002884,2012-02-06,19:35:00,1,Collision with vehicle,2,Monday,113,RIGHT NEAR (INTERSECTIONS ONLY),1,60001,2,0,0,1,1,2,2,2,T intersection,3,60,Arterial Highway
T20120002887,2012-02-06,20:45:00,2,Struck Pedestrian,2,Monday,101,PED EMERGES FROM IN FRONT OF PARKED OR STATIONARY VEHICLE,3,253292,1,0,1,0,2,3,1,5,Not at intersection,2,40,Local Road
T20120002864,2012-02-06,15:45:00,1,Collision with vehicle,2,Monday,130,REAR END(VEHICLES IN SAME LANE),1,226245,2,0,1,0,1,2,1,1,Cross intersection,2,80,Arterial Highway
T20120002856,2012-02-06,18:30:00,2,Struck Pedestrian,2,Monday,100,PED NEAR SIDE. PED HIT BY VEHICLE FROM THE RIGHT.,1,35304,1,0,1,0,1,2,1,1,Cross intersection,2,60,Arterial Other
T20120002888,2012-02-06,14:15:00,1,Collision with vehicle,2,Monday,110,CROSS TRAFFIC(INTERSECTIONS ONLY),1,52530,2,0,1,0,1,2,1,1,Cross intersection,2,60,Local Road
T20120002858,2012-02-06,18:20:00,1,Collision with vehicle,2,Monday,110,CROSS TRAFFIC(INTERSECTIONS ONLY),1,38578,2,0,1,0,1,2,1,1,Cross intersection,2,60,Arterial Other
T20120002845,2012-02-06,14:30:00,1,Collision with vehicle,2,Monday,115,RIGHT/LEFT FAR (INTERSECTIONS ONLY),1,58051,2,0,0,2,1,3,1,2,T intersection,3,70,Local Road
T20120002889,2012-02-06,21:25:00,1,Collision with vehicle,2,Monday,130,REAR END(VEHICLES IN SAME LANE),3,251973,2,0,0,3,1,4,1,5,Not at intersection,3,80,Arterial Other
T20120002846,2012-02-06,12:10:00,4,Collision with a fixed object,2,Monday,179,OTHER ACCIDENTS-OFF STRAIGHT NOT INCLUDED IN DCAs 170-175,1,226809,1,0,1,0,0,1,1,5,Not at intersection,2,777,Arterial Other
T20120002847,2012-02-06,08:00:00,8,No collision and no object struck,2,Monday,174,OUT OF CONTROL ON CARRIAGEWAY (ON STRAIGHT),1,249448,1,0,0,1,0,1,2,5,Not at intersection,3,999,Local Road