ACCIDENT_NO,ACCIDENT_DATE,ACCIDENT_TIME,ACCIDENT_TYPE,ACCIDENT_TYPE_DESC,DAY_OF_WEEK,DAY_WEEK_DESC,DCA_CODE,DCA_DESC,LIGHT_CONDITION,NODE_ID,NO_OF_VEHICLES,NO_PERSONS_KILLED,NO_PERSONS_INJ_2,NO_PERSONS_INJ_3,NO_PERSONS_NOT_INJ,NO_PERSONS,POLICE_ATTEND,ROAD_GEOMETRY,ROAD_GEOMETRY_DESC,SEVERITY,SPEED_ZONE,RMA
T20120002852,2012-02-06,14:10:00,1,Collision with vehicle,2,Monday,111,RIGHT FAR (INTERSECTIONS ONLY),1,19412,2,0,2,1,0,3,1,1,Cross intersection,2,100,Arterial Highway
T20120002815,2012-02-06,08:25:00,1,Collision with vehicle,2,Monday,113,RIGHT NEAR (INTERSECTIONS ONLY),1,249426,2,0,0,1,4,5,1,2,T intersection,3,60,Arterial Other
T20120002959,2012-02-07,17:20:00,1,Collision with vehicle,3,Tuesday,130,REAR END(VEHICLES IN SAME LANE),1,249488,3,0,1,1,1,3,1,5,Not at intersection,2,80,Arterial Highway
T20120002958,2012-02-07,18:15:00,1,Collision with vehicle,3,Tuesday,145,REVERSING IN STREAM OF TRAFFIC,1,249486,2,0,0,1,4,5,1,5,Not at intersection,3,60,Local Road
T20120002955,2012-02-07,16:45:00,1,Collision with vehicle,3,Tuesday,110,CROSS TRAFFIC(INTERSECTIONS ONLY),1,49175,2,0,1,0,1,2,1,1,Cross intersection,2,70,Local Road
T20120003172,2012-02-07,19:35:00,8,No collision and no object struck,3,Tuesday,174,OUT OF CONTROL ON CARRIAGEWAY (ON STRAIGHT),2,29438,2,0,0,1,1,2,2,2,T intersection,3,40,Arterial Other
T20120002953,2012-02-07,17:25:00,1,Collision with vehicle,3,Tuesday,113,RIGHT NEAR (INTERSECTIONS ONLY),1,22747,2,0,0,1,1,2,1,2,T intersection,3,70,Arterial Highway
T20120003008,2012-02-07,16:45:00,1,Collision with vehicle,3,Tuesday,130,REAR END(VEHICLES IN SAME LANE),1,249524,5,0,0,1,5,6,1,5,Not at intersection,3,80,Arterial Other
T20120002980,2012-02-07,20:45:00,4,Collision with a fixed object,3,Tuesday,171,LEFT OFF CARRIAGEWAY INTO OBJECT/PARKED VEHICLE,3,249511,1,0,0,1,0,1,1,5,Not at intersection,3,80,Arterial Other
T20120002997,2012-02-07,18:00:00,2,Struck Pedestrian,3,Tuesday,108,PED STRUCK WALKING TO/FROM OR BOARDING/ALIGHTING VEHICLE.,1,29599,1,0,0,1,1,2,1,1,Cross intersection,3,60,Arterial Other
T20120003126,2012-02-07,09:15:00,1,Collision with vehicle,3,Tuesday,121,RIGHT THROUGH,1,17689,2,0,0,1,1,2,1,2,T intersection,3,50,Arterial Other
T20120002899,2012-02-07,07:53:00,2,Struck Pedestrian,3,Tuesday,109,ANY MANOEUVRE INVOLVING PED NOT INCLUDED IN DCAs 100-108.,1,35782,1,0,1,0,1,2,1,2,T intersection,2,60,Arterial Other
T20120002917,2012-02-07,09:52:00,2,Struck Pedestrian,3,Tuesday,101,PED EMERGES FROM IN FRONT OF PARKED OR STATIONARY VEHICLE,1,119,1,0,0,1,1,2,1,1,Cross intersection,3,50,Arterial Other
T20120002911,2012-02-07,07:10:00,1,Collision with vehicle,3,Tuesday,160,VEHICLE COLLIDES WITH VEHICLE PARKED ON LEFT OF ROAD,1,40728,2,0,0,1,1,2,1,2,T intersection,3,60,Arterial Other
T20120002908,2012-02-07,09:25:00,1,Collision with vehicle,3,Tuesday,130,REAR END(VEHICLES IN SAME LANE),1,249471,2,0,0,1,1,2,1,5,Not at intersection,3,100,Freeway
T20120002907,2012-02-07,08:32:00,1,Collision with vehicle,3,Tuesday,162,ACCIDENT OR BROKEN DOWN,1,249582,8,0,1,2,15,18,1,5,Not at intersection,2,80,Arterial Other
T20120002952,2012-02-07,16:02:00,1,Collision with vehicle,3,Tuesday,120,HEAD ON (NOT OVERTAKING),1,249910,2,0,0,1,3,4,1,2,T intersection,3,50,Local Road
T20120002941,2012-02-07,15:50:00,2,Struck Pedestrian,3,Tuesday,100,PED NEAR SIDE. PED HIT BY VEHICLE FROM THE RIGHT.,1,249481,1,0,1,0,1,2,1,5,Not at intersection,2,70,Arterial Highway
T20120002939,2012-02-07,11:35:00,1,Collision with vehicle,3,Tuesday,120,HEAD ON (NOT OVERTAKING),1,187115,3,1,0,2,2,5,1,5,Not at intersection,1,60,Arterial Other
T20120002938,2012-02-07,10:30:00,4,Collision with a fixed object,2,Tuesday,181,OFF RIGHT BEND INTO OBJECT/PARKED VEHICLE,1,277097,1,0,1,0,0,1,1,5,Not at intersection,2,80,Arterial Other
T20120002937,2012-02-07,14:15:00,1,Collision with vehicle,3,Tuesday,121,RIGHT THROUGH,1,41848,2,0,1,0,2,3,1,2,T intersection,2,60,Arterial Other
T20120002927,2012-02-07,13:25:00,1,Collision with vehicle,3,Tuesday,130,REAR END(VEHICLES IN SAME LANE),1,65766,3,0,0,1,2,3,1,5,Not at intersection,3,60,Arterial Other
T20120002926,2012-02-07,13:55:00,1,Collision with vehicle,3,Tuesday,163,VEHICLE STRIKES DOOR OF PARKED/STATIONARY VEHICLE,1,228167,2,0,0,1,1,2,2,5,Not at intersection,3,40,Local Road
T20120002923,2012-02-07,08:00:00,1,Collision with vehicle,3,Tuesday,130,REAR END(VEHICLES IN SAME LANE),1,249478,3,0,0,2,1,3,1,5,Not at intersection,3,70,Arterial Other
T20120002921,2012-02-07,07:00:00,8,No collision and no object struck,3,Tuesday,174,OUT OF CONTROL ON CARRIAGEWAY (ON STRAIGHT),1,249477,1,0,0,1,0,1,1,5,Not at intersection,3,60,Local Road
T20120002918,2012-02-07,10:00:00,1,Collision with vehicle,3,Tuesday,163,VEHICLE STRIKES DOOR OF PARKED/STATIONARY VEHICLE,1,49162,3,0,0,1,2,3,1,2,T intersection,3,60,Arterial Highway
T20120002906,2012-02-07,06:45:00,2,Struck Pedestrian,3,Tuesday,103,PED PLAYING/LYING/WORKING/STANDING ON CARRIAGEWAY.,1,249470,1,0,0,1,1,2,1,5,Not at intersection,3,50,Local Road
T20120003164,2012-02-07,08:20:00,1,Collision with vehicle,3,Tuesday,130,REAR END(VEHICLES IN SAME LANE),1,249549,4,0,0,1,3,4,2,5,Not at intersection,3,80,Arterial Highway
T20120002903,2012-02-07,08:15:00,1,Collision with vehicle,3,Tuesday,121,RIGHT THROUGH,1,36853,2,0,0,1,3,4,1,2,T intersection,3,40,Arterial Other
T20120002900,2012-02-07,07:45:00,1,Collision with vehicle,3,Tuesday,121,RIGHT THROUGH,1,39188,2,0,0,1,1,2,1,2,T intersection,3,60,Arterial Other
T20120002999,2012-02-07,19:00:00,1,Collision with vehicle,3,Tuesday,120,HEAD ON (NOT OVERTAKING),1,249520,2,0,0,2,1,3,1,2,T intersection,3,50,Local Road
T20120002977,2012-02-07,01:00:00,4,Collision with a fixed object,3,Tuesday,171,LEFT OFF CARRIAGEWAY INTO OBJECT/PARKED VEHICLE,3,250223,1,0,0,1,0,1,1,2,T intersection,3,60,Local Road
T20120016503,2012-02-07,17:45:00,1,Collision with vehicle,3,Tuesday,130,REAR END(VEHICLES IN SAME LANE),1,29951,2,0,0,1,1,2,2,1,Cross intersection,3,60,Local Road
T20120002978,2012-02-07,21:45:00,1,Collision with vehicle,3,Tuesday,110,CROSS TRAFFIC(INTERSECTIONS ONLY),3,35350,2,0,1,0,1,2,2,1,Cross intersection,2,50,Local Road
T20120002960,2012-02-07,18:20:00,8,No collision and no object struck,3,Tuesday,174,OUT OF CONTROL ON CARRIAGEWAY (ON STRAIGHT),1,45572,1,0,1,0,0,1,1,2,T intersection,2,40,
T20120002961,2012-02-07,18:30:00,1,Collision with vehicle,3,Tuesday,121,RIGHT THROUGH,1,42185,2,0,2,0,1,3,1,2,T intersection,2,60,Arterial Other
T20120002965,2012-02-07,17:55:00,1,Collision with vehicle,3,Tuesday,160,VEHICLE COLLIDES WITH VEHICLE PARKED ON LEFT OF ROAD,1,249491,2,0,0,1,0,1,1,5,Not at intersection,3,60,Local Road
T20120002966,2012-02-07,18:50:00,6,Vehicle overturned (no collision),3,Tuesday,170,OFF CARRIAGEWAY TO LEFT,1,249492,1,0,0,1,0,1,1,5,Not at intersection,3,110,Freeway
T20120002968,2012-02-07,18:32:00,6,Vehicle overturned (no collision),3,Tuesday,180,OFF CARRIAGEWAY ON RIGHT BEND,1,249494,1,0,0,1,2,3,1,5,Not at intersection,3,80,Local Road
T20120002969,2012-02-07,00:30:00,4,Collision with a fixed object,3,Tuesday,171,LEFT OFF CARRIAGEWAY INTO OBJECT/PARKED VEHICLE,3,61423,2,0,0,1,1,2,2,2,T intersection,3,70,Local Road
T20120002970,2012-02-07,15:58:00,1,Collision with vehicle,3,Tuesday,121,RIGHT THROUGH,1,246272,3,0,0,1,5,6,1,5,Not at intersection,3,60,Arterial Other
T20120002972,2012-02-07,16:15:00,1,Collision with vehicle,3,Tuesday,121,RIGHT THROUGH,1,38755,2,0,1,1,0,2,1,2,T intersection,2,80,Arterial Other
T20120002976,2012-02-07,21:46:00,1,Collision with vehicle,3,Tuesday,134,LANE CHANGE RIGHT (NOT OVERTAKING),9,32702,2,0,0,1,1,2,1,2,T intersection,3,60,Local Road
T20120003107,2012-02-08,08:30:00,1,Collision with vehicle,4,Wednesday,130,REAR END(VEHICLES IN SAME LANE),1,45798,3,0,0,1,2,3,2,2,T intersection,3,80,Arterial Other
T20120006391,2012-02-08,15:10:00,1,Collision with vehicle,4,Wednesday,134,LANE CHANGE RIGHT (NOT OVERTAKING),1,250460,2,0,0,2,0,2,2,5,Not at intersection,3,100,Freeway
T20120003009,2012-02-08,07:55:00,1,Collision with vehicle,4,Wednesday,130,REAR END(VEHICLES IN SAME LANE),1,39749,2,0,0,1,1,2,1,2,T intersection,3,70,Arterial Other
T20120003296,2012-02-08,17:01:00,1,Collision with vehicle,4,Wednesday,130,REAR END(VEHICLES IN SAME LANE),1,249600,3,0,0,1,2,3,2,5,Not at intersection,3,60,Arterial Other
T20120003070,2012-02-08,18:45:00,1,Collision with vehicle,4,Wednesday,136,RIGHT TURN SIDESWIPE,1,69063,3,0,2,0,1,3,1,2,T intersection,2,50,Local Road
T20120003012,2012-02-08,10:55:00,2,Struck Pedestrian,4,Wednesday,100,PED NEAR SIDE. PED HIT BY VEHICLE FROM THE RIGHT.,1,249525,1,0,0,1,1,2,1,5,Not at intersection,3,50,Local Road
T20120003019,2012-02-08,06:30:00,1,Collision with vehicle,4,Wednesday,130,REAR END(VEHICLES IN SAME LANE),2,249526,2,0,0,1,1,2,2,5,Not at intersection,3,100,Freeway
T20120003024,2012-02-08,08:20:00,1,Collision with vehicle,4,Wednesday,116,LEFT NEAR (INTERSECTIONS ONLY),1,37044,2,0,0,1,1,2,1,2,T intersection,3,60,Arterial Other
T20120004031,2012-02-08,17:30:00,1,Collision with vehicle,3,Wednesday,130,REAR END(VEHICLES IN SAME LANE),1,354442,2,0,1,0,1,2,2,5,Not at intersection,2,60,Arterial Other
T20120003026,2012-02-08,11:36:00,1,Collision with vehicle,4,Wednesday,110,CROSS TRAFFIC(INTERSECTIONS ONLY),1,29596,2,0,0,2,1,3,1,1,Cross intersection,3,40,Arterial Other
T20120003001,2012-02-08,08:30:00,1,Collision with vehicle,4,Wednesday,130,REAR END(VEHICLES IN SAME LANE),1,224341,2,0,0,1,2,3,1,2,T intersection,3,80,Arterial Highway
T20120003211,2012-02-08,08:00:00,8,No collision and no object struck,4,Wednesday,174,OUT OF CONTROL ON CARRIAGEWAY (ON STRAIGHT),1,37730,2,0,1,0,1,2,2,2,T intersection,2,40,Arterial Other
T20120003030,2012-02-08,13:14:00,1,Collision with vehicle,4,Wednesday,121,RIGHT THROUGH,1,36576,2,0,0,1,1,2,1,2,T intersection,3,60,Arterial Other
T20120004274,2012-02-08,15:30:00,1,Collision with vehicle,4,Wednesday,130,REAR END(VEHICLES IN SAME LANE),1,69389,2,0,0,1,1,2,2,1,Cross intersection,3,80,Arterial Highway
T20120003546,2012-02-08,17:00:00,2,Struck Pedestrian,4,Wednesday,107,PED ON FOOTHPATH STRUCK BY VEHENTERING/LEAVING DRIVEWAY.,1,249580,1,0,0,1,1,2,2,5,Not at intersection,3,50,Local Road
T20120003072,2012-02-08,19:10:00,1,Collision with vehicle,3,Wednesday,136,RIGHT TURN SIDESWIPE,1,46283,3,0,1,0,2,3,1,1,Cross intersection,2,50,Arterial Other
T20120003031,2012-02-08,13:10:00,1,Collision with vehicle,4,Wednesday,169,OTHER ON PATH,1,249528,2,0,0,1,1,2,1,5,Not at intersection,3,60,Arterial Other
T20120003035,2012-02-08,12:45:00,1,Collision with vehicle,4,Wednesday,143,ENTERING PARKING,1,29840,2,0,0,1,1,2,1,1,Cross intersection,3,40,Arterial Other
T20120003007,2012-02-08,08:45:00,1,Collision with vehicle,4,Wednesday,133,LANE SIDE SWIPE (VEHICLES IN PARALLEL LANES),1,249523,2,0,0,1,1,2,1,5,Not at intersection,3,100,Freeway
T20120003076,2012-02-08,18:15:00,1,Collision with vehicle,4,Wednesday,130,REAR END(VEHICLES IN SAME LANE),1,249538,2,0,0,1,1,2,1,5,Not at intersection,3,80,
T20120003095,2012-02-08,20:35:00,4,Collision with a fixed object,4,Wednesday,173,RIGHT OFF CARRIAGEWAY INTO OBJECT/PARKED VEHICLE,2,249542,1,0,1,0,0,1,1,5,Not at intersection,2,100,Arterial Other
T20120003099,2012-02-08,10:35:00,1,Collision with vehicle,4,Wednesday,152,PULLING OUT (OVERTAKING),1,249474,2,0,0,2,9,11,1,5,Not at intersection,3,100,Arterial Highway
T20120003077,2012-02-08,20:15:00,1,Collision with vehicle,4,Wednesday,121,RIGHT THROUGH,2,45433,2,0,0,1,2,3,1,1,Cross intersection,3,60,Arterial Other
T20120003037,2012-02-08,14:15:00,1,Collision with vehicle,4,Wednesday,147,VEHICLE STRIKES ANOTHER VEH WHILE EMERGING FROM DRIVEWAY,1,249530,2,0,0,1,1,2,1,5,Not at intersection,3,60,Arterial Other
T20120003103,2012-02-08,17:30:00,1,Collision with vehicle,4,Wednesday,147,VEHICLE STRIKES ANOTHER VEH WHILE EMERGING FROM DRIVEWAY,1,249476,2,0,0,1,1,2,2,2,T intersection,3,50,Local Road
T20120003081,2012-02-08,15:43:00,1,Collision with vehicle,4,Wednesday,160,VEHICLE COLLIDES WITH VEHICLE PARKED ON LEFT OF ROAD,1,45193,2,0,0,2,0,2,1,2,T intersection,3,60,Arterial Other
T20120003083,2012-02-08,21:55:00,1,Collision with vehicle,4,Wednesday,121,RIGHT THROUGH,3,224517,2,0,1,1,1,3,2,2,T intersection,2,70,Local Road
T20120003044,2012-02-08,14:20:00,1,Collision with vehicle,4,Wednesday,130,REAR END(VEHICLES IN SAME LANE),1,250906,4,0,1,0,3,4,1,5,Not at intersection,2,100,Freeway
T20120003067,2012-02-08,17:45:00,1,Collision with vehicle,4,Wednesday,113,RIGHT NEAR (INTERSECTIONS ONLY),1,19480,2,0,0,4,1,5,1,2,T intersection,3,100,Arterial Highway
T20120003066,2012-02-08,17:50:00,1,Collision with vehicle,4,Wednesday,147,VEHICLE STRIKES ANOTHER VEH WHILE EMERGING FROM DRIVEWAY,1,249534,2,0,0,1,1,2,1,5,Not at intersection,3,50,
T20120004079,2012-02-08,16:45:00,1,Collision with vehicle,4,Wednesday,163,VEHICLE STRIKES DOOR OF PARKED/STATIONARY VEHICLE,1,250846,2,0,0,1,2,3,2,5,Not at intersection,3,999,Arterial Other
T20120003063,2012-02-08,17:35:00,1,Collision with vehicle,4,Wednesday,110,CROSS TRAFFIC(INTERSECTIONS ONLY),1,73549,2,0,0,1,1,2,1,1,Cross intersection,3,100,Local Road
T20120003062,2012-02-08,17:34:00,2,Struck Pedestrian,4,Wednesday,101,PED EMERGES FROM IN FRONT OF PARKED OR STATIONARY VEHICLE,1,249533,1,0,1,0,1,2,1,5,Not at intersection,2,60,Arterial Other
T20120003056,2012-02-08,17:20:00,2,Struck Pedestrian,4,Wednesday,101,PED EMERGES FROM IN FRONT OF PARKED OR STATIONARY VEHICLE,1,39682,1,0,1,0,1,2,1,2,T intersection,2,80,Arterial Highway
T20120003069,2012-02-08,19:50:00,8,No collision and no object struck,4,Wednesday,179,OTHER ACCIDENTS-OFF STRAIGHT NOT INCLUDED IN DCAs 170-175,2,249536,1,0,0,1,0,1,2,5,Not at intersection,3,60,Freeway
T20120003004,2012-02-08,09:01:00,1,Collision with vehicle,4,Wednesday,134,LANE CHANGE RIGHT (NOT OVERTAKING),1,249522,2,0,0,1,1,2,1,5,Not at intersection,3,100,Freeway
T20120003040,2012-02-08,14:30:00,1,Collision with vehicle,4,Wednesday,140,U TURN,1,50968,2,0,0,1,1,2,1,1,Cross intersection,3,50,Arterial Other
T20120003041,2012-02-08,13:50:00,1,Collision with vehicle,4,Wednesday,136,RIGHT TURN SIDESWIPE,1,47414,2,0,0,1,2,3,1,2,T intersection,3,100,Freeway
T20120003267,2012-02-08,00:15:00,2,Struck Pedestrian,4,Wednesday,100,PED NEAR SIDE. PED HIT BY VEHICLE FROM THE RIGHT.,3,62972,1,0,1,0,1,2,1,2,T intersection,2,999,Local Road
T20120003679,2012-02-08,06:30:00,3,Struck animal,4,Wednesday,167,STRUCK ANIMAL,2,250842,1,0,0,1,0,1,2,5,Not at intersection,3,100,Local Road
T20120003714,2012-02-08,20:30:00,6,Vehicle overturned (no collision),4,Wednesday,174,OUT OF CONTROL ON CARRIAGEWAY (ON STRAIGHT),2,250970,1,0,0,1,0,1,2,5,Not at intersection,3,50,Local Road
T20120003003,2012-02-08,08:25:00,1,Collision with vehicle,4,Wednesday,110,CROSS TRAFFIC(INTERSECTIONS ONLY),1,249521,2,0,1,0,1,2,1,1,Cross intersection,2,80,Arterial Highway
T20120005579,2012-02-08,13:41:00,1,Collision with vehicle,4,Wednesday,130,REAR END(VEHICLES IN SAME LANE),1,250277,2,0,0,1,2,3,1,5,Not at intersection,3,60,
T20120003071,2012-02-08,14:45:00,2,Struck Pedestrian,4,Wednesday,109,ANY MANOEUVRE INVOLVING PED NOT INCLUDED IN DCAs 100-108.,1,51667,1,0,1,0,1,2,2,1,Cross intersection,2,60,Arterial Other
T20120003677,2012-02-08,17:25:00,1,Collision with vehicle,4,Wednesday,132,RIGHT REAR.,1,29944,2,0,1,0,1,2,2,1,Cross intersection,2,50,Local Road
T20120002998,2012-02-08,07:55:00,4,Collision with a fixed object,4,Wednesday,171,LEFT OFF CARRIAGEWAY INTO OBJECT/PARKED VEHICLE,1,19574,2,0,2,0,0,2,1,2,T intersection,2,100,Arterial Highway
T20120003124,2012-02-08,08:00:00,6,Vehicle overturned (no collision),4,Wednesday,180,OFF CARRIAGEWAY ON RIGHT BEND,1,250024,1,0,1,0,0,1,1,5,Not at intersection,2,100,Arterial Other
T20120003132,2012-02-08,22:05:00,1,Collision with vehicle,4,Wednesday,110,CROSS TRAFFIC(INTERSECTIONS ONLY),3,49940,2,0,0,1,1,2,1,1,Cross intersection,3,50,Local Road
T20120002993,2012-02-08,07:20:00,1,Collision with vehicle,4,Wednesday,130,REAR END(VEHICLES IN SAME LANE),1,45111,3,0,1,0,2,3,1,2,T intersection,2,70,Arterial Other
T20120002988,2012-02-08,01:30:00,4,Collision with a fixed object,4,Wednesday,171,LEFT OFF CARRIAGEWAY INTO OBJECT/PARKED VEHICLE,3,41830,1,0,1,0,0,1,1,1,Cross intersection,2,50,Local Road
T20120002987,2012-02-08,01:40:00,4,Collision with a fixed object,4,Wednesday,171,LEFT OFF CARRIAGEWAY INTO OBJECT/PARKED VEHICLE,3,249513,2,0,0,1,1,2,1,2,T intersection,3,50,Local Road
T20120002986,2012-02-08,00:51:00,4,Collision with a fixed object,4,Wednesday,181,OFF RIGHT BEND INTO OBJECT/PARKED VEHICLE,5,249512,1,0,1,0,0,1,1,5,Not at intersection,2,60,Local Road
T20120003053,2012-02-08,16:50:00,2,Struck Pedestrian,4,Wednesday,103,PED PLAYING/LYING/WORKING/STANDING ON CARRIAGEWAY.,1,252874,1,0,1,0,1,2,1,2,T intersection,2,50,Arterial Highway
T20120005412,2012-02-09,08:00:00,1,Collision with vehicle,5,Thursday,131,LEFT REAR,1,234609,2,0,0,1,1,2,2,1,Cross intersection,3,999,Arterial Highway
T20120003214,2012-02-09,12:00:00,1,Collision with vehicle,5,Thursday,136,RIGHT TURN SIDESWIPE,1,70726,2,0,0,1,1,2,2,1,Cross intersection,3,80,Arterial Highway
T20120003188,2012-02-09,17:12:00,1,Collision with vehicle,5,Thursday,130,REAR END(VEHICLES IN SAME LANE),1,249557,2,0,0,2,1,3,1,5,Not at intersection,3,60,Arterial Highway
T20120003186,2012-02-09,06:20:00,1,Collision with vehicle,5,Thursday,147,VEHICLE STRIKES ANOTHER VEH WHILE EMERGING FROM DRIVEWAY,2,121918,2,0,0,1,1,2,1,5,Not at intersection,3,60,Arterial Other
T20120003181,2012-02-09,05:40:00,1,Collision with vehicle,5,Thursday,120,HEAD ON (NOT OVERTAKING),3,250025,2,0,2,0,0,2,1,5,Not at intersection,2,60,Arterial Other
T20120004580,2012-02-09,17:50:00,1,Collision with vehicle,5,Thursday,130,REAR END(VEHICLES IN SAME LANE),1,41681,3,0,0,1,2,3,2,2,T intersection,3,60,Arterial Other
T20120003177,2012-02-09,17:31:00,1,Collision with vehicle,5,Thursday,121,RIGHT THROUGH,1,398,2,0,0,1,1,2,1,1,Cross intersection,3,60,Arterial Other
T20120003228,2012-02-09,14:15:00,2,Struck Pedestrian,5,Thursday,100,PED NEAR SIDE. PED HIT BY VEHICLE FROM THE RIGHT.,1,37692,1,0,0,1,1,2,2,1,Cross intersection,3,60,Arterial Other
T20120027905,2012-02-09,21:30:00,6,Vehicle overturned (no collision),5,Thursday,184,OUT OF CONTROL ON CARRIAGEWAY (ON BEND),3,208736,1,0,0,1,0,1,2,5,Not at intersection,3,40,Arterial Other
T20120003110,2012-02-09,09:30:00,1,Collision with vehicle,5,Thursday,113,RIGHT NEAR (INTERSECTIONS ONLY),1,43588,2,0,1,0,1,2,1,2,T intersection,2,60,Local Road
T20120003108,2012-02-09,08:40:00,1,Collision with vehicle,5,Thursday,136,RIGHT TURN SIDESWIPE,1,57291,2,0,2,2,1,5,1,1,Cross intersection,2,100,Local Road
T20120003100,2012-02-09,07:15:00,1,Collision with vehicle,5,Thursday,113,RIGHT NEAR (INTERSECTIONS ONLY),1,38442,2,0,1,0,1,2,1,1,Cross intersection,2,80,Arterial Highway
T20130008125,2012-02-09,17:20:00,1,Collision with vehicle,5,Thursday,130,REAR END(VEHICLES IN SAME LANE),1,177,2,0,0,1,1,2,2,1,Cross intersection,3,80,Arterial Highway
T20120003400,2012-02-09,13:50:00,1,Collision with vehicle,5,Thursday,192,STRUCK TRAIN,1,250854,2,0,1,0,1,2,1,5,Not at intersection,2,100,Local Road
T20120003092,2012-02-09,01:10:00,4,Collision with a fixed object,5,Thursday,171,LEFT OFF CARRIAGEWAY INTO OBJECT/PARKED VEHICLE,5,249541,1,0,2,0,0,2,1,5,Not at intersection,2,100,Local Road
T20120003088,2012-02-09,04:00:00,6,Vehicle overturned (no collision),5,Thursday,180,OFF CARRIAGEWAY ON RIGHT BEND,5,249539,1,0,1,0,0,1,1,5,Not at intersection,2,70,Arterial Other
T20120003445,2012-02-09,16:30:00,1,Collision with vehicle,5,Thursday,121,RIGHT THROUGH,1,249653,2,0,0,1,1,2,2,5,Not at intersection,3,70,Arterial Other
T20120003176,2012-02-09,20:50:00,1,Collision with vehicle,5,Thursday,110,CROSS TRAFFIC(INTERSECTIONS ONLY),3,39578,3,0,1,0,3,4,1,1,Cross intersection,2,70,Arterial Highway
T20120003175,2012-02-09,21:45:00,4,Collision with a fixed object,5,Thursday,146,REVERSING INTO FIXED OBJECT/PARKED VEHICLE,3,249554,1,0,1,0,0,1,1,2,T intersection,2,50,Local Road
T20120003174,2012-02-09,19:20:00,4,Collision with a fixed object,5,Thursday,173,RIGHT OFF CARRIAGEWAY INTO OBJECT/PARKED VEHICLE,1,249552,1,0,1,0,0,1,1,5,Not at intersection,2,50,Local Road
T20120006600,2012-02-09,19:00:00,8,No collision and no object struck,5,Thursday,174,OUT OF CONTROL ON CARRIAGEWAY (ON STRAIGHT),2,40485,1,0,0,1,0,1,2,2,T intersection,3,60,Arterial Other
T20120003171,2012-02-09,20:50:00,4,Collision with a fixed object,5,Thursday,171,LEFT OFF CARRIAGEWAY INTO OBJECT/PARKED VEHICLE,5,248967,1,0,1,0,1,2,1,5,Not at intersection,2,100,Arterial Highway
T20120003466,2012-02-09,17:00:00,8,No collision and no object struck,5,Thursday,174,OUT OF CONTROL ON CARRIAGEWAY (ON STRAIGHT),1,249665,1,0,0,1,0,1,2,5,Not at intersection,3,50,Local Road
T20120003170,2012-02-09,18:51:00,1,Collision with vehicle,5,Thursday,110,CROSS TRAFFIC(INTERSECTIONS ONLY),1,65449,2,0,0,1,1,2,1,1,Cross intersection,3,50,Local Road
T20120003169,2012-02-09,15:40:00,1,Collision with vehicle,5,Thursday,121,RIGHT THROUGH,1,38896,2,0,0,1,1,2,1,1,Cross intersection,3,60,Arterial Other
T20120003165,2012-02-09,16:50:00,1,Collision with vehicle,4,Thursday,121,RIGHT THROUGH,1,252301,2,0,1,0,2,3,1,2,T intersection,2,80,Arterial Other
T20120003163,2012-02-09,18:20:00,8,No collision and no object struck,5,Thursday,172,OFF CARRIAGEWAY TO RIGHT,1,249547,1,0,0,1,0,1,1,5,Not at intersection,3,60,Arterial Other
T20120003158,2012-02-09,15:30:00,1,Collision with vehicle,5,Thursday,135,LANE CHANGE LEFT (NOT OVERTAKING),1,249883,3,0,1,2,3,6,1,2,T intersection,2,80,Local Road
T20120003157,2012-02-09,15:00:00,2,Struck Pedestrian,5,Thursday,102,FAR SIDE. PED HIT BY VEHICLE FROM THE LEFT,1,144652,1,0,1,0,1,2,1,5,Not at intersection,2,40,Arterial Other
T20120003156,2012-02-09,16:10:00,1,Collision with vehicle,5,Thursday,130,REAR END(VEHICLES IN SAME LANE),1,250745,3,0,0,2,2,4,1,5,Not at intersection,3,50,Local Road
T20120014183,2012-02-09,17:00:00,1,Collision with vehicle,5,Thursday,130,REAR END(VEHICLES IN SAME LANE),9,253475,2,0,0,1,1,2,2,5,Not at intersection,3,60,Arterial Other
T20120003154,2012-02-09,17:40:00,1,Collision with vehicle,5,Thursday,163,VEHICLE STRIKES DOOR OF PARKED/STATIONARY VEHICLE,1,250368,2,0,0,1,2,3,1,5,Not at intersection,3,50,Arterial Other
T20120003152,2012-02-09,15:50:00,1,Collision with vehicle,5,Thursday,143,ENTERING PARKING,1,249495,2,0,1,0,1,2,1,5,Not at intersection,2,50,Local Road
T20120008968,2012-02-09,19:45:00,1,Collision with vehicle,5,Thursday,119,OTHER ADJACENT (INTERSECTIONS ONLY),1,40074,2,0,0,1,1,2,1,2,T intersection,3,50,Local Road
T20120003143,2012-02-09,15:00:00,4,Collision with a fixed object,5,Thursday,173,RIGHT OFF CARRIAGEWAY INTO OBJECT/PARKED VEHICLE,1,249490,1,0,1,0,0,1,1,5,Not at intersection,2,50,Local Road