ACCIDENT_NO,ACCIDENT_DATE,ACCIDENT_TIME,ACCIDENT_TYPE,ACCIDENT_TYPE_DESC,DAY_OF_WEEK,DAY_WEEK_DESC,DCA_CODE,DCA_DESC,LIGHT_CONDITION,NODE_ID,NO_OF_VEHICLES,NO_PERSONS_KILLED,NO_PERSONS_INJ_2,NO_PERSONS_INJ_3,NO_PERSONS_NOT_INJ,NO_PERSONS,POLICE_ATTEND,ROAD_GEOMETRY,ROAD_GEOMETRY_DESC,SEVERITY,SPEED_ZONE,RMA
T20120003142,2012-02-09,16:40:00,1,Collision with vehicle,5,Thursday,160,VEHICLE COLLIDES WITH VEHICLE PARKED ON LEFT OF ROAD,1,249489,3,0,1,0,0,1,1,5,Not at intersection,2,50,Local Road
T20120003179,2012-02-09,18:00:00,1,Collision with vehicle,5,Thursday,130,REAR END(VEHICLES IN SAME LANE),1,254256,2,0,0,1,1,2,2,5,Not at intersection,3,100,Freeway
T20120003141,2012-02-09,14:45:00,1,Collision with vehicle,5,Thursday,120,HEAD ON (NOT OVERTAKING),1,252875,2,0,0,1,2,3,1,5,Not at intersection,3,100,Local Road
T20120003139,2012-02-09,15:45:00,4,Collision with a fixed object,4,Thursday,173,RIGHT OFF CARRIAGEWAY INTO OBJECT/PARKED VEHICLE,1,609165,1,0,1,0,0,1,1,5,Not at intersection,2,60,Freeway
T20120003135,2012-02-09,12:45:00,2,Struck Pedestrian,5,Thursday,109,ANY MANOEUVRE INVOLVING PED NOT INCLUDED IN DCAs 100-108.,1,249487,1,0,1,0,3,4,1,5,Not at intersection,2,100,Local Road
T20120003131,2012-02-09,13:50:00,4,Collision with a fixed object,5,Thursday,171,LEFT OFF CARRIAGEWAY INTO OBJECT/PARKED VEHICLE,1,249485,1,0,1,0,0,1,1,5,Not at intersection,2,50,Local Road
T20120003113,2012-02-09,12:40:00,1,Collision with vehicle,5,Thursday,143,ENTERING PARKING,1,249482,2,0,0,1,1,2,1,5,Not at intersection,3,50,Local Road
T20120003147,2012-02-09,09:50:00,1,Collision with vehicle,5,Thursday,113,RIGHT NEAR (INTERSECTIONS ONLY),1,38614,2,0,1,1,0,2,1,2,T intersection,2,60,Local Road
T20120003115,2012-02-09,07:35:00,1,Collision with vehicle,5,Thursday,148,VEHICLE OFF FOOTPATH STRIKES VEH ON CARRIAGEWAY,1,29499,2,0,0,1,1,2,2,1,Cross intersection,3,60,Local Road
T20120007366,2012-02-09,17:50:00,1,Collision with vehicle,5,Thursday,130,REAR END(VEHICLES IN SAME LANE),1,262455,5,0,0,1,4,5,1,5,Not at intersection,3,70,Arterial Highway
T20120016028,2012-02-09,15:20:00,1,Collision with vehicle,5,Thursday,135,LANE CHANGE LEFT (NOT OVERTAKING),1,40996,2,0,0,1,1,2,2,2,T intersection,3,50,Arterial Other
T20120003305,2012-02-10,21:35:00,1,Collision with vehicle,6,Friday,110,CROSS TRAFFIC(INTERSECTIONS ONLY),3,249604,2,0,0,1,2,3,1,1,Cross intersection,3,60,Local Road
T20120003206,2012-02-10,08:30:00,1,Collision with vehicle,6,Friday,110,CROSS TRAFFIC(INTERSECTIONS ONLY),1,35494,2,0,1,0,1,2,1,1,Cross intersection,2,60,Arterial Other
T20120003258,2012-02-10,20:45:00,1,Collision with vehicle,6,Friday,121,RIGHT THROUGH,2,29865,2,0,1,0,1,2,1,4,Multiple intersection,2,80,Freeway
T20120003225,2012-02-10,11:30:00,8,No collision and no object struck,6,Friday,184,OUT OF CONTROL ON CARRIAGEWAY (ON BEND),1,251788,1,0,1,0,0,1,1,5,Not at intersection,2,100,
T20120003343,2012-02-10,12:00:00,1,Collision with vehicle,6,Friday,146,REVERSING INTO FIXED OBJECT/PARKED VEHICLE,1,249620,2,0,0,1,1,2,2,5,Not at intersection,3,60,Local Road
T20120003219,2012-02-10,13:50:00,2,Struck Pedestrian,6,Friday,101,PED EMERGES FROM IN FRONT OF PARKED OR STATIONARY VEHICLE,1,249559,1,0,0,1,1,2,1,5,Not at intersection,3,50,Local Road
T20120003337,2012-02-10,20:21:00,4,Collision with a fixed object,6,Friday,181,OFF RIGHT BEND INTO OBJECT/PARKED VEHICLE,5,249617,1,0,0,1,0,1,1,5,Not at intersection,3,100,Arterial Other
T20120003244,2012-02-10,17:00:00,1,Collision with vehicle,6,Friday,130,REAR END(VEHICLES IN SAME LANE),1,249561,2,0,0,1,1,2,2,5,Not at intersection,3,100,Freeway
T20120003257,2012-02-10,17:35:00,1,Collision with vehicle,6,Friday,130,REAR END(VEHICLES IN SAME LANE),1,50477,2,0,0,1,2,3,1,1,Cross intersection,3,60,Local Road
T20120006290,2012-02-10,17:30:00,1,Collision with vehicle,6,Friday,130,REAR END(VEHICLES IN SAME LANE),1,48173,2,0,0,1,1,2,2,2,T intersection,3,60,Arterial Other
T20120003223,2012-02-10,11:40:00,4,Collision with a fixed object,6,Friday,179,OTHER ACCIDENTS-OFF STRAIGHT NOT INCLUDED IN DCAs 170-175,1,249560,2,0,0,1,1,2,1,1,Cross intersection,3,110,Arterial Highway
T20120003252,2012-02-10,19:40:00,1,Collision with vehicle,6,Friday,131,LEFT REAR,2,43094,2,0,0,2,1,3,1,2,T intersection,3,60,Arterial Highway
T20120010029,2012-02-10,08:30:00,1,Collision with vehicle,6,Friday,142,LEAVING PARKING,1,254035,2,0,0,1,2,3,2,5,Not at intersection,3,50,Local Road
T20120003232,2012-02-10,14:20:00,1,Collision with vehicle,6,Friday,121,RIGHT THROUGH,1,609188,2,0,1,0,2,3,1,5,Not at intersection,2,60,Arterial Other
T20120003263,2012-02-10,21:35:00,1,Collision with vehicle,6,Friday,120,HEAD ON (NOT OVERTAKING),3,249585,2,0,0,2,5,7,1,5,Not at intersection,3,60,
T20120003259,2012-02-10,15:51:00,2,Struck Pedestrian,6,Friday,101,PED EMERGES FROM IN FRONT OF PARKED OR STATIONARY VEHICLE,1,249584,1,0,1,0,1,2,1,5,Not at intersection,2,50,Local Road
T20120003233,2012-02-10,08:30:00,2,Struck Pedestrian,6,Friday,100,PED NEAR SIDE. PED HIT BY VEHICLE FROM THE RIGHT.,1,878,1,0,0,1,1,2,2,1,Cross intersection,3,50,Arterial Highway
T20120003245,2012-02-10,18:22:00,1,Collision with vehicle,6,Friday,133,LANE SIDE SWIPE (VEHICLES IN PARALLEL LANES),1,250026,2,0,1,1,0,2,1,5,Not at intersection,2,100,Freeway
T20120003423,2012-02-10,13:08:00,1,Collision with vehicle,6,Friday,130,REAR END(VEHICLES IN SAME LANE),1,249643,3,0,0,1,3,4,1,5,Not at intersection,3,60,Arterial Other
T20120003187,2012-02-10,04:55:00,3,Struck animal,6,Friday,167,STRUCK ANIMAL,5,249556,1,0,0,1,0,1,1,5,Not at intersection,3,100,Freeway
T20120003275,2012-02-10,23:30:00,4,Collision with a fixed object,6,Friday,171,LEFT OFF CARRIAGEWAY INTO OBJECT/PARKED VEHICLE,3,986,2,0,0,1,3,4,1,1,Cross intersection,3,70,Arterial Other
T20120003194,2012-02-10,07:45:00,1,Collision with vehicle,6,Friday,110,CROSS TRAFFIC(INTERSECTIONS ONLY),1,42726,2,0,0,1,1,2,1,1,Cross intersection,3,50,Local Road
T20120003197,2012-02-10,06:13:00,1,Collision with vehicle,6,Friday,110,CROSS TRAFFIC(INTERSECTIONS ONLY),3,29835,2,1,0,0,1,2,1,1,Cross intersection,1,80,Arterial Other
T20120003256,2012-02-10,20:40:00,1,Collision with vehicle,6,Friday,110,CROSS TRAFFIC(INTERSECTIONS ONLY),3,66271,2,0,0,1,2,3,1,1,Cross intersection,3,40,Local Road
T20120003253,2012-02-10,13:40:00,1,Collision with vehicle,6,Friday,133,LANE SIDE SWIPE (VEHICLES IN PARALLEL LANES),1,37352,2,0,0,1,1,2,2,1,Cross intersection,3,60,Arterial Other
T20120003202,2012-02-10,10:30:00,1,Collision with vehicle,6,Friday,113,RIGHT NEAR (INTERSECTIONS ONLY),1,55362,2,0,0,1,1,2,1,1,Cross intersection,3,60,Local Road
T20120003283,2012-02-10,16:10:00,4,Collision with a fixed object,6,Friday,149,OTHER MANOEUVRING NOT INCLUDED IN DCAs 140-148,1,249597,1,0,1,0,0,1,1,5,Not at intersection,2,60,Local Road
T20120003306,2012-02-11,11:09:00,1,Collision with vehicle,7,Saturday,113,RIGHT NEAR (INTERSECTIONS ONLY),1,57828,2,0,0,1,1,2,1,2,T intersection,3,70,Local Road
T20120003308,2012-02-11,15:00:00,1,Collision with vehicle,7,Saturday,113,RIGHT NEAR (INTERSECTIONS ONLY),1,42222,2,0,0,1,4,5,1,2,T intersection,3,60,Arterial Other
T20120003280,2012-02-11,06:40:00,1,Collision with vehicle,7,Saturday,183,OFF LEFT BEND INTO OBJECT/PARKED VEHICLE,2,249594,3,0,4,2,0,6,1,5,Not at intersection,2,100,Freeway
T20120003309,2012-02-11,12:15:00,1,Collision with vehicle,7,Saturday,130,REAR END(VEHICLES IN SAME LANE),1,249608,3,0,0,2,7,9,1,5,Not at intersection,3,70,Arterial Other
T20120003313,2012-02-11,14:50:00,1,Collision with vehicle,7,Saturday,110,CROSS TRAFFIC(INTERSECTIONS ONLY),1,36093,2,0,0,1,1,2,1,1,Cross intersection,3,60,Local Road
T20120003279,2012-02-11,07:50:00,1,Collision with vehicle,7,Saturday,133,LANE SIDE SWIPE (VEHICLES IN PARALLEL LANES),1,249591,2,0,1,0,1,2,1,5,Not at intersection,2,50,Arterial Other
T20120003277,2012-02-11,06:30:00,1,Collision with vehicle,7,Saturday,113,RIGHT NEAR (INTERSECTIONS ONLY),1,38572,2,0,0,2,0,2,1,1,Cross intersection,3,70,Arterial Highway
T20120003276,2012-02-11,03:45:00,1,Collision with vehicle,7,Saturday,160,VEHICLE COLLIDES WITH VEHICLE PARKED ON LEFT OF ROAD,3,249590,2,0,0,1,1,2,1,5,Not at intersection,3,60,Arterial Other
T20120003326,2012-02-11,01:12:00,4,Collision with a fixed object,7,Saturday,181,OFF RIGHT BEND INTO OBJECT/PARKED VEHICLE,4,249614,1,0,0,1,0,1,1,5,Not at intersection,3,80,Freeway
T20120003360,2012-02-11,13:00:00,1,Collision with vehicle,7,Saturday,142,LEAVING PARKING,1,249624,2,0,0,1,1,2,1,5,Not at intersection,3,40,Local Road
T20120003271,2012-02-11,01:20:00,4,Collision with a fixed object,7,Saturday,183,OFF LEFT BEND INTO OBJECT/PARKED VEHICLE,5,249587,1,0,2,0,1,3,1,2,T intersection,2,100,Local Road
T20120003266,2012-02-11,01:00:00,1,Collision with vehicle,7,Saturday,130,REAR END(VEHICLES IN SAME LANE),5,249586,2,0,1,0,1,2,1,5,Not at intersection,2,50,Local Road
T20120003433,2012-02-11,10:35:00,1,Collision with vehicle,7,Saturday,130,REAR END(VEHICLES IN SAME LANE),1,43581,2,0,0,1,1,2,2,1,Cross intersection,3,80,Arterial Highway
T20120003301,2012-02-11,10:40:00,4,Collision with a fixed object,7,Saturday,173,RIGHT OFF CARRIAGEWAY INTO OBJECT/PARKED VEHICLE,1,250907,1,0,0,1,0,1,1,5,Not at intersection,3,60,Arterial Highway
T20120003303,2012-02-11,11:00:00,1,Collision with vehicle,7,Saturday,110,CROSS TRAFFIC(INTERSECTIONS ONLY),1,58397,2,0,1,0,2,3,1,1,Cross intersection,2,90,Arterial Highway
T20120004287,2012-02-11,04:50:00,1,Collision with vehicle,7,Saturday,140,U TURN,6,249922,2,0,1,0,1,2,2,5,Not at intersection,2,40,Local Road
T20120003440,2012-02-11,15:27:00,1,Collision with vehicle,7,Saturday,163,VEHICLE STRIKES DOOR OF PARKED/STATIONARY VEHICLE,1,251673,2,0,1,0,1,2,2,5,Not at intersection,2,50,Local Road
T20120003352,2012-02-11,05:40:00,1,Collision with vehicle,7,Saturday,121,RIGHT THROUGH,3,44312,2,0,1,1,0,2,1,1,Cross intersection,2,80,Arterial Other
T20120005518,2012-02-11,12:00:00,8,No collision and no object struck,7,Saturday,180,OFF CARRIAGEWAY ON RIGHT BEND,1,250258,1,0,0,1,0,1,2,5,Not at intersection,3,100,Local Road
T20120003632,2012-02-11,15:00:00,6,Vehicle overturned (no collision),7,Saturday,174,OUT OF CONTROL ON CARRIAGEWAY (ON STRAIGHT),1,249628,1,0,0,1,0,1,2,5,Not at intersection,3,999,Local Road
T20120004181,2012-02-11,11:15:00,1,Collision with vehicle,7,Saturday,130,REAR END(VEHICLES IN SAME LANE),1,667,2,0,0,1,1,2,2,1,Cross intersection,3,60,Arterial Highway
T20120003372,2012-02-11,19:20:00,7,Fall from or in moving vehicle,7,Saturday,184,OUT OF CONTROL ON CARRIAGEWAY (ON BEND),1,254171,1,0,1,0,0,1,1,5,Not at intersection,2,100,Local Road
T20120003682,2012-02-11,13:00:00,8,No collision and no object struck,7,Saturday,174,OUT OF CONTROL ON CARRIAGEWAY (ON STRAIGHT),1,249640,1,0,0,1,0,1,2,5,Not at intersection,3,100,Local Road
T20120003371,2012-02-11,18:00:00,4,Collision with a fixed object,7,Saturday,173,RIGHT OFF CARRIAGEWAY INTO OBJECT/PARKED VEHICLE,2,249631,1,0,1,0,0,1,1,5,Not at intersection,2,100,
T20120003369,2012-02-11,22:40:00,1,Collision with vehicle,7,Saturday,136,RIGHT TURN SIDESWIPE,3,249630,2,0,0,1,1,2,1,1,Cross intersection,3,50,Local Road
T20120003363,2012-02-11,14:55:00,1,Collision with vehicle,7,Saturday,121,RIGHT THROUGH,1,249629,2,0,1,1,1,3,1,5,Not at intersection,2,60,Arterial Other
T20120003987,2012-02-11,17:50:00,1,Collision with vehicle,7,Saturday,113,RIGHT NEAR (INTERSECTIONS ONLY),1,45645,2,0,0,1,1,2,2,2,T intersection,3,50,Local Road
T20120004923,2012-02-11,08:25:00,1,Collision with vehicle,7,Saturday,121,RIGHT THROUGH,1,979,2,0,0,1,1,2,1,2,T intersection,3,50,Arterial Other
T20120003476,2012-02-11,10:30:00,1,Collision with vehicle,7,Saturday,130,REAR END(VEHICLES IN SAME LANE),1,249677,2,0,0,1,2,3,1,5,Not at intersection,3,70,Arterial Other
T20120003453,2012-02-11,08:15:00,4,Collision with a fixed object,7,Saturday,183,OFF LEFT BEND INTO OBJECT/PARKED VEHICLE,1,277357,1,0,0,1,0,1,2,5,Not at intersection,3,100,Local Road
T20120003314,2012-02-11,10:39:00,1,Collision with vehicle,7,Saturday,140,U TURN,1,249612,2,0,0,1,1,2,1,5,Not at intersection,3,50,Local Road
T20120003328,2012-02-11,03:10:00,1,Collision with vehicle,7,Saturday,110,CROSS TRAFFIC(INTERSECTIONS ONLY),3,35555,2,0,2,0,1,3,1,1,Cross intersection,2,70,Arterial Highway
T20120003350,2012-02-11,22:30:00,4,Collision with a fixed object,7,Saturday,171,LEFT OFF CARRIAGEWAY INTO OBJECT/PARKED VEHICLE,3,249623,1,0,0,1,0,1,1,5,Not at intersection,3,50,Local Road
T20120003334,2012-02-11,17:25:00,1,Collision with vehicle,7,Saturday,132,RIGHT REAR.,1,254007,2,0,1,2,0,3,1,5,Not at intersection,2,100,Arterial Highway
T20120003349,2012-02-11,06:15:00,4,Collision with a fixed object,7,Saturday,171,LEFT OFF CARRIAGEWAY INTO OBJECT/PARKED VEHICLE,2,251672,1,0,1,0,1,2,1,5,Not at intersection,2,50,Local Road
T20120003346,2012-02-11,21:00:00,1,Collision with vehicle,7,Saturday,130,REAR END(VEHICLES IN SAME LANE),3,249911,2,0,0,1,1,2,1,5,Not at intersection,3,60,Local Road
T20120003299,2012-02-11,10:45:00,1,Collision with vehicle,7,Saturday,120,HEAD ON (NOT OVERTAKING),1,249601,2,0,0,1,2,3,1,5,Not at intersection,3,60,Arterial Highway
T20120003317,2012-02-11,15:30:00,1,Collision with vehicle,7,Saturday,130,REAR END(VEHICLES IN SAME LANE),1,800,3,0,0,1,2,3,2,2,T intersection,3,80,Freeway
T20120003297,2012-02-11,10:30:00,1,Collision with vehicle,7,Saturday,121,RIGHT THROUGH,1,50424,2,0,1,1,1,3,1,2,T intersection,2,80,Arterial Highway
T20120003295,2012-02-11,11:00:00,4,Collision with a fixed object,7,Saturday,171,LEFT OFF CARRIAGEWAY INTO OBJECT/PARKED VEHICLE,1,248966,1,0,0,1,1,2,1,5,Not at intersection,3,60,Arterial Other
T20120003327,2012-02-11,17:10:00,1,Collision with vehicle,7,Saturday,160,VEHICLE COLLIDES WITH VEHICLE PARKED ON LEFT OF ROAD,1,48761,2,0,1,0,0,1,1,2,T intersection,2,60,Arterial Other
T20120003292,2012-02-11,08:50:00,1,Collision with vehicle,7,Saturday,152,PULLING OUT (OVERTAKING),1,249599,2,0,0,1,3,4,1,5,Not at intersection,3,100,Arterial Other
T20120003345,2012-02-11,18:40:00,1,Collision with vehicle,7,Saturday,140,U TURN,1,249622,2,0,1,0,1,2,1,2,T intersection,2,60,Arterial Other
T20120003285,2012-02-11,07:45:00,4,Collision with a fixed object,7,Saturday,171,LEFT OFF CARRIAGEWAY INTO OBJECT/PARKED VEHICLE,1,250100,1,0,1,1,1,3,1,5,Not at intersection,2,50,Local Road
T20120003338,2012-02-11,14:00:00,4,Collision with a fixed object,7,Saturday,173,RIGHT OFF CARRIAGEWAY INTO OBJECT/PARKED VEHICLE,1,250908,1,0,1,0,0,1,1,5,Not at intersection,2,100,Local Road
T20120003304,2012-02-11,10:50:00,4,Collision with a fixed object,7,Saturday,171,LEFT OFF CARRIAGEWAY INTO OBJECT/PARKED VEHICLE,1,249602,1,0,2,0,0,2,1,5,Not at intersection,2,50,Local Road
T20120005788,2012-02-11,14:00:00,8,No collision and no object struck,7,Saturday,174,OUT OF CONTROL ON CARRIAGEWAY (ON STRAIGHT),1,250343,1,0,0,1,0,1,2,5,Not at intersection,3,999,
T20120003336,2012-02-11,18:00:00,4,Collision with a fixed object,7,Saturday,171,LEFT OFF CARRIAGEWAY INTO OBJECT/PARKED VEHICLE,1,249615,1,0,0,1,0,1,1,5,Not at intersection,3,60,Local Road
T20120004947,2012-02-12,11:30:00,6,Vehicle overturned (no collision),1,Sunday,189,OTHER ACCIDENTS ON CURVE NOT INCLUDED IN DCAs 180-184,1,250129,1,0,0,1,0,1,2,5,Not at intersection,3,100,Arterial Highway
T20120003402,2012-02-12,17:30:00,4,Collision with a fixed object,1,Sunday,173,RIGHT OFF CARRIAGEWAY INTO OBJECT/PARKED VEHICLE,1,63918,1,0,1,0,0,1,1,2,T intersection,2,60,Arterial Other
T20120003403,2012-02-12,16:45:00,2,Struck Pedestrian,1,Sunday,107,PED ON FOOTHPATH STRUCK BY VEHENTERING/LEAVING DRIVEWAY.,1,249641,1,0,1,0,1,2,1,5,Not at intersection,2,999,Local Road
T20120003408,2012-02-12,19:10:00,1,Collision with vehicle,1,Sunday,130,REAR END(VEHICLES IN SAME LANE),1,251362,2,0,2,0,1,3,1,5,Not at intersection,2,80,Local Road
T20120003357,2012-02-12,01:55:00,1,Collision with vehicle,1,Sunday,171,LEFT OFF CARRIAGEWAY INTO OBJECT/PARKED VEHICLE,3,42428,4,0,0,2,11,13,1,2,T intersection,3,60,Local Road
T20120003409,2012-02-12,15:45:00,1,Collision with vehicle,1,Sunday,130,REAR END(VEHICLES IN SAME LANE),1,41962,2,0,1,2,0,3,2,1,Cross intersection,2,50,Local Road
T20120003385,2012-02-12,08:15:00,1,Collision with vehicle,1,Sunday,135,LANE CHANGE LEFT (NOT OVERTAKING),1,249635,2,0,1,0,2,3,1,5,Not at intersection,2,80,Arterial Other
T20120003384,2012-02-12,12:40:00,1,Collision with vehicle,1,Sunday,133,LANE SIDE SWIPE (VEHICLES IN PARALLEL LANES),1,29757,3,0,1,1,5,7,1,2,T intersection,2,80,Arterial Highway
T20120004633,2012-02-12,14:00:00,8,No collision and no object struck,1,Sunday,170,OFF CARRIAGEWAY TO LEFT,1,250003,1,0,0,1,0,1,2,5,Not at intersection,3,999,
T20120003399,2012-02-12,12:00:00,1,Collision with vehicle,1,Sunday,133,LANE SIDE SWIPE (VEHICLES IN PARALLEL LANES),1,36326,2,0,0,1,1,2,1,1,Cross intersection,3,70,Arterial Other
T20120003627,2012-02-12,02:30:00,4,Collision with a fixed object,1,Sunday,181,OFF RIGHT BEND INTO OBJECT/PARKED VEHICLE,5,74219,1,0,1,0,0,1,2,2,T intersection,2,100,Arterial Other
T20120003380,2012-02-12,10:15:00,1,Collision with vehicle,1,Sunday,120,HEAD ON (NOT OVERTAKING),1,249716,3,0,2,1,1,4,1,5,Not at intersection,2,50,Local Road
T20120003512,2012-02-12,21:25:00,2,Struck Pedestrian,1,Sunday,109,ANY MANOEUVRE INVOLVING PED NOT INCLUDED IN DCAs 100-108.,3,249745,1,0,1,1,0,2,1,5,Not at intersection,2,50,Local Road
T20120003397,2012-02-12,14:50:00,6,Vehicle overturned (no collision),1,Sunday,180,OFF CARRIAGEWAY ON RIGHT BEND,1,249637,1,0,1,0,0,1,1,5,Not at intersection,2,100,Local Road
T20120007059,2012-02-12,04:00:00,2,Struck Pedestrian,1,Sunday,199,UNKNOWN-NO DETAILS ON MANOEUVRES OF ROAD-USERS IN ACCIDENT,9,253455,1,0,1,0,1,2,2,5,Not at intersection,2,60,Local Road
T20120003396,2012-02-12,12:15:00,1,Collision with vehicle,1,Sunday,116,LEFT NEAR (INTERSECTIONS ONLY),1,30018,2,0,1,0,2,3,1,1,Cross intersection,2,50,Local Road
T20120004836,2012-02-12,10:00:00,1,Collision with vehicle,1,Sunday,121,RIGHT THROUGH,1,42125,2,0,0,1,1,2,2,1,Cross intersection,3,60,Arterial Other
T20120003381,2012-02-12,10:50:00,1,Collision with vehicle,1,Sunday,110,CROSS TRAFFIC(INTERSECTIONS ONLY),1,257236,2,0,2,0,1,3,1,1,Cross intersection,2,110,Freeway
T20120003448,2012-02-12,10:00:00,8,No collision and no object struck,1,Sunday,179,OTHER ACCIDENTS-OFF STRAIGHT NOT INCLUDED IN DCAs 170-175,1,249655,1,0,0,1,0,1,2,5,Not at intersection,3,999,Local Road
T20120003415,2012-02-12,20:45:00,2,Struck Pedestrian,1,Sunday,106,VEH STRIKES PED ON FOOTPATH/MEDIAN/TRAFFIC ISLAND.,3,53492,1,0,0,1,2,3,1,1,Cross intersection,3,50,Local Road
T20120003374,2012-02-12,08:30:00,2,Struck Pedestrian,1,Sunday,109,ANY MANOEUVRE INVOLVING PED NOT INCLUDED IN DCAs 100-108.,1,42075,1,0,1,1,0,2,1,2,T intersection,2,999,Arterial Other
T20120004163,2012-02-12,12:30:00,1,Collision with vehicle,1,Sunday,110,CROSS TRAFFIC(INTERSECTIONS ONLY),1,50998,2,0,0,2,2,4,2,1,Cross intersection,3,50,Local Road
T20120003362,2012-02-12,04:35:00,6,Vehicle overturned (no collision),1,Sunday,170,OFF CARRIAGEWAY TO LEFT,3,249625,1,0,1,0,0,1,1,2,T intersection,2,50,Local Road
T20120004705,2012-02-12,09:30:00,8,No collision and no object struck,1,Sunday,179,OTHER ACCIDENTS-OFF STRAIGHT NOT INCLUDED IN DCAs 170-175,1,250047,1,0,1,0,0,1,2,5,Not at intersection,2,999,
T20120003548,2012-02-12,02:10:00,2,Struck Pedestrian,1,Sunday,102,FAR SIDE. PED HIT BY VEHICLE FROM THE LEFT,3,50794,1,0,1,0,1,2,1,1,Cross intersection,2,60,Arterial Other
T20120003387,2012-02-12,08:00:00,1,Collision with vehicle,1,Sunday,121,RIGHT THROUGH,1,10588,2,0,0,1,2,3,1,4,Multiple intersection,3,60,Freeway
T20120005620,2012-02-12,11:00:00,8,No collision and no object struck,1,Sunday,179,OTHER ACCIDENTS-OFF STRAIGHT NOT INCLUDED IN DCAs 170-175,1,250290,1,0,0,1,0,1,2,5,Not at intersection,3,80,
T20120004643,2012-02-12,17:00:00,6,Vehicle overturned (no collision),1,Sunday,180,OFF CARRIAGEWAY ON RIGHT BEND,2,250008,1,0,1,0,0,1,2,5,Not at intersection,2,999,Local Road
T20120003361,2012-02-12,00:30:00,4,Collision with a fixed object,1,Sunday,171,LEFT OFF CARRIAGEWAY INTO OBJECT/PARKED VEHICLE,3,249913,1,0,0,1,0,1,1,5,Not at intersection,3,60,Arterial Highway
T20120003398,2012-02-12,15:40:00,8,No collision and no object struck,1,Sunday,184,OUT OF CONTROL ON CARRIAGEWAY (ON BEND),1,249639,1,0,1,0,0,1,1,2,T intersection,2,100,Arterial Other
T20120003443,2012-02-13,11:05:00,1,Collision with vehicle,1,Monday,152,PULLING OUT (OVERTAKING),1,783288,2,0,1,1,2,4,1,5,Not at intersection,2,40,Arterial Other
T20120003439,2012-02-13,10:30:00,1,Collision with vehicle,2,Monday,130,REAR END(VEHICLES IN SAME LANE),1,41353,2,0,1,0,1,2,1,1,Cross intersection,2,50,Arterial Other
T20120003434,2012-02-13,06:10:00,1,Collision with vehicle,2,Monday,116,LEFT NEAR (INTERSECTIONS ONLY),2,29503,2,0,0,1,1,2,1,4,Multiple intersection,3,60,Local Road
T20120003432,2012-02-13,08:55:00,1,Collision with vehicle,2,Monday,133,LANE SIDE SWIPE (VEHICLES IN PARALLEL LANES),1,66474,2,0,0,1,2,3,1,2,T intersection,3,60,Arterial Other
T20120003528,2012-02-13,15:30:00,2,Struck Pedestrian,2,Monday,109,ANY MANOEUVRE INVOLVING PED NOT INCLUDED IN DCAs 100-108.,1,249570,1,0,0,1,1,2,1,1,Cross intersection,3,50,Local Road
T20120003531,2012-02-13,16:25:00,1,Collision with vehicle,2,Monday,132,RIGHT REAR.,1,249573,2,0,0,1,2,3,1,5,Not at intersection,3,70,Arterial Highway
T20120003425,2012-02-13,08:00:00,1,Collision with vehicle,2,Monday,147,VEHICLE STRIKES ANOTHER VEH WHILE EMERGING FROM DRIVEWAY,1,68590,2,0,0,1,1,2,1,2,T intersection,3,50,Local Road
T20120003542,2012-02-13,12:25:00,1,Collision with vehicle,2,Monday,120,HEAD ON (NOT OVERTAKING),1,248716,2,1,0,5,0,6,1,5,Not at intersection,1,100,
T20120003561,2012-02-13,15:30:00,2,Struck Pedestrian,2,Monday,108,PED STRUCK WALKING TO/FROM OR BOARDING/ALIGHTING VEHICLE.,1,38869,1,0,0,1,1,2,2,1,Cross intersection,3,60,Arterial Other
T20120003424,2012-02-13,07:35:00,4,Collision with a fixed object,2,Monday,183,OFF LEFT BEND INTO OBJECT/PARKED VEHICLE,1,249646,1,0,1,0,0,1,1,5,Not at intersection,2,60,Local Road
T20120007801,2012-02-13,17:00:00,8,No collision and no object struck,2,Monday,174,OUT OF CONTROL ON CARRIAGEWAY (ON STRAIGHT),1,250819,1,0,1,0,0,1,2,5,Not at intersection,2,60,
T20120003583,2012-02-13,06:00:00,1,Collision with vehicle,2,Monday,131,LEFT REAR,2,44301,2,0,0,1,1,2,1,1,Cross intersection,3,70,Local Road
T20120014925,2012-02-13,09:20:00,1,Collision with vehicle,2,Monday,121,RIGHT THROUGH,1,37052,2,0,0,1,1,2,2,1,Cross intersection,3,70,Arterial Highway
T20120003500,2012-02-13,20:40:00,1,Collision with vehicle,2,Monday,121,RIGHT THROUGH,3,57703,2,0,1,1,12,14,1,2,T intersection,2,80,Arterial Other
T20120003499,2012-02-13,15:15:00,1,Collision with vehicle,2,Monday,120,HEAD ON (NOT OVERTAKING),1,248620,2,1,1,0,0,2,1,2,T intersection,1,100,Arterial Other