ACCIDENT_NO,ACCIDENT_DATE,ACCIDENT_TIME,ACCIDENT_TYPE,ACCIDENT_TYPE_DESC,DAY_OF_WEEK,DAY_WEEK_DESC,DCA_CODE,DCA_DESC,LIGHT_CONDITION,NODE_ID,NO_OF_VEHICLES,NO_PERSONS_KILLED,NO_PERSONS_INJ_2,NO_PERSONS_INJ_3,NO_PERSONS_NOT_INJ,NO_PERSONS,POLICE_ATTEND,ROAD_GEOMETRY,ROAD_GEOMETRY_DESC,SEVERITY,SPEED_ZONE,RMA
T20120003496,2012-02-13,19:26:00,1,Collision with vehicle,2,Monday,134,LANE CHANGE RIGHT (NOT OVERTAKING),1,36127,2,0,0,1,1,2,1,1,Cross intersection,3,50,Arterial Other
T20120003494,2012-02-13,17:50:00,4,Collision with a fixed object,2,Monday,181,OFF RIGHT BEND INTO OBJECT/PARKED VEHICLE,1,249740,1,0,0,1,0,1,1,5,Not at intersection,3,100,Arterial Other
T20120003493,2012-02-13,17:05:00,1,Collision with vehicle,2,Monday,110,CROSS TRAFFIC(INTERSECTIONS ONLY),1,1184,3,0,1,1,3,5,1,1,Cross intersection,2,60,Arterial Other
T20120003490,2012-02-13,16:05:00,1,Collision with vehicle,2,Monday,130,REAR END(VEHICLES IN SAME LANE),1,241849,2,0,0,1,1,2,1,5,Not at intersection,3,100,Freeway
T20120003487,2012-02-13,13:15:00,6,Vehicle overturned (no collision),2,Monday,180,OFF CARRIAGEWAY ON RIGHT BEND,1,249683,1,0,0,1,0,1,2,5,Not at intersection,3,80,Local Road
T20120003486,2012-02-13,17:40:00,1,Collision with vehicle,2,Monday,130,REAR END(VEHICLES IN SAME LANE),1,36818,2,0,0,1,1,2,1,2,T intersection,3,60,Arterial Highway
T20120003485,2012-02-13,17:05:00,1,Collision with vehicle,2,Monday,121,RIGHT THROUGH,1,65115,3,0,0,2,2,4,1,2,T intersection,3,60,Arterial Other
T20120003482,2012-02-13,17:30:00,1,Collision with vehicle,2,Monday,130,REAR END(VEHICLES IN SAME LANE),1,249680,2,0,0,2,0,2,1,5,Not at intersection,3,60,Arterial Other
T20120003478,2012-02-13,17:15:00,1,Collision with vehicle,2,Monday,110,CROSS TRAFFIC(INTERSECTIONS ONLY),1,51527,2,0,0,1,1,2,1,1,Cross intersection,3,50,Local Road
T20120003475,2012-02-13,16:05:00,1,Collision with vehicle,2,Monday,121,RIGHT THROUGH,1,57756,2,0,0,4,1,5,1,2,T intersection,3,60,Local Road
T20120003469,2012-02-13,12:10:00,6,Vehicle overturned (no collision),2,Monday,172,OFF CARRIAGEWAY TO RIGHT,1,249674,1,0,2,0,0,2,1,5,Not at intersection,2,100,Arterial Highway
T20120003467,2012-02-13,15:00:00,2,Struck Pedestrian,2,Monday,102,FAR SIDE. PED HIT BY VEHICLE FROM THE LEFT,1,49917,1,0,1,0,1,2,1,2,T intersection,2,50,Local Road
T20120003451,2012-02-13,06:00:00,4,Collision with a fixed object,2,Monday,173,RIGHT OFF CARRIAGEWAY INTO OBJECT/PARKED VEHICLE,2,249473,1,1,0,0,0,1,1,5,Not at intersection,1,80,Arterial Other
T20120003640,2012-02-13,18:45:00,1,Collision with vehicle,2,Monday,113,RIGHT NEAR (INTERSECTIONS ONLY),1,43121,2,0,1,0,1,2,1,2,T intersection,2,60,Local Road
T20120003634,2012-02-13,21:20:00,4,Collision with a fixed object,2,Monday,181,OFF RIGHT BEND INTO OBJECT/PARKED VEHICLE,5,250840,1,0,1,0,0,1,1,5,Not at intersection,2,80,Arterial Other
T20120003510,2012-02-13,20:45:00,4,Collision with a fixed object,2,Monday,173,RIGHT OFF CARRIAGEWAY INTO OBJECT/PARKED VEHICLE,5,249743,1,0,1,0,0,1,1,5,Not at intersection,2,80,Local Road
T20120003513,2012-02-13,20:10:00,3,Struck animal,2,Monday,167,STRUCK ANIMAL,5,249747,1,0,0,1,1,2,1,5,Not at intersection,3,100,Arterial Other
T20120003727,2012-02-13,11:08:00,2,Struck Pedestrian,2,Monday,100,PED NEAR SIDE. PED HIT BY VEHICLE FROM THE RIGHT.,1,45780,1,0,0,1,1,2,1,2,T intersection,3,70,Arterial Other
T20120007475,2012-02-13,18:00:00,4,Collision with a fixed object,2,Monday,173,RIGHT OFF CARRIAGEWAY INTO OBJECT/PARKED VEHICLE,1,44336,1,0,1,0,0,1,1,1,Cross intersection,2,60,Arterial Other
T20120003452,2012-02-13,10:15:00,2,Struck Pedestrian,2,Monday,107,PED ON FOOTHPATH STRUCK BY VEHENTERING/LEAVING DRIVEWAY.,1,249658,1,0,0,1,1,2,1,5,Not at intersection,3,999,Local Road
T20120014147,2012-02-13,08:50:00,1,Collision with vehicle,2,Monday,130,REAR END(VEHICLES IN SAME LANE),1,253000,2,0,0,1,1,2,2,5,Not at intersection,3,60,Arterial Other
T20120003450,2012-02-13,12:42:00,1,Collision with vehicle,2,Monday,169,OTHER ON PATH,1,249656,2,0,0,1,0,1,1,5,Not at intersection,3,50,Local Road
T20120003449,2012-02-13,10:00:00,1,Collision with vehicle,2,Monday,121,RIGHT THROUGH,1,35297,2,0,0,1,2,3,1,1,Cross intersection,3,60,Arterial Other
T20120003447,2012-02-13,10:50:00,4,Collision with a fixed object,2,Monday,183,OFF LEFT BEND INTO OBJECT/PARKED VEHICLE,1,250669,1,0,0,1,0,1,1,5,Not at intersection,3,100,Arterial Other
T20120003553,2012-02-14,16:15:00,1,Collision with vehicle,3,Tuesday,130,REAR END(VEHICLES IN SAME LANE),1,38713,4,0,0,1,5,6,1,2,T intersection,3,50,Arterial Other
T20120004227,2012-02-14,14:00:00,4,Collision with a fixed object,3,Tuesday,171,LEFT OFF CARRIAGEWAY INTO OBJECT/PARKED VEHICLE,1,254284,1,0,0,1,0,1,2,5,Not at intersection,3,50,Arterial Highway
T20120004981,2012-02-14,22:30:00,1,Collision with vehicle,3,Tuesday,113,RIGHT NEAR (INTERSECTIONS ONLY),3,250138,2,0,0,1,1,2,2,2,T intersection,3,50,Local Road
T20120003566,2012-02-14,18:20:00,1,Collision with vehicle,3,Tuesday,111,RIGHT FAR (INTERSECTIONS ONLY),1,29699,2,0,1,5,0,6,1,1,Cross intersection,2,60,Local Road
T20120003511,2012-02-14,07:00:00,4,Collision with a fixed object,3,Tuesday,173,RIGHT OFF CARRIAGEWAY INTO OBJECT/PARKED VEHICLE,1,249744,1,0,1,0,0,1,1,2,T intersection,2,90,Arterial Highway
T20120004162,2012-02-14,18:30:00,1,Collision with vehicle,3,Tuesday,163,VEHICLE STRIKES DOOR OF PARKED/STATIONARY VEHICLE,1,250974,2,0,1,0,1,2,2,1,Cross intersection,2,999,Arterial Other
T20120003666,2012-02-14,13:40:00,4,Collision with a fixed object,3,Tuesday,171,LEFT OFF CARRIAGEWAY INTO OBJECT/PARKED VEHICLE,1,52808,1,0,1,0,1,2,1,1,Cross intersection,2,60,Local Road
T20120003564,2012-02-14,19:15:00,1,Collision with vehicle,3,Tuesday,163,VEHICLE STRIKES DOOR OF PARKED/STATIONARY VEHICLE,1,249589,2,0,1,0,2,3,1,5,Not at intersection,2,50,Local Road
T20120003503,2012-02-14,02:00:00,4,Collision with a fixed object,3,Tuesday,171,LEFT OFF CARRIAGEWAY INTO OBJECT/PARKED VEHICLE,3,67125,1,0,1,0,0,1,1,2,T intersection,2,60,Local Road
T20120003563,2012-02-14,15:42:00,1,Collision with vehicle,3,Tuesday,130,REAR END(VEHICLES IN SAME LANE),1,29672,3,0,1,1,1,3,1,1,Cross intersection,2,60,Arterial Other
T20120006205,2012-02-14,18:30:00,1,Collision with vehicle,3,Tuesday,130,REAR END(VEHICLES IN SAME LANE),1,29700,2,0,0,1,1,2,2,1,Cross intersection,3,80,Arterial Highway
T20120003538,2012-02-14,12:16:00,1,Collision with vehicle,3,Tuesday,147,VEHICLE STRIKES ANOTHER VEH WHILE EMERGING FROM DRIVEWAY,1,249575,2,0,1,0,1,2,1,5,Not at intersection,2,50,Local Road
T20120003567,2012-02-14,14:30:00,1,Collision with vehicle,3,Tuesday,121,RIGHT THROUGH,1,45433,2,0,1,0,1,2,1,1,Cross intersection,2,60,Arterial Other
T20120003600,2012-02-14,23:45:00,4,Collision with a fixed object,3,Tuesday,173,RIGHT OFF CARRIAGEWAY INTO OBJECT/PARKED VEHICLE,5,252766,2,0,1,0,0,1,1,5,Not at intersection,2,100,Arterial Other
T20120003540,2012-02-14,08:20:00,1,Collision with vehicle,3,Tuesday,130,REAR END(VEHICLES IN SAME LANE),1,35407,2,0,0,1,1,2,2,2,T intersection,3,60,Arterial Other
T20120003599,2012-02-14,15:40:00,8,No collision and no object struck,3,Tuesday,180,OFF CARRIAGEWAY ON RIGHT BEND,1,249616,1,0,1,0,0,1,1,5,Not at intersection,2,100,Arterial Other
T20120004088,2012-02-14,17:30:00,4,Collision with a fixed object,3,Tuesday,171,LEFT OFF CARRIAGEWAY INTO OBJECT/PARKED VEHICLE,1,249715,1,0,0,2,0,2,2,2,T intersection,3,100,
T20120003560,2012-02-14,16:55:00,1,Collision with vehicle,3,Tuesday,154,PULLING OUT -REAR END,1,22540,2,0,0,1,1,2,1,2,T intersection,3,60,Arterial Other
T20120003569,2012-02-14,18:05:00,6,Vehicle overturned (no collision),3,Tuesday,170,OFF CARRIAGEWAY TO LEFT,1,249603,1,0,0,1,0,1,1,5,Not at intersection,3,80,Local Road
T20120003544,2012-02-14,14:20:00,1,Collision with vehicle,3,Tuesday,120,HEAD ON (NOT OVERTAKING),1,249576,2,0,1,0,1,2,2,5,Not at intersection,2,100,Local Road
T20120003571,2012-02-14,18:20:00,2,Struck Pedestrian,3,Tuesday,101,PED EMERGES FROM IN FRONT OF PARKED OR STATIONARY VEHICLE,1,286158,1,0,1,0,1,2,1,5,Not at intersection,2,50,Local Road
T20120003573,2012-02-14,19:50:00,6,Vehicle overturned (no collision),3,Tuesday,174,OUT OF CONTROL ON CARRIAGEWAY (ON STRAIGHT),2,249606,1,0,1,0,0,1,1,5,Not at intersection,2,110,Freeway
T20120016293,2012-02-14,16:40:00,1,Collision with vehicle,3,Tuesday,130,REAR END(VEHICLES IN SAME LANE),1,253318,2,0,0,1,1,2,2,5,Not at intersection,3,80,Freeway
T20120003574,2012-02-14,15:30:00,1,Collision with vehicle,3,Tuesday,130,REAR END(VEHICLES IN SAME LANE),1,252892,2,0,1,0,1,2,2,5,Not at intersection,2,60,Arterial Other
T20120003575,2012-02-14,17:15:00,1,Collision with vehicle,3,Tuesday,150,HEAD ON(OVERTAKING),1,45252,3,0,2,1,0,3,1,2,T intersection,2,70,Arterial Other
T20120003577,2012-02-14,07:55:00,1,Collision with vehicle,3,Tuesday,163,VEHICLE STRIKES DOOR OF PARKED/STATIONARY VEHICLE,1,249607,2,0,0,2,0,2,2,5,Not at intersection,3,60,Arterial Other
T20120003579,2012-02-14,20:09:00,8,No collision and no object struck,3,Tuesday,174,OUT OF CONTROL ON CARRIAGEWAY (ON STRAIGHT),2,251364,2,0,0,1,1,2,1,5,Not at intersection,3,60,Arterial Highway
T20120020540,2012-02-14,00:30:00,4,Collision with a fixed object,3,Tuesday,173,RIGHT OFF CARRIAGEWAY INTO OBJECT/PARKED VEHICLE,3,36735,1,0,1,0,0,1,1,2,T intersection,2,70,Local Road
T20120003580,2012-02-14,21:00:00,1,Collision with vehicle,2,Tuesday,133,LANE SIDE SWIPE (VEHICLES IN PARALLEL LANES),2,249610,2,0,0,1,1,2,2,5,Not at intersection,3,60,Arterial Other
T20120007791,2012-02-14,16:20:00,1,Collision with vehicle,3,Tuesday,130,REAR END(VEHICLES IN SAME LANE),1,250815,4,0,0,1,4,5,1,5,Not at intersection,3,60,Arterial Highway
T20120003581,2012-02-14,20:15:00,1,Collision with vehicle,3,Tuesday,135,LANE CHANGE LEFT (NOT OVERTAKING),2,249611,2,0,1,0,1,2,1,5,Not at intersection,2,80,Freeway
T20120003556,2012-02-14,15:35:00,1,Collision with vehicle,3,Tuesday,132,RIGHT REAR.,1,32828,2,0,0,3,2,5,1,1,Cross intersection,3,60,Arterial Highway
T20120003559,2012-02-14,15:50:00,1,Collision with vehicle,3,Tuesday,140,U TURN,1,249583,2,0,0,2,0,2,1,5,Not at intersection,3,50,Arterial Other
T20120003587,2012-02-14,11:30:00,4,Collision with a fixed object,3,Tuesday,173,RIGHT OFF CARRIAGEWAY INTO OBJECT/PARKED VEHICLE,1,72309,1,0,1,0,0,1,1,2,T intersection,2,50,Local Road
T20120003584,2012-02-14,21:00:00,1,Collision with vehicle,3,Tuesday,130,REAR END(VEHICLES IN SAME LANE),3,36304,2,0,0,1,2,3,1,2,T intersection,3,70,Arterial Other
T20120003730,2012-02-14,14:25:00,1,Collision with vehicle,3,Tuesday,110,CROSS TRAFFIC(INTERSECTIONS ONLY),1,249918,2,0,2,0,0,2,1,1,Cross intersection,2,100,Local Road
T20120003585,2012-02-14,22:15:00,1,Collision with vehicle,3,Tuesday,132,RIGHT REAR.,3,35612,3,0,0,1,2,3,1,1,Cross intersection,3,60,Arterial Other
T20120003931,2012-02-14,17:00:00,1,Collision with vehicle,3,Tuesday,148,VEHICLE OFF FOOTPATH STRIKES VEH ON CARRIAGEWAY,1,40074,2,0,0,1,1,2,2,1,Cross intersection,3,40,Local Road
T20120004165,2012-02-14,15:30:00,1,Collision with vehicle,3,Tuesday,131,LEFT REAR,1,29818,2,0,0,1,1,2,2,1,Cross intersection,3,60,Local Road
T20120003549,2012-02-14,15:34:00,1,Collision with vehicle,3,Tuesday,121,RIGHT THROUGH,1,46666,2,0,0,1,1,2,1,2,T intersection,3,60,Local Road
T20120003516,2012-02-14,07:51:00,1,Collision with vehicle,3,Tuesday,110,CROSS TRAFFIC(INTERSECTIONS ONLY),1,29965,2,0,0,2,0,2,1,1,Cross intersection,3,50,Local Road
T20120003796,2012-02-15,18:05:00,1,Collision with vehicle,4,Wednesday,147,VEHICLE STRIKES ANOTHER VEH WHILE EMERGING FROM DRIVEWAY,1,249774,2,0,0,1,1,2,2,5,Not at intersection,3,999,Local Road
T20120003609,2012-02-15,11:00:00,1,Collision with vehicle,4,Wednesday,140,U TURN,1,67906,2,0,0,1,1,2,1,1,Cross intersection,3,60,Local Road
T20120004075,2012-02-15,09:45:00,1,Collision with vehicle,4,Wednesday,116,LEFT NEAR (INTERSECTIONS ONLY),1,37019,2,0,0,2,0,2,2,2,T intersection,3,70,Arterial Other
T20120003701,2012-02-15,12:11:00,2,Struck Pedestrian,4,Wednesday,100,PED NEAR SIDE. PED HIT BY VEHICLE FROM THE RIGHT.,1,249648,1,0,0,1,1,2,1,5,Not at intersection,3,60,Arterial Other
T20120010058,2012-02-15,08:45:00,1,Collision with vehicle,4,Wednesday,130,REAR END(VEHICLES IN SAME LANE),1,251815,2,0,0,1,1,2,2,5,Not at intersection,3,70,Arterial Highway
T20120003603,2012-02-15,09:50:00,4,Collision with a fixed object,4,Wednesday,171,LEFT OFF CARRIAGEWAY INTO OBJECT/PARKED VEHICLE,1,249619,1,0,0,1,0,1,1,5,Not at intersection,3,60,Local Road
T20120003768,2012-02-15,14:50:00,1,Collision with vehicle,4,Wednesday,131,LEFT REAR,1,54721,2,0,0,2,3,5,2,1,Cross intersection,3,60,Arterial Highway
T20120003601,2012-02-15,08:59:00,1,Collision with vehicle,4,Wednesday,163,VEHICLE STRIKES DOOR OF PARKED/STATIONARY VEHICLE,1,249618,3,0,1,0,2,3,2,5,Not at intersection,2,50,Local Road
T20120003595,2012-02-15,07:00:00,4,Collision with a fixed object,4,Wednesday,171,LEFT OFF CARRIAGEWAY INTO OBJECT/PARKED VEHICLE,1,252174,1,0,1,0,0,1,1,5,Not at intersection,2,80,Local Road
T20120004222,2012-02-15,16:50:00,1,Collision with vehicle,4,Wednesday,113,RIGHT NEAR (INTERSECTIONS ONLY),1,495,2,0,0,1,1,2,2,2,T intersection,3,60,Arterial Other
T20120008949,2012-02-15,21:30:00,1,Collision with vehicle,4,Wednesday,140,U TURN,3,251186,2,0,0,1,1,2,1,5,Not at intersection,3,60,Arterial Other
T20120003593,2012-02-15,06:00:00,1,Collision with vehicle,4,Wednesday,121,RIGHT THROUGH,3,234609,2,0,0,1,1,2,1,1,Cross intersection,3,70,Arterial Highway
T20120003592,2012-02-15,07:05:00,8,No collision and no object struck,4,Wednesday,174,OUT OF CONTROL ON CARRIAGEWAY (ON STRAIGHT),1,250562,2,0,0,1,1,2,1,5,Not at intersection,3,50,Local Road
T20120004285,2012-02-15,22:50:00,4,Collision with a fixed object,4,Wednesday,183,OFF LEFT BEND INTO OBJECT/PARKED VEHICLE,5,250373,1,0,0,1,0,1,1,5,Not at intersection,3,80,Arterial Other
T20120003651,2012-02-15,15:25:00,1,Collision with vehicle,4,Wednesday,121,RIGHT THROUGH,1,38092,2,0,1,1,1,3,1,1,Cross intersection,2,60,
T20130001487,2012-02-15,17:00:00,6,Vehicle overturned (no collision),4,Wednesday,174,OUT OF CONTROL ON CARRIAGEWAY (ON STRAIGHT),1,257280,1,0,0,1,0,1,2,5,Not at intersection,3,100,Freeway
T20120003652,2012-02-15,22:10:00,4,Collision with a fixed object,4,Wednesday,171,LEFT OFF CARRIAGEWAY INTO OBJECT/PARKED VEHICLE,6,250851,2,0,0,1,1,2,1,5,Not at intersection,3,999,Local Road
T20120003643,2012-02-15,18:00:00,4,Collision with a fixed object,4,Wednesday,173,RIGHT OFF CARRIAGEWAY INTO OBJECT/PARKED VEHICLE,1,249633,1,0,0,2,0,2,1,2,T intersection,3,50,Local Road
T20120005397,2012-02-15,09:00:00,1,Collision with vehicle,4,Wednesday,145,REVERSING IN STREAM OF TRAFFIC,1,49787,2,0,0,1,2,3,2,2,T intersection,3,60,Arterial Other
T20120003653,2012-02-15,20:45:00,1,Collision with vehicle,4,Wednesday,130,REAR END(VEHICLES IN SAME LANE),3,249877,2,0,1,1,1,3,1,5,Not at intersection,2,40,Freeway
T20120003646,2012-02-15,17:30:00,6,Vehicle overturned (no collision),4,Wednesday,170,OFF CARRIAGEWAY TO LEFT,1,249917,1,0,1,0,0,1,1,5,Not at intersection,2,100,Arterial Other
T20120012260,2012-02-15,12:05:00,1,Collision with vehicle,4,Wednesday,140,U TURN,9,252114,2,0,0,1,1,2,2,5,Not at intersection,3,50,Local Road
T20120003822,2012-02-15,17:30:00,1,Collision with vehicle,4,Wednesday,130,REAR END(VEHICLES IN SAME LANE),1,354437,2,0,1,0,1,2,2,5,Not at intersection,2,70,Arterial Highway
T20120004044,2012-02-15,08:25:00,1,Collision with vehicle,4,Wednesday,140,U TURN,1,249705,2,0,0,4,1,5,1,5,Not at intersection,3,80,Arterial Other
T20120004343,2012-02-15,08:00:00,1,Collision with vehicle,3,Wednesday,130,REAR END(VEHICLES IN SAME LANE),1,29826,2,0,0,1,1,2,2,1,Cross intersection,3,100,Freeway
T20120003611,2012-02-15,07:40:00,1,Collision with vehicle,4,Wednesday,130,REAR END(VEHICLES IN SAME LANE),1,249626,5,0,1,0,4,5,1,5,Not at intersection,2,100,Freeway
T20120003684,2012-02-15,21:30:00,1,Collision with vehicle,3,Wednesday,130,REAR END(VEHICLES IN SAME LANE),3,37550,2,0,0,1,1,2,2,1,Cross intersection,3,60,Arterial Other
T20120003658,2012-02-15,20:00:00,4,Collision with a fixed object,4,Wednesday,173,RIGHT OFF CARRIAGEWAY INTO OBJECT/PARKED VEHICLE,5,248815,1,1,0,0,0,1,1,5,Not at intersection,1,100,
T20120003687,2012-02-15,09:30:00,4,Collision with a fixed object,4,Wednesday,173,RIGHT OFF CARRIAGEWAY INTO OBJECT/PARKED VEHICLE,1,213533,1,0,0,1,0,1,2,1,Cross intersection,3,999,Arterial Other
T20120003625,2012-02-15,11:40:00,1,Collision with vehicle,4,Wednesday,130,REAR END(VEHICLES IN SAME LANE),1,249627,2,0,0,1,1,2,1,5,Not at intersection,3,60,Arterial Other
T20120003716,2012-02-15,07:40:00,1,Collision with vehicle,4,Wednesday,130,REAR END(VEHICLES IN SAME LANE),1,252366,2,0,1,0,1,2,2,5,Not at intersection,2,80,Arterial Highway
T20120003626,2012-02-15,11:10:00,1,Collision with vehicle,4,Wednesday,110,CROSS TRAFFIC(INTERSECTIONS ONLY),1,73733,2,0,1,0,1,2,2,1,Cross intersection,2,999,Local Road
T20120003631,2012-02-15,16:00:00,1,Collision with vehicle,4,Wednesday,130,REAR END(VEHICLES IN SAME LANE),1,253776,8,0,0,2,6,8,1,5,Not at intersection,3,70,Arterial Other
T20120003700,2012-02-15,14:30:00,1,Collision with vehicle,4,Wednesday,130,REAR END(VEHICLES IN SAME LANE),1,54465,2,0,0,1,2,3,2,2,T intersection,3,999,Arterial Highway
T20120003637,2012-02-15,16:43:00,1,Collision with vehicle,4,Wednesday,132,RIGHT REAR.,1,250601,2,0,0,3,0,3,1,5,Not at intersection,3,60,Local Road
T20120003610,2012-02-15,07:55:00,8,No collision and no object struck,4,Wednesday,170,OFF CARRIAGEWAY TO LEFT,1,249621,2,0,0,1,1,2,2,5,Not at intersection,3,999,Local Road
T20120003639,2012-02-15,18:45:00,6,Vehicle overturned (no collision),4,Wednesday,174,OUT OF CONTROL ON CARRIAGEWAY (ON STRAIGHT),1,66247,1,0,0,1,0,1,1,2,T intersection,3,60,Arterial Other
T20120003641,2012-02-15,18:45:00,1,Collision with vehicle,4,Wednesday,116,LEFT NEAR (INTERSECTIONS ONLY),1,249756,2,0,0,1,1,2,1,1,Cross intersection,3,50,Local Road
T20120003642,2012-02-15,09:05:00,1,Collision with vehicle,3,Wednesday,120,HEAD ON (NOT OVERTAKING),1,354433,2,0,1,0,1,2,1,5,Not at intersection,2,100,Arterial Highway
T20120003785,2012-02-15,11:34:00,8,No collision and no object struck,4,Wednesday,170,OFF CARRIAGEWAY TO LEFT,1,249769,2,0,1,0,1,2,1,5,Not at intersection,2,100,Freeway
T20120003712,2012-02-16,11:45:00,1,Collision with vehicle,5,Thursday,130,REAR END(VEHICLES IN SAME LANE),1,249760,3,0,0,2,1,3,1,5,Not at intersection,3,80,Arterial Other
T20120007080,2012-02-16,20:30:00,1,Collision with vehicle,5,Thursday,110,CROSS TRAFFIC(INTERSECTIONS ONLY),1,60602,2,0,1,0,1,2,2,1,Cross intersection,2,60,Local Road
T20120003718,2012-02-16,13:58:00,1,Collision with vehicle,5,Thursday,130,REAR END(VEHICLES IN SAME LANE),1,249651,3,0,0,1,6,7,1,5,Not at intersection,3,70,Arterial Highway
T20120005258,2012-02-16,08:55:00,1,Collision with vehicle,5,Thursday,137,LEFT TURN SIDESWIPE,1,250132,2,0,0,1,1,2,2,5,Not at intersection,3,60,Arterial Other
T20120003662,2012-02-16,01:00:00,4,Collision with a fixed object,5,Thursday,173,RIGHT OFF CARRIAGEWAY INTO OBJECT/PARKED VEHICLE,3,250030,1,0,0,1,0,1,1,2,T intersection,3,50,Local Road
T20120004125,2012-02-16,21:30:00,8,No collision and no object struck,5,Thursday,174,OUT OF CONTROL ON CARRIAGEWAY (ON STRAIGHT),6,249847,2,0,1,0,1,2,2,5,Not at intersection,2,60,Arterial Highway
T20120003737,2012-02-16,16:50:00,2,Struck Pedestrian,5,Thursday,102,FAR SIDE. PED HIT BY VEHICLE FROM THE LEFT,1,66721,1,0,0,1,1,2,1,2,T intersection,3,70,Arterial Other
T20120003667,2012-02-16,06:45:00,1,Collision with vehicle,5,Thursday,110,CROSS TRAFFIC(INTERSECTIONS ONLY),2,16807,2,0,0,2,0,2,1,1,Cross intersection,3,60,Arterial Highway
T20120004888,2012-02-16,08:00:00,4,Collision with a fixed object,5,Thursday,183,OFF LEFT BEND INTO OBJECT/PARKED VEHICLE,1,250116,1,0,0,1,0,1,1,2,T intersection,3,40,Local Road
T20120008420,2012-02-16,09:15:00,8,No collision and no object struck,5,Thursday,174,OUT OF CONTROL ON CARRIAGEWAY (ON STRAIGHT),1,251094,1,0,0,1,0,1,2,5,Not at intersection,3,60,Freeway
T20120003673,2012-02-16,08:35:00,8,No collision and no object struck,5,Thursday,174,OUT OF CONTROL ON CARRIAGEWAY (ON STRAIGHT),1,58718,1,0,0,1,0,1,1,2,T intersection,3,60,Local Road
T20120003681,2012-02-16,07:55:00,1,Collision with vehicle,5,Thursday,120,HEAD ON (NOT OVERTAKING),1,249638,2,0,0,1,2,3,1,5,Not at intersection,3,100,Local Road
T20120003998,2012-02-16,16:10:00,1,Collision with vehicle,5,Thursday,137,LEFT TURN SIDESWIPE,1,29447,2,0,0,1,1,2,2,1,Cross intersection,3,60,Arterial Other
T20120003683,2012-02-16,11:00:00,1,Collision with vehicle,5,Thursday,121,RIGHT THROUGH,1,39920,2,0,0,2,0,2,1,1,Cross intersection,3,70,Arterial Other
T20120003747,2012-02-16,16:50:00,1,Collision with vehicle,5,Thursday,121,RIGHT THROUGH,1,250106,2,0,1,0,1,2,1,5,Not at intersection,2,80,Arterial Other
T20120003771,2012-02-16,20:45:00,1,Collision with vehicle,5,Thursday,160,VEHICLE COLLIDES WITH VEHICLE PARKED ON LEFT OF ROAD,3,249685,2,0,0,1,0,1,1,5,Not at intersection,3,50,Local Road
T20120006782,2012-02-16,21:00:00,1,Collision with vehicle,5,Thursday,169,OTHER ON PATH,3,32826,3,0,1,0,0,1,1,2,T intersection,2,60,Local Road
T20120003723,2012-02-16,14:30:00,6,Vehicle overturned (no collision),5,Thursday,184,OUT OF CONTROL ON CARRIAGEWAY (ON BEND),1,249654,1,0,0,2,0,2,1,2,T intersection,3,100,Local Road
T20120003724,2012-02-16,14:45:00,1,Collision with vehicle,5,Thursday,130,REAR END(VEHICLES IN SAME LANE),1,57576,3,0,0,1,3,4,1,1,Cross intersection,3,80,Arterial Highway
T20120003725,2012-02-16,12:33:00,1,Collision with vehicle,5,Thursday,121,RIGHT THROUGH,1,29406,2,0,1,0,1,2,1,1,Cross intersection,2,50,Local Road
T20120003728,2012-02-16,16:35:00,4,Collision with a fixed object,5,Thursday,171,LEFT OFF CARRIAGEWAY INTO OBJECT/PARKED VEHICLE,2,249657,1,0,0,1,0,1,2,5,Not at intersection,3,999,Arterial Other
T20120023537,2012-02-16,17:00:00,6,Vehicle overturned (no collision),5,Thursday,174,OUT OF CONTROL ON CARRIAGEWAY (ON STRAIGHT),9,40058,1,0,0,1,0,1,2,2,T intersection,3,60,Arterial Other
T20120003731,2012-02-16,16:15:00,1,Collision with vehicle,5,Thursday,163,VEHICLE STRIKES DOOR OF PARKED/STATIONARY VEHICLE,1,249660,2,0,0,1,2,3,1,5,Not at intersection,3,50,Local Road
T20120003732,2012-02-16,16:20:00,2,Struck Pedestrian,5,Thursday,101,PED EMERGES FROM IN FRONT OF PARKED OR STATIONARY VEHICLE,1,249662,1,0,0,1,1,2,1,5,Not at intersection,3,50,Local Road
T20120003750,2012-02-16,18:30:00,1,Collision with vehicle,5,Thursday,110,CROSS TRAFFIC(INTERSECTIONS ONLY),1,43246,3,0,0,1,3,4,1,1,Cross intersection,3,50,Local Road
T20120003759,2012-02-16,13:10:00,8,No collision and no object struck,5,Thursday,174,OUT OF CONTROL ON CARRIAGEWAY (ON STRAIGHT),1,278464,2,0,0,1,1,2,1,1,Cross intersection,3,80,Arterial Other