ACCIDENT_NO,ACCIDENT_DATE,ACCIDENT_TIME,ACCIDENT_TYPE,ACCIDENT_TYPE_DESC,DAY_OF_WEEK,DAY_WEEK_DESC,DCA_CODE,DCA_DESC,LIGHT_CONDITION,NODE_ID,NO_OF_VEHICLES,NO_PERSONS_KILLED,NO_PERSONS_INJ_2,NO_PERSONS_INJ_3,NO_PERSONS_NOT_INJ,NO_PERSONS,POLICE_ATTEND,ROAD_GEOMETRY,ROAD_GEOMETRY_DESC,SEVERITY,SPEED_ZONE,RMA
T20140012669,2012-02-16,17:30:00,1,Collision with vehicle,5,Thursday,130,REAR END(VEHICLES IN SAME LANE),1,29716,4,0,0,2,4,6,1,2,T intersection,3,60,Arterial Highway
T20120004333,2012-02-16,17:30:00,1,Collision with vehicle,5,Thursday,130,REAR END(VEHICLES IN SAME LANE),1,249940,3,0,0,1,2,3,2,5,Not at intersection,3,999,Arterial Other
T20120006788,2012-02-16,15:35:00,4,Collision with a fixed object,5,Thursday,171,LEFT OFF CARRIAGEWAY INTO OBJECT/PARKED VEHICLE,1,250652,1,0,1,0,0,1,2,5,Not at intersection,2,110,Arterial Other
T20120003717,2012-02-16,06:00:00,1,Collision with vehicle,5,Thursday,150,HEAD ON(OVERTAKING),5,249472,2,1,0,0,1,2,1,5,Not at intersection,1,100,Arterial Other
T20120003753,2012-02-16,17:25:00,1,Collision with vehicle,5,Thursday,147,VEHICLE STRIKES ANOTHER VEH WHILE EMERGING FROM DRIVEWAY,1,249672,2,0,0,2,0,2,1,5,Not at intersection,3,100,Arterial Other
T20120003664,2012-02-16,05:40:00,1,Collision with vehicle,5,Thursday,160,VEHICLE COLLIDES WITH VEHICLE PARKED ON LEFT OF ROAD,3,252358,2,0,0,1,1,2,1,5,Not at intersection,3,60,Arterial Other
T20120007364,2012-02-16,17:45:00,1,Collision with vehicle,5,Thursday,120,HEAD ON (NOT OVERTAKING),1,283605,2,0,0,1,1,2,2,5,Not at intersection,3,60,Local Road
T20120005987,2012-02-16,17:39:00,1,Collision with vehicle,5,Thursday,130,REAR END(VEHICLES IN SAME LANE),1,254603,3,0,1,0,2,3,1,5,Not at intersection,2,80,Freeway
T20120006153,2012-02-16,18:36:00,1,Collision with vehicle,5,Thursday,130,REAR END(VEHICLES IN SAME LANE),1,250348,2,0,0,1,1,2,2,5,Not at intersection,3,999,Arterial Other
T20120003808,2012-02-16,16:15:00,1,Collision with vehicle,5,Thursday,110,CROSS TRAFFIC(INTERSECTIONS ONLY),1,65895,2,0,0,1,1,2,2,1,Cross intersection,3,50,Local Road
T20120003809,2012-02-16,21:00:00,8,No collision and no object struck,5,Thursday,184,OUT OF CONTROL ON CARRIAGEWAY (ON BEND),5,249782,1,0,0,1,0,1,2,5,Not at intersection,3,40,Arterial Other
T20120003757,2012-02-16,19:25:00,4,Collision with a fixed object,5,Thursday,171,LEFT OFF CARRIAGEWAY INTO OBJECT/PARKED VEHICLE,1,249675,1,0,1,1,0,2,1,2,T intersection,2,50,Local Road
T20120003704,2012-02-16,11:00:00,1,Collision with vehicle,4,Thursday,133,LANE SIDE SWIPE (VEHICLES IN PARALLEL LANES),1,249649,2,0,0,1,1,2,2,5,Not at intersection,3,999,Arterial Other
T20120004454,2012-02-16,08:20:00,1,Collision with vehicle,4,Thursday,148,VEHICLE OFF FOOTPATH STRIKES VEH ON CARRIAGEWAY,1,29469,2,0,0,1,1,2,2,2,T intersection,3,50,Arterial Other
T20120006857,2012-02-16,22:45:00,1,Collision with vehicle,5,Thursday,134,LANE CHANGE RIGHT (NOT OVERTAKING),3,40093,2,0,0,1,1,2,1,1,Cross intersection,3,60,Arterial Other
T20120003820,2012-02-16,19:28:00,1,Collision with vehicle,5,Thursday,120,HEAD ON (NOT OVERTAKING),1,253012,2,0,2,0,0,2,1,5,Not at intersection,2,100,Local Road
T20120003733,2012-02-16,15:20:00,4,Collision with a fixed object,5,Thursday,171,LEFT OFF CARRIAGEWAY INTO OBJECT/PARKED VEHICLE,1,250032,1,0,1,0,0,1,1,5,Not at intersection,2,50,Local Road
T20120003758,2012-02-16,18:31:00,2,Struck Pedestrian,5,Thursday,101,PED EMERGES FROM IN FRONT OF PARKED OR STATIONARY VEHICLE,1,41792,1,0,0,1,1,2,1,1,Cross intersection,3,50,Local Road
T20120004767,2012-02-16,06:50:00,1,Collision with vehicle,4,Thursday,130,REAR END(VEHICLES IN SAME LANE),1,355295,4,0,1,0,3,4,1,5,Not at intersection,2,60,
T20120006993,2012-02-16,17:00:00,1,Collision with vehicle,5,Thursday,116,LEFT NEAR (INTERSECTIONS ONLY),1,43147,2,0,0,1,1,2,2,1,Cross intersection,3,80,Arterial Other
T20120003772,2012-02-16,19:27:00,4,Collision with a fixed object,5,Thursday,173,RIGHT OFF CARRIAGEWAY INTO OBJECT/PARKED VEHICLE,3,99926,1,0,2,0,0,2,1,5,Not at intersection,2,80,Arterial Other
T20120003825,2012-02-16,16:30:00,1,Collision with vehicle,5,Thursday,130,REAR END(VEHICLES IN SAME LANE),1,249784,2,0,0,1,1,2,1,5,Not at intersection,3,999,Arterial Other
T20120003780,2012-02-16,23:30:00,2,Struck Pedestrian,5,Thursday,105,PED WALKING AGAINST TRAFFIC.,5,250848,1,0,1,0,1,2,2,5,Not at intersection,2,100,
T20120003686,2012-02-16,09:15:00,1,Collision with vehicle,5,Thursday,147,VEHICLE STRIKES ANOTHER VEH WHILE EMERGING FROM DRIVEWAY,1,249645,2,0,0,1,1,2,1,5,Not at intersection,3,50,Local Road
T20120003760,2012-02-16,17:45:00,6,Vehicle overturned (no collision),5,Thursday,174,OUT OF CONTROL ON CARRIAGEWAY (ON STRAIGHT),2,249682,1,0,0,1,0,1,1,5,Not at intersection,3,60,Arterial Other
T20120003765,2012-02-16,19:41:00,1,Collision with vehicle,5,Thursday,130,REAR END(VEHICLES IN SAME LANE),2,40591,3,0,0,1,2,3,1,2,T intersection,3,60,Arterial Highway
T20120003766,2012-02-16,18:10:00,1,Collision with vehicle,5,Thursday,130,REAR END(VEHICLES IN SAME LANE),5,249684,16,0,2,2,13,17,1,5,Not at intersection,2,110,Freeway
T20120025401,2012-02-16,17:00:00,1,Collision with vehicle,5,Thursday,130,REAR END(VEHICLES IN SAME LANE),1,65743,2,0,0,1,1,2,2,1,Cross intersection,3,50,Local Road
T20120003740,2012-02-16,16:45:00,1,Collision with vehicle,5,Thursday,130,REAR END(VEHICLES IN SAME LANE),1,249669,2,0,0,1,2,3,1,5,Not at intersection,3,60,Local Road
T20120003781,2012-02-16,22:40:00,2,Struck Pedestrian,5,Thursday,108,PED STRUCK WALKING TO/FROM OR BOARDING/ALIGHTING VEHICLE.,3,249686,2,0,1,0,1,2,1,5,Not at intersection,2,40,Arterial Other
T20120003690,2012-02-16,11:15:00,1,Collision with vehicle,5,Thursday,169,OTHER ON PATH,1,249647,2,0,0,1,1,2,1,2,T intersection,3,50,Local Road
T20120003905,2012-02-16,18:50:00,1,Collision with vehicle,5,Thursday,130,REAR END(VEHICLES IN SAME LANE),1,40105,2,0,0,1,2,3,2,1,Cross intersection,3,999,Arterial Other
T20120003742,2012-02-16,18:00:00,4,Collision with a fixed object,5,Thursday,171,LEFT OFF CARRIAGEWAY INTO OBJECT/PARKED VEHICLE,1,249670,1,0,1,0,0,1,1,5,Not at intersection,2,60,Arterial Other
T20120003692,2012-02-16,06:28:00,1,Collision with vehicle,5,Thursday,121,RIGHT THROUGH,2,38060,2,1,0,0,1,2,1,1,Cross intersection,1,60,Arterial Other
T20120003739,2012-02-16,15:56:00,2,Struck Pedestrian,5,Thursday,103,PED PLAYING/LYING/WORKING/STANDING ON CARRIAGEWAY.,1,249668,1,0,0,1,1,2,1,5,Not at intersection,3,50,Local Road
T20120003743,2012-02-16,15:45:00,2,Struck Pedestrian,5,Thursday,101,PED EMERGES FROM IN FRONT OF PARKED OR STATIONARY VEHICLE,1,249817,1,0,0,1,1,2,2,5,Not at intersection,3,999,Local Road
T20120004481,2012-02-16,00:30:00,6,Vehicle overturned (no collision),5,Thursday,172,OFF CARRIAGEWAY TO RIGHT,5,249848,1,0,1,0,0,1,2,5,Not at intersection,2,100,Arterial Other
T20120003746,2012-02-16,18:40:00,1,Collision with vehicle,5,Thursday,163,VEHICLE STRIKES DOOR OF PARKED/STATIONARY VEHICLE,2,249671,3,0,0,1,2,3,1,5,Not at intersection,3,60,
T20120003710,2012-02-16,09:35:00,6,Vehicle overturned (no collision),5,Thursday,170,OFF CARRIAGEWAY TO LEFT,1,249758,1,0,0,1,0,1,1,5,Not at intersection,3,80,
T20120003698,2012-02-16,13:20:00,1,Collision with vehicle,5,Thursday,113,RIGHT NEAR (INTERSECTIONS ONLY),1,38758,2,0,0,1,1,2,2,2,T intersection,3,999,Arterial Highway
T20120003738,2012-02-16,16:55:00,1,Collision with vehicle,5,Thursday,140,U TURN,1,249667,2,0,0,2,0,2,1,5,Not at intersection,3,60,Local Road
T20120003867,2012-02-16,10:50:00,1,Collision with vehicle,5,Thursday,130,REAR END(VEHICLES IN SAME LANE),1,249795,2,0,0,2,1,3,1,5,Not at intersection,3,40,Arterial Highway
T20120003854,2012-02-16,09:00:00,1,Collision with vehicle,5,Thursday,130,REAR END(VEHICLES IN SAME LANE),1,249792,2,0,0,1,1,2,2,5,Not at intersection,3,40,Arterial Other
T20120019169,2012-02-17,16:30:00,1,Collision with vehicle,6,Friday,121,RIGHT THROUGH,1,50070,2,0,0,1,1,2,2,1,Cross intersection,3,60,Arterial Other
T20120003883,2012-02-17,23:00:00,4,Collision with a fixed object,6,Friday,171,LEFT OFF CARRIAGEWAY INTO OBJECT/PARKED VEHICLE,5,251050,1,0,1,0,0,1,1,5,Not at intersection,2,100,Arterial Other
T20120004275,2012-02-17,09:35:00,8,No collision and no object struck,6,Friday,174,OUT OF CONTROL ON CARRIAGEWAY (ON STRAIGHT),1,250225,2,0,0,1,1,2,2,5,Not at intersection,3,60,Arterial Other
T20120004207,2012-02-17,15:00:00,1,Collision with vehicle,6,Friday,132,RIGHT REAR.,1,126083,3,0,0,1,2,3,2,5,Not at intersection,3,40,Local Road
T20120003917,2012-02-17,07:45:00,1,Collision with vehicle,6,Friday,152,PULLING OUT (OVERTAKING),1,62625,2,0,0,1,3,4,2,2,T intersection,3,999,Local Road
T20120004288,2012-02-17,08:40:00,1,Collision with vehicle,6,Friday,143,ENTERING PARKING,1,249923,2,0,0,1,1,2,2,5,Not at intersection,3,40,Arterial Other
T20120003783,2012-02-17,05:50:00,4,Collision with a fixed object,6,Friday,183,OFF LEFT BEND INTO OBJECT/PARKED VEHICLE,5,251047,1,0,1,2,0,3,1,5,Not at intersection,2,110,Freeway
T20120003902,2012-02-17,17:10:00,1,Collision with vehicle,6,Friday,130,REAR END(VEHICLES IN SAME LANE),1,249820,2,0,0,1,1,2,2,5,Not at intersection,3,60,Arterial Highway
T20120005152,2012-02-17,17:15:00,1,Collision with vehicle,6,Friday,140,U TURN,1,251369,2,0,0,2,1,3,2,5,Not at intersection,3,100,Arterial Highway
T20120003958,2012-02-17,18:00:00,6,Vehicle overturned (no collision),6,Friday,182,OFF CARRIAGEWAY ON LEFT BEND,1,249838,1,0,1,0,0,1,2,5,Not at intersection,2,100,Local Road
T20120003836,2012-02-17,16:15:00,2,Struck Pedestrian,6,Friday,102,FAR SIDE. PED HIT BY VEHICLE FROM THE LEFT,1,36831,1,0,0,1,2,3,1,1,Cross intersection,3,60,Arterial Other
T20120003823,2012-02-17,13:25:00,2,Struck Pedestrian,6,Friday,109,ANY MANOEUVRE INVOLVING PED NOT INCLUDED IN DCAs 100-108.,1,36941,1,0,0,1,1,2,2,2,T intersection,3,50,Local Road
T20120004720,2012-02-17,08:00:00,2,Struck Pedestrian,6,Friday,109,ANY MANOEUVRE INVOLVING PED NOT INCLUDED IN DCAs 100-108.,1,318108,2,0,0,1,1,2,2,5,Not at intersection,3,999,Local Road
T20120003798,2012-02-17,09:15:00,1,Collision with vehicle,6,Friday,130,REAR END(VEHICLES IN SAME LANE),1,46304,3,0,0,1,3,4,1,1,Cross intersection,3,60,Arterial Other
T20120003799,2012-02-17,07:10:00,1,Collision with vehicle,6,Friday,130,REAR END(VEHICLES IN SAME LANE),1,249776,2,0,0,1,1,2,1,5,Not at intersection,3,60,Local Road
T20120003800,2012-02-17,09:40:00,1,Collision with vehicle,6,Friday,120,HEAD ON (NOT OVERTAKING),1,249778,2,0,0,2,1,3,1,5,Not at intersection,3,80,Arterial Highway
T20120003801,2012-02-17,06:45:00,1,Collision with vehicle,6,Friday,130,REAR END(VEHICLES IN SAME LANE),2,252096,2,0,0,1,1,2,2,1,Cross intersection,3,80,Arterial Highway
T20120003802,2012-02-17,09:45:00,1,Collision with vehicle,6,Friday,121,RIGHT THROUGH,1,49443,2,0,0,3,1,4,1,4,Multiple intersection,3,80,Freeway
T20120003810,2012-02-17,10:15:00,4,Collision with a fixed object,6,Friday,173,RIGHT OFF CARRIAGEWAY INTO OBJECT/PARKED VEHICLE,1,249783,1,0,1,0,0,1,1,2,T intersection,2,80,Local Road
T20120003814,2012-02-17,11:10:00,1,Collision with vehicle,6,Friday,121,RIGHT THROUGH,1,57610,2,0,1,0,1,2,1,2,T intersection,2,60,Arterial Other
T20120003816,2012-02-17,05:40:00,1,Collision with vehicle,6,Friday,120,HEAD ON (NOT OVERTAKING),5,248894,2,1,0,1,0,2,1,5,Not at intersection,1,80,Arterial Highway
T20120003819,2012-02-17,07:15:00,1,Collision with vehicle,6,Friday,120,HEAD ON (NOT OVERTAKING),1,252359,2,0,2,1,0,3,1,5,Not at intersection,2,100,Arterial Highway
T20120003855,2012-02-17,18:25:00,1,Collision with vehicle,6,Friday,132,RIGHT REAR.,1,249793,2,0,1,1,0,2,1,5,Not at intersection,2,60,Local Road
T20120003839,2012-02-17,15:44:00,1,Collision with vehicle,6,Friday,110,CROSS TRAFFIC(INTERSECTIONS ONLY),1,43716,2,0,0,1,4,5,1,1,Cross intersection,3,60,Local Road
T20120003826,2012-02-17,14:25:00,1,Collision with vehicle,6,Friday,145,REVERSING IN STREAM OF TRAFFIC,1,36361,2,0,0,1,1,2,1,2,T intersection,3,60,Arterial Other
T20120003827,2012-02-17,14:15:00,4,Collision with a fixed object,6,Friday,171,LEFT OFF CARRIAGEWAY INTO OBJECT/PARKED VEHICLE,1,42678,1,0,1,0,0,1,1,5,Not at intersection,2,80,Arterial Other
T20120004106,2012-02-17,13:00:00,2,Struck Pedestrian,6,Friday,109,ANY MANOEUVRE INVOLVING PED NOT INCLUDED IN DCAs 100-108.,1,249843,2,0,0,1,0,1,2,5,Not at intersection,3,60,Arterial Other
T20120004102,2012-02-17,17:45:00,8,No collision and no object struck,6,Friday,174,OUT OF CONTROL ON CARRIAGEWAY (ON STRAIGHT),1,35492,2,0,0,1,2,3,2,2,T intersection,3,60,Local Road
T20120003876,2012-02-17,22:00:00,4,Collision with a fixed object,6,Friday,173,RIGHT OFF CARRIAGEWAY INTO OBJECT/PARKED VEHICLE,3,249798,1,0,0,1,0,1,1,5,Not at intersection,3,80,Arterial Other
T20120003875,2012-02-17,23:00:00,1,Collision with vehicle,6,Friday,110,CROSS TRAFFIC(INTERSECTIONS ONLY),3,119,2,0,0,1,1,2,1,1,Cross intersection,3,60,Arterial Other
T20120003869,2012-02-17,21:55:00,1,Collision with vehicle,6,Friday,160,VEHICLE COLLIDES WITH VEHICLE PARKED ON LEFT OF ROAD,3,249797,6,0,0,2,0,2,1,5,Not at intersection,3,60,Local Road
T20120003864,2012-02-17,16:35:00,2,Struck Pedestrian,6,Friday,102,FAR SIDE. PED HIT BY VEHICLE FROM THE LEFT,1,36138,1,0,0,1,1,2,2,1,Cross intersection,3,80,Arterial Other
T20120003863,2012-02-17,20:00:00,1,Collision with vehicle,6,Friday,130,REAR END(VEHICLES IN SAME LANE),2,37748,2,0,0,1,1,2,1,1,Cross intersection,3,60,Arterial Other
T20120004058,2012-02-17,17:02:00,1,Collision with vehicle,5,Friday,120,HEAD ON (NOT OVERTAKING),1,355283,2,0,1,1,1,3,1,5,Not at intersection,2,999,Local Road
T20120003861,2012-02-17,17:00:00,1,Collision with vehicle,6,Friday,132,RIGHT REAR.,1,49420,2,0,0,1,2,3,1,1,Cross intersection,3,60,Arterial Highway
T20120003835,2012-02-17,15:15:00,4,Collision with a fixed object,6,Friday,181,OFF RIGHT BEND INTO OBJECT/PARKED VEHICLE,1,251789,1,0,1,0,0,1,1,5,Not at intersection,2,80,Arterial Other
T20120003853,2012-02-17,13:15:00,2,Struck Pedestrian,6,Friday,107,PED ON FOOTHPATH STRUCK BY VEHENTERING/LEAVING DRIVEWAY.,1,246558,1,0,0,1,1,2,1,5,Not at intersection,3,50,Local Road
T20120003852,2012-02-17,17:50:00,6,Vehicle overturned (no collision),6,Friday,172,OFF CARRIAGEWAY TO RIGHT,1,249790,1,0,0,1,0,1,1,5,Not at intersection,3,100,
T20120003850,2012-02-17,18:00:00,1,Collision with vehicle,6,Friday,121,RIGHT THROUGH,1,48841,2,0,0,2,0,2,1,1,Cross intersection,3,70,Local Road
T20120003846,2012-02-17,16:50:00,2,Struck Pedestrian,6,Friday,101,PED EMERGES FROM IN FRONT OF PARKED OR STATIONARY VEHICLE,1,249788,1,0,1,0,1,2,1,5,Not at intersection,2,60,
T20120003845,2012-02-17,15:26:00,1,Collision with vehicle,6,Friday,130,REAR END(VEHICLES IN SAME LANE),1,249787,2,0,0,3,1,4,1,5,Not at intersection,3,80,Freeway
T20120003844,2012-02-17,15:45:00,1,Collision with vehicle,6,Friday,130,REAR END(VEHICLES IN SAME LANE),1,43906,3,0,0,1,6,7,1,2,T intersection,3,60,Arterial Other
T20120003842,2012-02-17,16:05:00,1,Collision with vehicle,6,Friday,140,U TURN,1,249786,3,0,1,0,1,2,1,5,Not at intersection,2,50,
T20120003840,2012-02-17,08:00:00,1,Collision with vehicle,6,Friday,111,RIGHT FAR (INTERSECTIONS ONLY),1,69710,2,0,0,1,1,2,2,2,T intersection,3,60,Local Road
T20120003832,2012-02-17,14:40:00,1,Collision with vehicle,6,Friday,113,RIGHT NEAR (INTERSECTIONS ONLY),1,41323,2,0,1,0,1,2,1,2,T intersection,2,50,Arterial Other
T20120003930,2012-02-17,16:55:00,2,Struck Pedestrian,6,Friday,100,PED NEAR SIDE. PED HIT BY VEHICLE FROM THE RIGHT.,1,249826,1,0,1,0,1,2,1,5,Not at intersection,2,70,Arterial Highway
T20120003964,2012-02-18,21:30:00,8,No collision and no object struck,7,Saturday,170,OFF CARRIAGEWAY TO LEFT,5,249687,1,0,1,0,0,1,1,5,Not at intersection,2,100,Local Road
T20120003963,2012-02-18,22:00:00,4,Collision with a fixed object,7,Saturday,171,LEFT OFF CARRIAGEWAY INTO OBJECT/PARKED VEHICLE,3,57846,1,0,2,0,2,4,1,1,Cross intersection,2,80,Arterial Highway
T20120003962,2012-02-18,20:30:00,1,Collision with vehicle,7,Saturday,113,RIGHT NEAR (INTERSECTIONS ONLY),3,47555,2,0,1,0,1,2,1,2,T intersection,2,60,Local Road
T20120003961,2012-02-18,16:55:00,1,Collision with vehicle,7,Saturday,140,U TURN,1,249840,2,0,0,1,1,2,1,5,Not at intersection,3,60,Arterial Other
T20120004488,2012-02-18,22:15:00,1,Collision with vehicle,7,Saturday,130,REAR END(VEHICLES IN SAME LANE),3,249980,2,0,0,1,1,2,1,5,Not at intersection,3,70,Arterial Other
T20120005074,2012-02-18,10:00:00,8,No collision and no object struck,7,Saturday,179,OTHER ACCIDENTS-OFF STRAIGHT NOT INCLUDED IN DCAs 170-175,1,250177,1,0,1,0,0,1,2,5,Not at intersection,2,50,Local Road
T20120003969,2012-02-18,23:10:00,4,Collision with a fixed object,7,Saturday,183,OFF LEFT BEND INTO OBJECT/PARKED VEHICLE,3,249688,1,0,1,0,0,1,1,5,Not at intersection,2,50,Local Road
T20120004368,2012-02-18,09:30:00,1,Collision with vehicle,7,Saturday,135,LANE CHANGE LEFT (NOT OVERTAKING),1,35571,2,0,1,0,1,2,2,2,T intersection,2,999,Arterial Other
T20120003976,2012-02-18,23:49:00,1,Collision with vehicle,7,Saturday,129,OTHER OPPOSING MANOEUVRES NOT INCLUDED IN DCAs 120-125.,3,252367,2,0,1,0,1,2,1,5,Not at intersection,2,60,Arterial Highway
T20120004111,2012-02-18,05:45:00,1,Collision with vehicle,7,Saturday,130,REAR END(VEHICLES IN SAME LANE),2,35539,2,0,0,1,1,2,2,1,Cross intersection,3,80,Arterial Highway
T20120004891,2012-02-18,23:45:00,1,Collision with vehicle,7,Saturday,130,REAR END(VEHICLES IN SAME LANE),5,39279,2,0,1,1,0,2,1,1,Cross intersection,2,50,Arterial Other
T20120004175,2012-02-18,20:40:00,1,Collision with vehicle,7,Saturday,131,LEFT REAR,1,249775,2,0,0,1,1,2,2,2,T intersection,3,60,Arterial Other
T20120004026,2012-02-18,15:00:00,6,Vehicle overturned (no collision),7,Saturday,174,OUT OF CONTROL ON CARRIAGEWAY (ON STRAIGHT),1,249701,1,0,1,0,0,1,2,5,Not at intersection,2,80,Arterial Highway
T20120003957,2012-02-18,18:15:00,1,Collision with vehicle,7,Saturday,130,REAR END(VEHICLES IN SAME LANE),1,40961,3,0,0,1,3,4,1,1,Cross intersection,3,70,Arterial Other
T20120003955,2012-02-18,17:30:00,4,Collision with a fixed object,7,Saturday,171,LEFT OFF CARRIAGEWAY INTO OBJECT/PARKED VEHICLE,1,249836,1,0,0,1,0,1,1,5,Not at intersection,3,60,
T20120003950,2012-02-18,19:42:00,4,Collision with a fixed object,7,Saturday,173,RIGHT OFF CARRIAGEWAY INTO OBJECT/PARKED VEHICLE,3,249834,1,0,0,2,1,3,1,5,Not at intersection,3,50,Local Road
T20120003948,2012-02-18,14:50:00,1,Collision with vehicle,7,Saturday,137,LEFT TURN SIDESWIPE,1,249831,2,0,0,1,1,2,1,5,Not at intersection,3,50,Arterial Other
T20120003944,2012-02-18,15:40:00,1,Collision with vehicle,7,Saturday,110,CROSS TRAFFIC(INTERSECTIONS ONLY),1,249830,2,0,1,2,4,7,1,1,Cross intersection,2,60,Arterial Highway
T20120003942,2012-02-18,16:55:00,1,Collision with vehicle,7,Saturday,131,LEFT REAR,1,32871,2,0,0,1,2,3,1,1,Cross intersection,3,80,Arterial Highway
T20120003941,2012-02-18,16:50:00,4,Collision with a fixed object,7,Saturday,181,OFF RIGHT BEND INTO OBJECT/PARKED VEHICLE,1,249920,2,0,1,0,1,2,1,5,Not at intersection,2,70,
T20120003934,2012-02-18,15:10:00,8,No collision and no object struck,7,Saturday,184,OUT OF CONTROL ON CARRIAGEWAY (ON BEND),1,249828,1,0,1,0,0,1,1,5,Not at intersection,2,80,Arterial Other
T20120003885,2012-02-18,01:15:00,4,Collision with a fixed object,7,Saturday,171,LEFT OFF CARRIAGEWAY INTO OBJECT/PARKED VEHICLE,5,49193,1,0,1,0,0,1,1,2,T intersection,2,80,Freeway
T20120003884,2012-02-18,00:25:00,2,Struck Pedestrian,7,Saturday,109,ANY MANOEUVRE INVOLVING PED NOT INCLUDED IN DCAs 100-108.,3,249818,1,0,0,1,1,2,1,2,T intersection,3,50,Local Road
T20120003918,2012-02-18,13:30:00,1,Collision with vehicle,7,Saturday,140,U TURN,1,249822,2,0,0,1,2,3,1,5,Not at intersection,3,100,Arterial Highway
T20120003926,2012-02-18,14:06:00,2,Struck Pedestrian,7,Saturday,104,PED WALKING WITH TRAFFIC,1,249824,1,0,0,1,1,2,1,5,Not at intersection,3,50,Local Road
T20120003915,2012-02-18,12:50:00,1,Collision with vehicle,7,Saturday,130,REAR END(VEHICLES IN SAME LANE),1,35379,4,0,0,2,4,6,1,2,T intersection,3,70,Arterial Highway
T20120003910,2012-02-18,00:50:00,4,Collision with a fixed object,7,Saturday,181,OFF RIGHT BEND INTO OBJECT/PARKED VEHICLE,5,249821,1,0,1,0,0,1,1,5,Not at intersection,2,100,
T20120004002,2012-02-18,13:00:00,8,No collision and no object struck,7,Saturday,174,OUT OF CONTROL ON CARRIAGEWAY (ON STRAIGHT),1,53511,1,0,0,1,0,1,2,1,Cross intersection,3,50,Local Road
T20120003908,2012-02-18,11:10:00,1,Collision with vehicle,7,Saturday,132,RIGHT REAR.,1,39166,2,0,0,2,1,3,2,2,T intersection,3,60,Arterial Other
T20120004023,2012-02-18,20:30:00,5,collision with some other object,7,Saturday,166,STRUCK OBJECT ON CARRIAGEWAY,2,249700,1,0,1,0,0,1,2,5,Not at intersection,2,80,Arterial Other
T20120003904,2012-02-18,07:00:00,4,Collision with a fixed object,7,Saturday,173,RIGHT OFF CARRIAGEWAY INTO OBJECT/PARKED VEHICLE,1,251112,1,1,1,0,0,2,1,5,Not at intersection,1,100,Freeway
T20120003887,2012-02-18,03:22:00,1,Collision with vehicle,7,Saturday,113,RIGHT NEAR (INTERSECTIONS ONLY),3,73880,2,0,0,2,5,7,1,1,Cross intersection,3,70,Arterial Highway
T20120004080,2012-02-18,15:45:00,1,Collision with vehicle,7,Saturday,130,REAR END(VEHICLES IN SAME LANE),1,273578,3,0,1,0,3,4,2,5,Not at intersection,2,70,Arterial Other
T20120003925,2012-02-18,12:55:00,1,Collision with vehicle,7,Saturday,152,PULLING OUT (OVERTAKING),1,45972,3,0,1,0,3,4,1,2,T intersection,2,60,Arterial Other
T20120003903,2012-02-18,05:55:00,1,Collision with vehicle,7,Saturday,116,LEFT NEAR (INTERSECTIONS ONLY),6,36457,2,0,0,2,0,2,2,2,T intersection,3,999,Arterial Other
T20120004018,2012-02-18,23:50:00,4,Collision with a fixed object,7,Saturday,171,LEFT OFF CARRIAGEWAY INTO OBJECT/PARKED VEHICLE,5,249698,1,0,0,2,0,2,1,5,Not at intersection,3,80,Local Road
T20120003921,2012-02-18,11:40:00,1,Collision with vehicle,7,Saturday,110,CROSS TRAFFIC(INTERSECTIONS ONLY),1,52544,2,0,2,0,1,3,1,1,Cross intersection,2,80,Local Road
T20120003901,2012-02-18,11:10:00,1,Collision with vehicle,7,Saturday,120,HEAD ON (NOT OVERTAKING),1,254009,2,0,1,1,0,2,1,5,Not at intersection,2,60,Arterial Other
T20120003898,2012-02-18,10:50:00,2,Struck Pedestrian,7,Saturday,109,ANY MANOEUVRE INVOLVING PED NOT INCLUDED IN DCAs 100-108.,1,236764,1,0,1,0,1,2,2,1,Cross intersection,2,40,Arterial Other
T20120003928,2012-02-18,14:25:00,1,Collision with vehicle,7,Saturday,133,LANE SIDE SWIPE (VEHICLES IN PARALLEL LANES),1,249825,2,0,0,1,1,2,1,5,Not at intersection,3,80,Arterial Other
T20120003889,2012-02-18,05:15:00,1,Collision with vehicle,7,Saturday,160,VEHICLE COLLIDES WITH VEHICLE PARKED ON LEFT OF ROAD,3,249819,3,0,0,1,1,2,1,5,Not at intersection,3,60,Local Road
T20120003919,2012-02-18,10:15:00,1,Collision with vehicle,7,Saturday,113,RIGHT NEAR (INTERSECTIONS ONLY),1,49497,2,0,0,1,1,2,1,1,Cross intersection,3,80,Arterial Other