ACCIDENT_NO,ACCIDENT_DATE,ACCIDENT_TIME,ACCIDENT_TYPE,ACCIDENT_TYPE_DESC,DAY_OF_WEEK,DAY_WEEK_DESC,DCA_CODE,DCA_DESC,LIGHT_CONDITION,NODE_ID,NO_OF_VEHICLES,NO_PERSONS_KILLED,NO_PERSONS_INJ_2,NO_PERSONS_INJ_3,NO_PERSONS_NOT_INJ,NO_PERSONS,POLICE_ATTEND,ROAD_GEOMETRY,ROAD_GEOMETRY_DESC,SEVERITY,SPEED_ZONE,RMA
T20120003920,2012-02-18,11:45:00,2,Struck Pedestrian,7,Saturday,102,FAR SIDE. PED HIT BY VEHICLE FROM THE LEFT,1,249823,1,0,0,2,1,3,1,5,Not at intersection,3,60,Arterial Other
T20120003981,2012-02-19,06:30:00,1,Collision with vehicle,1,Sunday,119,OTHER ADJACENT (INTERSECTIONS ONLY),2,57599,2,0,1,0,1,2,1,2,T intersection,2,60,Arterial Other
T20120003972,2012-02-19,01:17:00,2,Struck Pedestrian,1,Sunday,101,PED EMERGES FROM IN FRONT OF PARKED OR STATIONARY VEHICLE,3,249692,1,0,1,0,5,6,1,5,Not at intersection,2,50,Local Road
T20120004197,2012-02-19,21:50:00,6,Vehicle overturned (no collision),1,Sunday,170,OFF CARRIAGEWAY TO LEFT,5,249781,1,0,0,2,1,3,1,5,Not at intersection,3,100,Arterial Highway
T20120004199,2012-02-19,13:15:00,8,No collision and no object struck,1,Sunday,184,OUT OF CONTROL ON CARRIAGEWAY (ON BEND),1,249785,1,0,0,1,0,1,2,5,Not at intersection,3,60,Local Road
T20120004289,2012-02-19,13:30:00,4,Collision with a fixed object,1,Sunday,171,LEFT OFF CARRIAGEWAY INTO OBJECT/PARKED VEHICLE,1,250604,1,0,0,1,0,1,2,2,T intersection,3,100,Local Road
T20120020510,2012-02-19,00:10:00,1,Collision with vehicle,1,Sunday,130,REAR END(VEHICLES IN SAME LANE),3,42558,2,0,0,2,1,3,2,2,T intersection,3,60,Arterial Highway
T20120005919,2012-02-19,01:55:00,6,Vehicle overturned (no collision),1,Sunday,172,OFF CARRIAGEWAY TO RIGHT,5,250468,1,0,1,0,0,1,1,5,Not at intersection,2,100,Arterial Other
T20120004045,2012-02-19,22:55:00,4,Collision with a fixed object,1,Sunday,171,LEFT OFF CARRIAGEWAY INTO OBJECT/PARKED VEHICLE,3,249706,1,0,2,0,0,2,1,2,T intersection,2,50,Local Road
T20120004983,2012-02-19,01:00:00,2,Struck Pedestrian,1,Sunday,109,ANY MANOEUVRE INVOLVING PED NOT INCLUDED IN DCAs 100-108.,5,250139,1,0,0,1,1,2,1,5,Not at intersection,3,60,Local Road
T20120004047,2012-02-19,02:35:00,8,No collision and no object struck,1,Sunday,174,OUT OF CONTROL ON CARRIAGEWAY (ON STRAIGHT),3,1013,1,0,0,1,0,1,1,1,Cross intersection,3,100,Arterial Highway
T20120004050,2012-02-19,23:54:00,2,Struck Pedestrian,1,Sunday,109,ANY MANOEUVRE INVOLVING PED NOT INCLUDED IN DCAs 100-108.,3,250847,1,0,0,1,2,3,1,2,T intersection,3,50,Local Road
T20120004083,2012-02-19,18:30:00,1,Collision with vehicle,1,Sunday,113,RIGHT NEAR (INTERSECTIONS ONLY),1,250798,2,0,0,1,1,2,2,2,T intersection,3,999,Local Road
T20120004349,2012-02-19,14:00:00,8,No collision and no object struck,1,Sunday,184,OUT OF CONTROL ON CARRIAGEWAY (ON BEND),1,249944,1,0,0,1,0,1,2,5,Not at intersection,3,999,
T20120004089,2012-02-19,02:40:00,4,Collision with a fixed object,1,Sunday,183,OFF LEFT BEND INTO OBJECT/PARKED VEHICLE,5,250564,1,0,3,1,0,4,1,5,Not at intersection,2,100,Local Road
T20120004104,2012-02-19,17:45:00,6,Vehicle overturned (no collision),1,Sunday,170,OFF CARRIAGEWAY TO LEFT,1,249717,1,0,0,1,0,1,1,5,Not at intersection,3,100,
T20120008358,2012-02-19,14:35:00,1,Collision with vehicle,1,Sunday,131,LEFT REAR,1,65298,2,0,0,1,1,2,2,2,T intersection,3,80,Arterial Other
T20120004039,2012-02-19,19:25:00,1,Collision with vehicle,1,Sunday,120,HEAD ON (NOT OVERTAKING),1,249703,2,0,1,1,0,2,1,5,Not at intersection,2,60,Arterial Other
T20120004033,2012-02-19,19:15:00,1,Collision with vehicle,1,Sunday,132,RIGHT REAR.,1,249702,3,0,0,1,4,5,1,5,Not at intersection,3,70,Arterial Other
T20120004028,2012-02-19,13:33:00,4,Collision with a fixed object,1,Sunday,173,RIGHT OFF CARRIAGEWAY INTO OBJECT/PARKED VEHICLE,1,248706,1,1,0,0,0,1,1,5,Not at intersection,1,100,Local Road
T20120004025,2012-02-19,03:50:00,1,Collision with vehicle,1,Sunday,121,RIGHT THROUGH,3,35496,2,0,0,2,1,3,1,2,T intersection,3,60,Arterial Other
T20120004015,2012-02-19,15:30:00,6,Vehicle overturned (no collision),0,Sunday,172,OFF CARRIAGEWAY TO RIGHT,1,277358,1,0,0,1,0,1,1,5,Not at intersection,3,80,Freeway
T20120004014,2012-02-19,10:00:00,4,Collision with a fixed object,1,Sunday,171,LEFT OFF CARRIAGEWAY INTO OBJECT/PARKED VEHICLE,1,248701,1,1,0,0,0,1,1,5,Not at intersection,1,100,Arterial Highway
T20120004011,2012-02-19,12:25:00,1,Collision with vehicle,1,Sunday,120,HEAD ON (NOT OVERTAKING),1,253293,2,0,2,0,3,5,1,5,Not at intersection,2,100,Local Road
T20120004005,2012-02-19,12:52:00,1,Collision with vehicle,1,Sunday,130,REAR END(VEHICLES IN SAME LANE),1,246980,2,0,0,1,1,2,2,1,Cross intersection,3,50,Local Road
T20120004001,2012-02-19,12:45:00,2,Struck Pedestrian,1,Sunday,109,ANY MANOEUVRE INVOLVING PED NOT INCLUDED IN DCAs 100-108.,1,52919,1,0,0,1,2,3,1,1,Cross intersection,3,50,Arterial Other
T20120004000,2012-02-19,12:15:00,3,Struck animal,1,Sunday,167,STRUCK ANIMAL,1,249694,1,0,1,0,0,1,1,5,Not at intersection,2,100,Arterial Highway
T20120003999,2012-02-19,13:00:00,1,Collision with vehicle,1,Sunday,120,HEAD ON (NOT OVERTAKING),1,250972,3,0,1,0,2,3,1,5,Not at intersection,2,60,Arterial Other
T20120003997,2012-02-19,10:45:00,1,Collision with vehicle,1,Sunday,110,CROSS TRAFFIC(INTERSECTIONS ONLY),1,36320,2,0,1,0,1,2,1,1,Cross intersection,2,60,Arterial Other
T20120003993,2012-02-19,11:30:00,6,Vehicle overturned (no collision),1,Sunday,184,OUT OF CONTROL ON CARRIAGEWAY (ON BEND),1,250971,1,0,0,1,0,1,1,5,Not at intersection,3,100,Local Road
T20120003992,2012-02-19,09:45:00,1,Collision with vehicle,1,Sunday,171,LEFT OFF CARRIAGEWAY INTO OBJECT/PARKED VEHICLE,1,251873,2,0,1,0,0,1,1,5,Not at intersection,2,50,Local Road
T20120003991,2012-02-19,01:00:00,4,Collision with a fixed object,1,Sunday,183,OFF LEFT BEND INTO OBJECT/PARKED VEHICLE,5,249693,1,0,0,2,0,2,2,5,Not at intersection,3,100,Arterial Other
T20120003989,2012-02-19,09:57:00,1,Collision with vehicle,1,Sunday,133,LANE SIDE SWIPE (VEHICLES IN PARALLEL LANES),1,253491,2,0,0,1,1,2,1,5,Not at intersection,3,60,Arterial Other
T20120003983,2012-02-19,07:27:00,1,Collision with vehicle,1,Sunday,121,RIGHT THROUGH,1,42380,2,0,0,1,1,2,1,1,Cross intersection,3,70,Arterial Other
T20120003982,2012-02-19,08:00:00,1,Collision with vehicle,1,Sunday,116,LEFT NEAR (INTERSECTIONS ONLY),1,29730,2,0,0,1,1,2,2,2,T intersection,3,70,Arterial Highway
T20120004040,2012-02-19,17:15:00,8,No collision and no object struck,1,Sunday,174,OUT OF CONTROL ON CARRIAGEWAY (ON STRAIGHT),1,249704,1,0,0,1,0,1,1,5,Not at intersection,3,80,Arterial Other
T20120004041,2012-02-19,21:45:00,1,Collision with vehicle,1,Sunday,121,RIGHT THROUGH,3,35500,2,0,1,0,2,3,1,1,Cross intersection,2,40,Arterial Highway
T20120004042,2012-02-19,22:46:00,1,Collision with vehicle,1,Sunday,160,VEHICLE COLLIDES WITH VEHICLE PARKED ON LEFT OF ROAD,3,73022,2,0,1,0,0,1,1,2,T intersection,2,50,Arterial Other
T20120004135,2012-02-20,20:30:00,1,Collision with vehicle,2,Monday,110,CROSS TRAFFIC(INTERSECTIONS ONLY),3,899,2,0,1,1,1,3,1,1,Cross intersection,2,80,Arterial Highway
T20120004063,2012-02-20,07:35:00,1,Collision with vehicle,2,Monday,113,RIGHT NEAR (INTERSECTIONS ONLY),1,249711,2,0,0,1,1,2,1,2,T intersection,3,50,Local Road
T20120004072,2012-02-20,09:30:00,1,Collision with vehicle,2,Monday,135,LANE CHANGE LEFT (NOT OVERTAKING),1,249712,2,0,0,1,1,2,1,5,Not at intersection,3,80,Freeway
T20120004081,2012-02-20,12:50:00,8,No collision and no object struck,2,Monday,174,OUT OF CONTROL ON CARRIAGEWAY (ON STRAIGHT),1,66687,1,0,0,1,0,1,1,4,Multiple intersection,3,60,Arterial Other
T20120004108,2012-02-20,15:19:00,1,Collision with vehicle,2,Monday,130,REAR END(VEHICLES IN SAME LANE),1,44249,4,0,0,1,3,4,1,2,T intersection,3,40,Arterial Other
T20120004127,2012-02-20,17:10:00,1,Collision with vehicle,2,Monday,130,REAR END(VEHICLES IN SAME LANE),1,249849,2,0,0,1,1,2,1,5,Not at intersection,3,70,Arterial Other
T20120004139,2012-02-20,16:15:00,2,Struck Pedestrian,2,Monday,105,PED WALKING AGAINST TRAFFIC.,1,248726,1,1,0,1,0,2,1,5,Not at intersection,1,100,Arterial Other
T20120004093,2012-02-20,14:00:00,1,Collision with vehicle,2,Monday,133,LANE SIDE SWIPE (VEHICLES IN PARALLEL LANES),1,251055,2,0,2,2,1,5,1,5,Not at intersection,2,110,Freeway
T20120004134,2012-02-20,17:45:00,6,Vehicle overturned (no collision),2,Monday,172,OFF CARRIAGEWAY TO RIGHT,1,249763,1,0,1,0,0,1,1,5,Not at intersection,2,100,Local Road
T20120004950,2012-02-20,12:58:00,1,Collision with vehicle,2,Monday,130,REAR END(VEHICLES IN SAME LANE),1,48129,2,0,0,1,1,2,2,2,T intersection,3,60,Local Road
T20120004095,2012-02-20,07:40:00,1,Collision with vehicle,2,Monday,132,RIGHT REAR.,1,40965,3,0,0,1,2,3,1,2,T intersection,3,70,Arterial Other
T20120004147,2012-02-20,07:45:00,8,No collision and no object struck,2,Monday,174,OUT OF CONTROL ON CARRIAGEWAY (ON STRAIGHT),1,253609,2,0,0,1,1,2,2,5,Not at intersection,3,70,Arterial Other
T20120015560,2012-02-20,08:30:00,1,Collision with vehicle,2,Monday,130,REAR END(VEHICLES IN SAME LANE),1,38803,4,0,0,1,3,4,2,1,Cross intersection,3,60,Arterial Highway
T20120004086,2012-02-20,13:20:00,1,Collision with vehicle,2,Monday,132,RIGHT REAR.,1,354441,2,0,1,0,2,3,1,2,T intersection,2,70,Arterial Other
T20120004131,2012-02-20,16:25:00,1,Collision with vehicle,2,Monday,140,U TURN,1,235988,2,0,0,1,1,2,1,2,T intersection,3,60,Arterial Other
T20120004534,2012-02-20,08:05:00,1,Collision with vehicle,2,Monday,121,RIGHT THROUGH,1,45633,2,0,0,1,1,2,2,2,T intersection,3,40,Arterial Other
T20120004057,2012-02-20,07:25:00,1,Collision with vehicle,2,Monday,111,RIGHT FAR (INTERSECTIONS ONLY),2,58096,2,0,0,1,1,2,2,1,Cross intersection,3,50,Arterial Highway
T20120004060,2012-02-20,08:34:00,1,Collision with vehicle,2,Monday,113,RIGHT NEAR (INTERSECTIONS ONLY),1,249710,2,0,0,1,3,4,1,2,T intersection,3,50,Local Road
T20120004141,2012-02-20,16:50:00,1,Collision with vehicle,2,Monday,132,RIGHT REAR.,1,45334,2,0,0,1,1,2,1,2,T intersection,3,50,Local Road
T20120004473,2012-02-20,06:45:00,8,No collision and no object struck,2,Monday,174,OUT OF CONTROL ON CARRIAGEWAY (ON STRAIGHT),1,42823,1,0,0,1,0,1,2,2,T intersection,3,50,Arterial Highway
T20120005670,2012-02-20,17:00:00,8,No collision and no object struck,2,Monday,174,OUT OF CONTROL ON CARRIAGEWAY (ON STRAIGHT),1,250308,1,0,1,0,0,1,2,2,T intersection,2,50,Local Road
T20120004388,2012-02-20,21:00:00,7,Fall from or in moving vehicle,1,Monday,190,FELL IN/FROM VEHICLE,2,277359,1,0,0,2,0,2,2,5,Not at intersection,3,60,Arterial Other
T20120004112,2012-02-20,17:30:00,1,Collision with vehicle,2,Monday,132,RIGHT REAR.,1,43367,2,0,0,1,1,2,2,1,Cross intersection,3,60,Arterial Highway
T20120004113,2012-02-20,14:00:00,1,Collision with vehicle,2,Monday,120,HEAD ON (NOT OVERTAKING),1,238908,2,0,2,0,0,2,1,2,T intersection,2,70,Local Road
T20120004107,2012-02-20,16:53:00,1,Collision with vehicle,2,Monday,113,RIGHT NEAR (INTERSECTIONS ONLY),1,41164,2,0,0,1,2,3,1,2,T intersection,3,40,Arterial Other
T20120004178,2012-02-20,15:00:00,1,Collision with vehicle,2,Monday,121,RIGHT THROUGH,1,52029,2,0,1,1,1,3,1,1,Cross intersection,2,100,Arterial Highway
T20120004400,2012-02-20,17:30:00,1,Collision with vehicle,2,Monday,130,REAR END(VEHICLES IN SAME LANE),1,252097,2,0,0,1,1,2,9,5,Not at intersection,3,100,Freeway
T20120004119,2012-02-20,16:55:00,1,Collision with vehicle,2,Monday,116,LEFT NEAR (INTERSECTIONS ONLY),1,45456,2,0,0,1,3,4,1,1,Cross intersection,3,50,Local Road
T20120004126,2012-02-20,16:30:00,1,Collision with vehicle,2,Monday,130,REAR END(VEHICLES IN SAME LANE),1,48547,3,0,0,2,1,3,1,2,T intersection,3,60,Arterial Other
T20120007009,2012-02-20,15:20:00,7,Fall from or in moving vehicle,2,Monday,174,OUT OF CONTROL ON CARRIAGEWAY (ON STRAIGHT),1,61593,1,0,0,1,0,1,1,2,T intersection,3,50,Local Road
T20120004153,2012-02-20,20:10:00,4,Collision with a fixed object,2,Monday,173,RIGHT OFF CARRIAGEWAY INTO OBJECT/PARKED VEHICLE,3,249765,1,0,0,1,0,1,1,2,T intersection,3,50,Local Road
T20120004235,2012-02-21,06:20:00,1,Collision with vehicle,3,Tuesday,121,RIGHT THROUGH,3,43266,2,0,1,0,1,2,1,1,Cross intersection,2,80,Arterial Other
T20120004226,2012-02-21,17:02:00,1,Collision with vehicle,3,Tuesday,130,REAR END(VEHICLES IN SAME LANE),1,249799,4,0,0,6,3,9,1,5,Not at intersection,3,100,Freeway
T20120004900,2012-02-21,07:30:00,1,Collision with vehicle,3,Tuesday,153,CUTTING IN (OVERTAKING),1,250057,2,0,0,1,1,2,2,5,Not at intersection,3,60,Local Road
T20120004168,2012-02-21,11:15:00,1,Collision with vehicle,3,Tuesday,169,OTHER ON PATH,1,249767,2,0,1,0,0,1,1,5,Not at intersection,2,50,Local Road
T20120004255,2012-02-21,17:53:00,1,Collision with vehicle,3,Tuesday,130,REAR END(VEHICLES IN SAME LANE),1,36028,2,0,0,1,1,2,2,1,Cross intersection,3,40,Local Road
T20120004707,2012-02-21,19:00:00,1,Collision with vehicle,3,Tuesday,130,REAR END(VEHICLES IN SAME LANE),2,158,2,0,1,0,1,2,2,2,T intersection,2,50,Local Road
T20120011277,2012-02-21,08:30:00,1,Collision with vehicle,3,Tuesday,140,U TURN,1,57434,3,0,0,1,2,3,1,2,T intersection,3,60,Arterial Other
T20120004340,2012-02-21,15:00:00,6,Vehicle overturned (no collision),3,Tuesday,170,OFF CARRIAGEWAY TO LEFT,1,249941,1,0,0,1,0,1,1,5,Not at intersection,3,100,Arterial Other
T20120004407,2012-02-21,08:34:00,4,Collision with a fixed object,3,Tuesday,171,LEFT OFF CARRIAGEWAY INTO OBJECT/PARKED VEHICLE,1,249960,1,0,1,0,0,1,1,5,Not at intersection,2,100,
T20120004472,2012-02-21,15:15:00,1,Collision with vehicle,3,Tuesday,131,LEFT REAR,1,44760,2,0,0,2,1,3,2,2,T intersection,3,60,Arterial Other
T20120004225,2012-02-21,16:50:00,4,Collision with a fixed object,3,Tuesday,173,RIGHT OFF CARRIAGEWAY INTO OBJECT/PARKED VEHICLE,1,39053,1,0,0,1,0,1,1,2,T intersection,3,50,Local Road
T20120004200,2012-02-21,14:40:00,4,Collision with a fixed object,3,Tuesday,173,RIGHT OFF CARRIAGEWAY INTO OBJECT/PARKED VEHICLE,1,250975,1,0,1,0,0,1,1,5,Not at intersection,2,80,Local Road
T20120004224,2012-02-21,17:55:00,1,Collision with vehicle,3,Tuesday,130,REAR END(VEHICLES IN SAME LANE),1,249796,4,0,1,0,3,4,2,5,Not at intersection,2,80,Arterial Other
T20120004198,2012-02-21,15:30:00,1,Collision with vehicle,3,Tuesday,130,REAR END(VEHICLES IN SAME LANE),1,222004,2,0,0,1,1,2,2,4,Multiple intersection,3,60,Local Road
T20120004217,2012-02-21,18:02:00,1,Collision with vehicle,3,Tuesday,130,REAR END(VEHICLES IN SAME LANE),1,249794,2,0,0,1,1,2,1,5,Not at intersection,3,100,Freeway
T20120004213,2012-02-21,18:35:00,1,Collision with vehicle,3,Tuesday,110,CROSS TRAFFIC(INTERSECTIONS ONLY),1,41157,3,0,0,1,1,2,1,1,Cross intersection,3,60,Local Road
T20120004190,2012-02-21,14:20:00,1,Collision with vehicle,3,Tuesday,113,RIGHT NEAR (INTERSECTIONS ONLY),1,252879,2,0,0,1,1,2,1,4,Multiple intersection,3,60,Arterial Other
T20120004209,2012-02-21,15:30:00,1,Collision with vehicle,3,Tuesday,130,REAR END(VEHICLES IN SAME LANE),1,46239,3,0,0,1,2,3,1,2,T intersection,3,70,Arterial Highway
T20120004208,2012-02-21,17:00:00,1,Collision with vehicle,3,Tuesday,140,U TURN,1,50174,2,0,0,1,1,2,1,2,T intersection,3,60,Local Road
T20120004206,2012-02-21,15:45:00,1,Collision with vehicle,3,Tuesday,110,CROSS TRAFFIC(INTERSECTIONS ONLY),1,24304,3,0,1,0,2,3,1,1,Cross intersection,2,110,Freeway
T20120005463,2012-02-21,17:00:00,1,Collision with vehicle,3,Tuesday,130,REAR END(VEHICLES IN SAME LANE),1,253669,2,0,0,1,2,3,2,5,Not at intersection,3,999,Local Road
T20120004204,2012-02-21,08:10:00,1,Collision with vehicle,3,Tuesday,113,RIGHT NEAR (INTERSECTIONS ONLY),1,41292,2,0,0,1,1,2,2,2,T intersection,3,60,Local Road
T20120004203,2012-02-21,14:15:00,1,Collision with vehicle,3,Tuesday,121,RIGHT THROUGH,1,44606,2,0,1,0,1,2,1,1,Cross intersection,2,60,Arterial Other
T20120004187,2012-02-21,07:30:00,1,Collision with vehicle,3,Tuesday,111,RIGHT FAR (INTERSECTIONS ONLY),1,249779,4,0,0,1,4,5,1,2,T intersection,3,60,Local Road
T20120004205,2012-02-21,14:30:00,5,collision with some other object,3,Tuesday,171,LEFT OFF CARRIAGEWAY INTO OBJECT/PARKED VEHICLE,1,354446,1,0,1,0,0,1,1,5,Not at intersection,2,100,Arterial Highway
T20120004149,2012-02-21,01:55:00,1,Collision with vehicle,3,Tuesday,160,VEHICLE COLLIDES WITH VEHICLE PARKED ON LEFT OF ROAD,3,355807,2,0,1,0,0,1,1,5,Not at intersection,2,50,Local Road
T20120004992,2012-02-21,17:00:00,1,Collision with vehicle,3,Tuesday,121,RIGHT THROUGH,2,250144,2,0,0,1,1,2,2,5,Not at intersection,3,60,Arterial Other
T20120004164,2012-02-21,10:05:00,1,Collision with vehicle,3,Tuesday,130,REAR END(VEHICLES IN SAME LANE),1,55960,2,0,1,4,0,5,1,1,Cross intersection,2,80,Arterial Highway
T20120004201,2012-02-21,14:40:00,1,Collision with vehicle,3,Tuesday,130,REAR END(VEHICLES IN SAME LANE),1,250034,2,0,0,1,2,3,1,5,Not at intersection,3,60,Arterial Other
T20120007875,2012-02-21,13:00:00,1,Collision with vehicle,3,Tuesday,130,REAR END(VEHICLES IN SAME LANE),1,37538,2,0,0,1,1,2,2,1,Cross intersection,3,60,
T20120004284,2012-02-21,06:30:00,1,Collision with vehicle,3,Tuesday,150,HEAD ON(OVERTAKING),2,249853,2,0,0,1,1,2,2,5,Not at intersection,3,50,Local Road
T20120004874,2012-02-21,19:00:00,8,No collision and no object struck,3,Tuesday,174,OUT OF CONTROL ON CARRIAGEWAY (ON STRAIGHT),1,250085,2,0,0,1,1,2,2,5,Not at intersection,3,60,Local Road
T20120004281,2012-02-21,23:55:00,2,Struck Pedestrian,3,Tuesday,109,ANY MANOEUVRE INVOLVING PED NOT INCLUDED IN DCAs 100-108.,3,253731,1,0,0,1,1,2,2,5,Not at intersection,3,60,Local Road
T20120004179,2012-02-21,11:25:00,1,Collision with vehicle,3,Tuesday,111,RIGHT FAR (INTERSECTIONS ONLY),1,43895,2,0,0,2,1,3,1,1,Cross intersection,3,60,Arterial Highway
T20120004265,2012-02-21,12:30:00,1,Collision with vehicle,3,Tuesday,111,RIGHT FAR (INTERSECTIONS ONLY),1,36895,2,0,0,1,1,2,2,2,T intersection,3,80,Arterial Other
T20120016554,2012-02-21,17:00:00,1,Collision with vehicle,3,Tuesday,130,REAR END(VEHICLES IN SAME LANE),1,253210,2,0,0,1,1,2,2,5,Not at intersection,3,999,Arterial Other
T20120004244,2012-02-21,19:37:00,4,Collision with a fixed object,3,Tuesday,183,OFF LEFT BEND INTO OBJECT/PARKED VEHICLE,1,327844,1,0,1,0,0,1,1,5,Not at intersection,2,90,Arterial Other
T20120010401,2012-02-21,17:00:00,1,Collision with vehicle,3,Tuesday,131,LEFT REAR,1,53382,2,0,0,1,1,2,2,1,Cross intersection,3,999,Arterial Other
T20120004240,2012-02-21,13:05:00,4,Collision with a fixed object,3,Tuesday,171,LEFT OFF CARRIAGEWAY INTO OBJECT/PARKED VEHICLE,1,249800,1,0,0,1,0,1,1,5,Not at intersection,3,100,Arterial Other
T20120004318,2012-02-22,16:05:00,4,Collision with a fixed object,4,Wednesday,173,RIGHT OFF CARRIAGEWAY INTO OBJECT/PARKED VEHICLE,1,249934,1,0,1,0,0,1,1,5,Not at intersection,2,50,Local Road
T20120004320,2012-02-22,20:40:00,1,Collision with vehicle,4,Wednesday,113,RIGHT NEAR (INTERSECTIONS ONLY),3,29568,2,0,1,0,1,2,1,2,T intersection,2,60,Arterial Other
T20120004256,2012-02-22,10:50:00,1,Collision with vehicle,4,Wednesday,135,LANE CHANGE LEFT (NOT OVERTAKING),1,249804,2,0,1,0,2,3,1,5,Not at intersection,2,80,Freeway
T20120004326,2012-02-22,23:07:00,1,Collision with vehicle,4,Wednesday,121,RIGHT THROUGH,3,695,2,0,1,3,0,4,1,1,Cross intersection,2,60,Arterial Highway
T20120004252,2012-02-22,07:53:00,1,Collision with vehicle,4,Wednesday,130,REAR END(VEHICLES IN SAME LANE),1,249803,4,0,0,3,1,4,1,5,Not at intersection,3,60,Local Road
T20120010701,2012-02-22,18:15:00,4,Collision with a fixed object,4,Wednesday,179,OTHER ACCIDENTS-OFF STRAIGHT NOT INCLUDED IN DCAs 170-175,1,251750,2,0,0,1,1,2,2,5,Not at intersection,3,60,Local Road
T20120004441,2012-02-22,15:05:00,1,Collision with vehicle,4,Wednesday,114,TWO RIGHT TURNING (INTERSECTIONS ONLY),1,40354,2,0,0,1,1,2,2,2,T intersection,3,40,Arterial Other
T20120004399,2012-02-22,17:50:00,1,Collision with vehicle,4,Wednesday,130,REAR END(VEHICLES IN SAME LANE),1,249958,2,0,0,1,1,2,1,5,Not at intersection,3,60,Freeway
T20120004283,2012-02-22,16:05:00,2,Struck Pedestrian,4,Wednesday,102,FAR SIDE. PED HIT BY VEHICLE FROM THE LEFT,1,249852,1,0,0,1,1,2,1,5,Not at intersection,3,50,Local Road
T20120004282,2012-02-22,09:45:00,1,Collision with vehicle,4,Wednesday,130,REAR END(VEHICLES IN SAME LANE),1,253462,3,0,0,3,1,4,1,5,Not at intersection,3,80,Arterial Other
T20120004316,2012-02-22,11:25:00,1,Collision with vehicle,4,Wednesday,130,REAR END(VEHICLES IN SAME LANE),1,249931,2,0,0,1,1,2,2,5,Not at intersection,3,70,Arterial Other
T20120004280,2012-02-22,15:35:00,1,Collision with vehicle,4,Wednesday,147,VEHICLE STRIKES ANOTHER VEH WHILE EMERGING FROM DRIVEWAY,1,249851,2,0,0,1,2,3,1,5,Not at intersection,3,50,Local Road
T20120004314,2012-02-22,20:53:00,1,Collision with vehicle,4,Wednesday,119,OTHER ADJACENT (INTERSECTIONS ONLY),3,36520,2,0,0,4,0,4,1,2,T intersection,3,60,Local Road
T20120004267,2012-02-22,13:25:00,8,No collision and no object struck,4,Wednesday,199,UNKNOWN-NO DETAILS ON MANOEUVRES OF ROAD-USERS IN ACCIDENT,1,249805,1,0,1,0,1,2,2,5,Not at intersection,2,999,Local Road
T20120004311,2012-02-22,19:25:00,1,Collision with vehicle,4,Wednesday,113,RIGHT NEAR (INTERSECTIONS ONLY),2,249927,2,0,0,1,2,3,1,2,T intersection,3,60,Local Road
T20120004263,2012-02-22,08:00:00,4,Collision with a fixed object,4,Wednesday,171,LEFT OFF CARRIAGEWAY INTO OBJECT/PARKED VEHICLE,1,250506,1,1,0,0,0,1,1,5,Not at intersection,1,110,Freeway
T20120004260,2012-02-22,08:30:00,1,Collision with vehicle,4,Wednesday,113,RIGHT NEAR (INTERSECTIONS ONLY),1,57764,2,0,4,1,1,6,1,2,T intersection,2,70,Local Road
T20120004373,2012-02-22,21:05:00,1,Collision with vehicle,4,Wednesday,121,RIGHT THROUGH,3,249954,2,0,0,4,0,4,1,5,Not at intersection,3,60,Arterial Other
T20120004620,2012-02-22,11:00:00,8,No collision and no object struck,4,Wednesday,182,OFF CARRIAGEWAY ON LEFT BEND,1,17588,1,0,1,0,0,1,1,2,T intersection,2,100,Arterial Highway
T20120009830,2012-02-22,18:50:00,8,No collision and no object struck,4,Wednesday,174,OUT OF CONTROL ON CARRIAGEWAY (ON STRAIGHT),2,251395,1,0,0,1,0,1,2,5,Not at intersection,3,50,Local Road
T20120004273,2012-02-22,12:20:00,1,Collision with vehicle,3,Wednesday,133,LANE SIDE SWIPE (VEHICLES IN PARALLEL LANES),1,249807,4,0,2,0,2,4,1,5,Not at intersection,2,60,Local Road
T20120004363,2012-02-22,21:10:00,1,Collision with vehicle,4,Wednesday,140,U TURN,3,35568,2,0,1,0,1,2,1,1,Cross intersection,2,80,Arterial Other
T20120004859,2012-02-22,17:00:00,4,Collision with a fixed object,4,Wednesday,171,LEFT OFF CARRIAGEWAY INTO OBJECT/PARKED VEHICLE,1,250082,1,0,0,1,0,1,2,2,T intersection,3,60,Local Road
T20120018703,2012-02-22,10:05:00,2,Struck Pedestrian,4,Wednesday,100,PED NEAR SIDE. PED HIT BY VEHICLE FROM THE RIGHT.,1,29785,1,0,0,1,1,2,2,1,Cross intersection,3,999,Arterial Other
T20120004250,2012-02-22,07:59:00,1,Collision with vehicle,4,Wednesday,130,REAR END(VEHICLES IN SAME LANE),1,249802,2,0,1,0,2,3,1,5,Not at intersection,2,100,Freeway
T20120004249,2012-02-22,07:00:00,1,Collision with vehicle,4,Wednesday,130,REAR END(VEHICLES IN SAME LANE),1,250747,2,0,0,2,0,2,2,5,Not at intersection,3,50,