ACCIDENT_NO,ACCIDENT_DATE,ACCIDENT_TIME,ACCIDENT_TYPE,ACCIDENT_TYPE_DESC,DAY_OF_WEEK,DAY_WEEK_DESC,DCA_CODE,DCA_DESC,LIGHT_CONDITION,NODE_ID,NO_OF_VEHICLES,NO_PERSONS_KILLED,NO_PERSONS_INJ_2,NO_PERSONS_INJ_3,NO_PERSONS_NOT_INJ,NO_PERSONS,POLICE_ATTEND,ROAD_GEOMETRY,ROAD_GEOMETRY_DESC,SEVERITY,SPEED_ZONE,RMA
T20120005678,2012-02-22,19:30:00,8,No collision and no object struck,4,Wednesday,174,OUT OF CONTROL ON CARRIAGEWAY (ON STRAIGHT),2,56086,1,0,0,1,0,1,2,2,T intersection,3,60,Local Road
T20120004248,2012-02-22,07:41:00,1,Collision with vehicle,4,Wednesday,121,RIGHT THROUGH,1,249801,3,0,2,0,3,5,1,5,Not at intersection,2,60,Arterial Other
T20120004247,2012-02-22,03:00:00,4,Collision with a fixed object,4,Wednesday,173,RIGHT OFF CARRIAGEWAY INTO OBJECT/PARKED VEHICLE,5,250035,1,0,2,0,0,2,1,5,Not at intersection,2,100,Arterial Highway
T20120004309,2012-02-22,10:15:00,1,Collision with vehicle,4,Wednesday,147,VEHICLE STRIKES ANOTHER VEH WHILE EMERGING FROM DRIVEWAY,1,45059,2,0,0,2,3,5,1,2,T intersection,3,60,Arterial Other
T20120004243,2012-02-22,08:14:00,1,Collision with vehicle,4,Wednesday,135,LANE CHANGE LEFT (NOT OVERTAKING),1,65465,3,0,0,1,2,3,1,2,T intersection,3,60,Arterial Other
T20120004305,2012-02-22,18:50:00,1,Collision with vehicle,4,Wednesday,110,CROSS TRAFFIC(INTERSECTIONS ONLY),1,60747,2,0,0,2,0,2,1,1,Cross intersection,3,50,Local Road
T20120004303,2012-02-22,17:30:00,2,Struck Pedestrian,4,Wednesday,106,VEH STRIKES PED ON FOOTPATH/MEDIAN/TRAFFIC ISLAND.,1,44327,1,0,1,0,1,2,1,1,Cross intersection,2,70,Local Road
T20120004237,2012-02-22,00:05:00,1,Collision with vehicle,4,Wednesday,121,RIGHT THROUGH,3,37829,2,0,0,2,0,2,1,1,Cross intersection,3,60,Arterial Other
T20120004302,2012-02-22,17:18:00,1,Collision with vehicle,4,Wednesday,130,REAR END(VEHICLES IN SAME LANE),1,250837,2,0,0,2,1,3,1,5,Not at intersection,3,80,Arterial Highway
T20120004301,2012-02-22,18:15:00,1,Collision with vehicle,4,Wednesday,121,RIGHT THROUGH,2,52909,2,0,0,2,1,3,1,1,Cross intersection,3,999,Arterial Highway
T20120004251,2012-02-22,09:45:00,1,Collision with vehicle,4,Wednesday,130,REAR END(VEHICLES IN SAME LANE),1,250566,2,0,0,1,1,2,2,5,Not at intersection,3,60,Arterial Other
T20120004345,2012-02-22,20:19:00,6,Vehicle overturned (no collision),4,Wednesday,180,OFF CARRIAGEWAY ON RIGHT BEND,2,252505,1,0,1,0,0,1,1,5,Not at intersection,2,100,Arterial Other
T20120005017,2012-02-22,07:00:00,1,Collision with vehicle,4,Wednesday,137,LEFT TURN SIDESWIPE,2,35627,2,0,0,1,1,2,2,1,Cross intersection,3,80,Arterial Other
T20120005052,2012-02-22,07:30:00,1,Collision with vehicle,4,Wednesday,130,REAR END(VEHICLES IN SAME LANE),1,250168,3,0,0,1,2,3,2,5,Not at intersection,3,60,Arterial Other
T20120013859,2012-02-22,14:00:00,8,No collision and no object struck,4,Wednesday,180,OFF CARRIAGEWAY ON RIGHT BEND,1,252594,1,0,0,1,0,1,2,5,Not at intersection,3,100,Local Road
T20120004300,2012-02-22,16:40:00,1,Collision with vehicle,4,Wednesday,121,RIGHT THROUGH,1,424,2,0,1,0,1,2,1,1,Cross intersection,2,60,Arterial Highway
T20120004299,2012-02-22,16:05:00,1,Collision with vehicle,4,Wednesday,130,REAR END(VEHICLES IN SAME LANE),1,249925,3,0,0,1,4,5,1,5,Not at intersection,3,100,Freeway
T20120010137,2012-02-22,22:30:00,1,Collision with vehicle,4,Wednesday,121,RIGHT THROUGH,6,29844,2,0,0,1,1,2,2,4,Multiple intersection,3,60,Freeway
T20120004731,2012-02-22,15:05:00,1,Collision with vehicle,4,Wednesday,132,RIGHT REAR.,1,62537,2,0,0,1,3,4,2,2,T intersection,3,60,Local Road
T20120004493,2012-02-22,13:58:00,1,Collision with vehicle,4,Wednesday,137,LEFT TURN SIDESWIPE,1,249982,2,0,1,0,1,2,1,5,Not at intersection,2,100,Local Road
T20120004295,2012-02-22,17:39:00,1,Collision with vehicle,4,Wednesday,121,RIGHT THROUGH,1,47645,2,0,1,0,1,2,1,2,T intersection,2,60,Local Road
T20120004759,2012-02-22,13:00:00,8,No collision and no object struck,4,Wednesday,174,OUT OF CONTROL ON CARRIAGEWAY (ON STRAIGHT),1,250062,1,0,0,1,0,1,2,5,Not at intersection,3,70,Arterial Other
T20120004409,2012-02-23,22:00:00,4,Collision with a fixed object,5,Thursday,171,LEFT OFF CARRIAGEWAY INTO OBJECT/PARKED VEHICLE,3,249965,1,0,2,0,0,2,1,5,Not at intersection,2,50,Local Road
T20120004412,2012-02-23,22:11:00,2,Struck Pedestrian,5,Thursday,102,FAR SIDE. PED HIT BY VEHICLE FROM THE LEFT,3,251063,1,0,0,2,1,3,1,5,Not at intersection,3,40,Local Road
T20120004418,2012-02-23,14:30:00,1,Collision with vehicle,5,Thursday,130,REAR END(VEHICLES IN SAME LANE),1,45051,4,0,0,2,5,7,1,2,T intersection,3,60,Arterial Other
T20120004324,2012-02-23,01:40:00,4,Collision with a fixed object,5,Thursday,171,LEFT OFF CARRIAGEWAY INTO OBJECT/PARKED VEHICLE,5,249935,1,0,0,1,1,2,1,2,T intersection,3,50,Local Road
T20120004327,2012-02-23,06:39:00,1,Collision with vehicle,5,Thursday,130,REAR END(VEHICLES IN SAME LANE),2,249939,3,0,0,2,2,4,1,5,Not at intersection,3,100,Freeway
T20120004330,2012-02-23,07:27:00,1,Collision with vehicle,5,Thursday,110,CROSS TRAFFIC(INTERSECTIONS ONLY),1,49216,2,0,0,1,1,2,1,1,Cross intersection,3,60,Local Road
T20120004332,2012-02-23,08:45:00,1,Collision with vehicle,5,Thursday,137,LEFT TURN SIDESWIPE,1,38974,2,0,0,1,1,2,2,1,Cross intersection,3,60,Arterial Other
T20120004337,2012-02-23,07:51:00,1,Collision with vehicle,5,Thursday,130,REAR END(VEHICLES IN SAME LANE),1,46287,3,0,1,1,1,3,1,4,Multiple intersection,2,70,Freeway
T20120004342,2012-02-23,09:30:00,1,Collision with vehicle,5,Thursday,130,REAR END(VEHICLES IN SAME LANE),1,249942,3,0,1,2,2,5,1,5,Not at intersection,2,70,Arterial Highway
T20120004346,2012-02-23,07:35:00,1,Collision with vehicle,5,Thursday,130,REAR END(VEHICLES IN SAME LANE),1,249943,2,0,0,2,0,2,1,5,Not at intersection,3,100,Arterial Other
T20120013826,2012-02-23,21:30:00,1,Collision with vehicle,5,Thursday,130,REAR END(VEHICLES IN SAME LANE),3,252578,2,0,0,1,1,2,2,5,Not at intersection,3,80,Freeway
T20120005552,2012-02-23,22:10:00,1,Collision with vehicle,5,Thursday,110,CROSS TRAFFIC(INTERSECTIONS ONLY),3,36289,2,0,0,1,2,3,1,1,Cross intersection,3,50,Local Road
T20120004350,2012-02-23,06:52:00,1,Collision with vehicle,5,Thursday,121,RIGHT THROUGH,2,42849,2,0,1,0,1,2,1,2,T intersection,2,80,
T20120004353,2012-02-23,11:05:00,8,No collision and no object struck,5,Thursday,174,OUT OF CONTROL ON CARRIAGEWAY (ON STRAIGHT),1,36481,2,0,0,1,1,2,1,1,Cross intersection,3,60,Arterial Other
T20120004357,2012-02-23,07:50:00,6,Vehicle overturned (no collision),5,Thursday,172,OFF CARRIAGEWAY TO RIGHT,2,249945,1,0,0,1,0,1,2,5,Not at intersection,3,70,Arterial Highway
T20120004358,2012-02-23,10:18:00,1,Collision with vehicle,5,Thursday,137,LEFT TURN SIDESWIPE,1,36603,2,0,0,1,1,2,1,1,Cross intersection,3,40,Local Road
T20120004364,2012-02-23,11:30:00,1,Collision with vehicle,5,Thursday,132,RIGHT REAR.,1,249947,2,0,1,0,1,2,1,5,Not at intersection,2,70,Arterial Other
T20120004365,2012-02-23,11:00:00,1,Collision with vehicle,5,Thursday,134,LANE CHANGE RIGHT (NOT OVERTAKING),1,249948,2,0,0,1,1,2,1,5,Not at intersection,3,100,Arterial Other
T20120004490,2012-02-23,18:50:00,1,Collision with vehicle,5,Thursday,113,RIGHT NEAR (INTERSECTIONS ONLY),2,43876,2,0,0,1,1,2,2,1,Cross intersection,3,80,Arterial Other
T20120004366,2012-02-23,13:30:00,4,Collision with a fixed object,5,Thursday,181,OFF RIGHT BEND INTO OBJECT/PARKED VEHICLE,1,249951,1,0,1,0,0,1,1,5,Not at intersection,2,50,Local Road
T20120004374,2012-02-23,10:10:00,1,Collision with vehicle,5,Thursday,120,HEAD ON (NOT OVERTAKING),1,250036,2,0,0,2,0,2,1,5,Not at intersection,3,50,Local Road
T20120004375,2012-02-23,13:45:00,1,Collision with vehicle,5,Thursday,110,CROSS TRAFFIC(INTERSECTIONS ONLY),1,71534,2,0,0,1,1,2,1,1,Cross intersection,3,50,Local Road
T20120006638,2012-02-23,17:00:00,1,Collision with vehicle,5,Thursday,149,OTHER MANOEUVRING NOT INCLUDED IN DCAs 140-148,2,250687,2,0,0,1,1,2,2,5,Not at intersection,3,50,Arterial Other
T20120004470,2012-02-23,11:47:00,1,Collision with vehicle,5,Thursday,135,LANE CHANGE LEFT (NOT OVERTAKING),1,29862,2,0,0,1,1,2,2,2,T intersection,3,60,Local Road
T20120004464,2012-02-23,17:10:00,1,Collision with vehicle,5,Thursday,148,VEHICLE OFF FOOTPATH STRIKES VEH ON CARRIAGEWAY,1,249845,2,0,0,2,0,2,2,5,Not at intersection,3,40,Local Road
T20120004437,2012-02-23,19:18:00,1,Collision with vehicle,5,Thursday,137,LEFT TURN SIDESWIPE,1,36490,2,0,0,1,1,2,1,1,Cross intersection,3,40,Local Road
T20120004371,2012-02-23,14:50:00,8,No collision and no object struck,5,Thursday,170,OFF CARRIAGEWAY TO LEFT,1,249952,1,0,0,1,0,1,2,4,Multiple intersection,3,100,Arterial Other
T20120005070,2012-02-23,07:40:00,5,collision with some other object,5,Thursday,166,STRUCK OBJECT ON CARRIAGEWAY,1,250175,1,0,0,1,0,1,2,5,Not at intersection,3,60,Local Road
T20120004380,2012-02-23,15:15:00,1,Collision with vehicle,5,Thursday,130,REAR END(VEHICLES IN SAME LANE),1,69389,4,0,2,4,2,8,1,1,Cross intersection,2,80,Arterial Highway
T20120004382,2012-02-23,14:30:00,2,Struck Pedestrian,5,Thursday,107,PED ON FOOTHPATH STRUCK BY VEHENTERING/LEAVING DRIVEWAY.,1,250037,1,0,1,1,0,2,1,5,Not at intersection,2,40,
T20120004393,2012-02-23,15:50:00,4,Collision with a fixed object,5,Thursday,171,LEFT OFF CARRIAGEWAY INTO OBJECT/PARKED VEHICLE,1,68237,1,0,2,0,0,2,1,2,T intersection,2,70,Arterial Other
T20120004395,2012-02-23,17:00:00,1,Collision with vehicle,5,Thursday,130,REAR END(VEHICLES IN SAME LANE),1,249956,5,0,1,0,9,10,1,5,Not at intersection,2,80,Arterial Other
T20120004398,2012-02-23,19:00:00,1,Collision with vehicle,5,Thursday,113,RIGHT NEAR (INTERSECTIONS ONLY),1,63536,2,0,0,1,2,3,2,2,T intersection,3,60,Arterial Other
T20120004510,2012-02-23,15:00:00,7,Fall from or in moving vehicle,5,Thursday,190,FELL IN/FROM VEHICLE,1,52174,1,0,2,0,1,3,1,2,T intersection,2,50,Local Road
T20120004496,2012-02-23,18:45:00,1,Collision with vehicle,5,Thursday,147,VEHICLE STRIKES ANOTHER VEH WHILE EMERGING FROM DRIVEWAY,1,249985,2,0,0,1,1,2,1,2,T intersection,3,50,Arterial Other
T20120004401,2012-02-23,17:55:00,1,Collision with vehicle,5,Thursday,121,RIGHT THROUGH,1,250374,2,0,1,0,1,2,1,1,Cross intersection,2,100,Local Road
T20120004405,2012-02-23,19:11:00,1,Collision with vehicle,5,Thursday,160,VEHICLE COLLIDES WITH VEHICLE PARKED ON LEFT OF ROAD,1,249959,2,0,0,1,1,2,1,2,T intersection,3,60,Local Road
T20120004408,2012-02-23,17:43:00,4,Collision with a fixed object,5,Thursday,181,OFF RIGHT BEND INTO OBJECT/PARKED VEHICLE,1,250038,1,0,0,2,0,2,1,5,Not at intersection,3,80,Arterial Highway
T20120004432,2012-02-24,08:30:00,4,Collision with a fixed object,6,Friday,171,LEFT OFF CARRIAGEWAY INTO OBJECT/PARKED VEHICLE,1,249974,2,0,0,1,1,2,1,5,Not at intersection,3,80,
T20120004740,2012-02-24,04:30:00,4,Collision with a fixed object,6,Friday,173,RIGHT OFF CARRIAGEWAY INTO OBJECT/PARKED VEHICLE,5,248817,1,1,1,0,0,2,1,5,Not at intersection,1,100,Arterial Highway
T20120004445,2012-02-24,11:55:00,1,Collision with vehicle,6,Friday,147,VEHICLE STRIKES ANOTHER VEH WHILE EMERGING FROM DRIVEWAY,1,249833,2,0,0,1,2,3,1,5,Not at intersection,3,60,Local Road
T20120004442,2012-02-24,11:45:00,1,Collision with vehicle,6,Friday,134,LANE CHANGE RIGHT (NOT OVERTAKING),1,249832,4,0,0,2,1,3,1,1,Cross intersection,3,50,Arterial Highway
T20120004459,2012-02-24,08:34:00,1,Collision with vehicle,6,Friday,113,RIGHT NEAR (INTERSECTIONS ONLY),1,42239,2,0,1,1,0,2,1,2,T intersection,2,70,Arterial Other
T20120004614,2012-02-24,21:45:00,1,Collision with vehicle,6,Friday,120,HEAD ON (NOT OVERTAKING),3,249993,2,0,1,1,2,4,1,5,Not at intersection,2,70,Arterial Highway
T20120004431,2012-02-24,07:55:00,1,Collision with vehicle,6,Friday,160,VEHICLE COLLIDES WITH VEHICLE PARKED ON LEFT OF ROAD,1,250376,2,0,1,0,0,1,1,5,Not at intersection,2,50,Local Road
T20120004436,2012-02-24,09:45:00,1,Collision with vehicle,6,Friday,130,REAR END(VEHICLES IN SAME LANE),1,124382,4,0,0,2,3,5,1,5,Not at intersection,3,60,Arterial Other
T20120004458,2012-02-24,09:50:00,1,Collision with vehicle,6,Friday,160,VEHICLE COLLIDES WITH VEHICLE PARKED ON LEFT OF ROAD,1,249841,2,0,1,0,1,2,1,2,T intersection,2,80,Arterial Highway
T20120004427,2012-02-24,08:00:00,3,Struck animal,6,Friday,167,STRUCK ANIMAL,1,249973,1,0,0,1,0,1,1,5,Not at intersection,3,100,Local Road
T20120004460,2012-02-24,11:00:00,1,Collision with vehicle,6,Friday,140,U TURN,1,65917,2,0,0,1,1,2,1,2,T intersection,3,60,Local Road
T20120004434,2012-02-24,09:30:00,1,Collision with vehicle,6,Friday,130,REAR END(VEHICLES IN SAME LANE),1,46897,3,0,0,2,2,4,2,2,T intersection,3,80,Arterial Other
T20120004605,2012-02-24,21:30:00,8,No collision and no object struck,6,Friday,109,ANY MANOEUVRE INVOLVING PED NOT INCLUDED IN DCAs 100-108.,6,249984,1,0,0,1,1,2,2,5,Not at intersection,3,60,Local Road
T20120004462,2012-02-24,09:40:00,1,Collision with vehicle,6,Friday,130,REAR END(VEHICLES IN SAME LANE),1,249844,3,0,0,1,3,4,1,5,Not at intersection,3,70,Local Road
T20120004456,2012-02-24,11:39:00,1,Collision with vehicle,6,Friday,130,REAR END(VEHICLES IN SAME LANE),1,249839,2,0,1,0,1,2,1,5,Not at intersection,2,80,Freeway
T20120004450,2012-02-24,11:05:00,1,Collision with vehicle,6,Friday,137,LEFT TURN SIDESWIPE,1,249977,2,0,1,0,2,3,1,2,T intersection,2,40,Local Road
T20120004467,2012-02-24,12:10:00,1,Collision with vehicle,6,Friday,149,OTHER MANOEUVRING NOT INCLUDED IN DCAs 140-148,1,530,2,0,0,1,1,2,1,1,Cross intersection,3,777,Arterial Other
T20120004475,2012-02-24,10:40:00,2,Struck Pedestrian,6,Friday,100,PED NEAR SIDE. PED HIT BY VEHICLE FROM THE RIGHT.,1,249846,1,0,0,1,1,2,2,5,Not at intersection,3,50,Local Road
T20120004476,2012-02-24,15:15:00,1,Collision with vehicle,6,Friday,113,RIGHT NEAR (INTERSECTIONS ONLY),1,12521,2,0,0,2,0,2,1,4,Multiple intersection,3,60,Freeway
T20120004870,2012-02-24,22:15:00,1,Collision with vehicle,6,Friday,121,RIGHT THROUGH,6,42396,2,0,0,1,1,2,2,1,Cross intersection,3,999,Arterial Other
T20120004449,2012-02-24,08:20:00,2,Struck Pedestrian,6,Friday,109,ANY MANOEUVRE INVOLVING PED NOT INCLUDED IN DCAs 100-108.,1,38189,1,0,2,0,0,2,1,2,T intersection,2,60,Arterial Other
T20120004448,2012-02-24,08:35:00,2,Struck Pedestrian,6,Friday,100,PED NEAR SIDE. PED HIT BY VEHICLE FROM THE RIGHT.,1,43238,1,0,0,1,1,2,1,2,T intersection,3,50,Arterial Highway
T20120004447,2012-02-24,09:35:00,1,Collision with vehicle,6,Friday,119,OTHER ADJACENT (INTERSECTIONS ONLY),1,72726,2,0,0,1,3,4,1,2,T intersection,3,60,Local Road
T20120005106,2012-02-24,08:30:00,1,Collision with vehicle,6,Friday,130,REAR END(VEHICLES IN SAME LANE),1,223231,2,0,0,2,1,3,2,1,Cross intersection,3,50,Local Road
T20120004416,2012-02-24,03:00:00,1,Collision with vehicle,6,Friday,160,VEHICLE COLLIDES WITH VEHICLE PARKED ON LEFT OF ROAD,5,250375,2,0,1,0,0,1,1,5,Not at intersection,2,999,Arterial Other
T20120010803,2012-02-24,13:15:00,1,Collision with vehicle,6,Friday,130,REAR END(VEHICLES IN SAME LANE),1,235160,3,0,0,1,2,3,1,1,Cross intersection,3,80,Arterial Highway
T20120004417,2012-02-24,03:00:00,4,Collision with a fixed object,6,Friday,171,LEFT OFF CARRIAGEWAY INTO OBJECT/PARKED VEHICLE,3,43874,1,0,1,0,0,1,1,1,Cross intersection,2,80,Arterial Highway
T20120004446,2012-02-24,08:05:00,1,Collision with vehicle,6,Friday,111,RIGHT FAR (INTERSECTIONS ONLY),1,55092,2,0,1,0,2,3,1,1,Cross intersection,2,50,Local Road
T20120004428,2012-02-24,08:45:00,1,Collision with vehicle,6,Friday,121,RIGHT THROUGH,1,36215,2,0,0,1,1,2,1,2,T intersection,3,60,Arterial Other
T20120004461,2012-02-24,11:44:00,1,Collision with vehicle,6,Friday,120,HEAD ON (NOT OVERTAKING),1,42394,3,0,0,2,2,4,1,1,Cross intersection,3,60,Arterial Other
T20120004595,2012-02-24,19:10:00,1,Collision with vehicle,6,Friday,110,CROSS TRAFFIC(INTERSECTIONS ONLY),1,64139,2,0,0,1,2,3,1,1,Cross intersection,3,60,Local Road
T20120004795,2012-02-24,07:45:00,1,Collision with vehicle,6,Friday,113,RIGHT NEAR (INTERSECTIONS ONLY),1,250076,2,0,0,1,1,2,2,2,T intersection,3,999,Arterial Other
T20120004420,2012-02-24,06:30:00,1,Collision with vehicle,6,Friday,130,REAR END(VEHICLES IN SAME LANE),3,504,2,0,0,1,1,2,1,1,Cross intersection,3,70,Arterial Highway
T20120004487,2012-02-24,07:20:00,1,Collision with vehicle,6,Friday,121,RIGHT THROUGH,1,31040,2,0,0,1,1,2,2,2,T intersection,3,60,Arterial Other
T20120004486,2012-02-24,16:20:00,1,Collision with vehicle,6,Friday,121,RIGHT THROUGH,1,38880,2,0,0,1,1,2,1,2,T intersection,3,60,Arterial Other
T20120014611,2012-02-24,15:08:00,1,Collision with vehicle,6,Friday,110,CROSS TRAFFIC(INTERSECTIONS ONLY),1,26,2,0,1,0,2,3,1,1,Cross intersection,2,80,Arterial Highway
T20120004485,2012-02-24,15:55:00,1,Collision with vehicle,6,Friday,113,RIGHT NEAR (INTERSECTIONS ONLY),1,42849,2,0,1,1,3,5,1,2,T intersection,2,80,
T20120004540,2012-02-24,22:45:00,4,Collision with a fixed object,6,Friday,171,LEFT OFF CARRIAGEWAY INTO OBJECT/PARKED VEHICLE,5,254010,1,0,1,0,0,1,1,2,T intersection,2,50,Local Road
T20120005206,2012-02-24,15:10:00,1,Collision with vehicle,6,Friday,130,REAR END(VEHICLES IN SAME LANE),1,250107,2,0,0,1,1,2,2,5,Not at intersection,3,80,Arterial Other
T20120004422,2012-02-24,07:25:00,1,Collision with vehicle,5,Friday,111,RIGHT FAR (INTERSECTIONS ONLY),2,67230,2,0,0,1,1,2,1,2,T intersection,3,60,Arterial Highway
T20120004524,2012-02-24,18:45:00,1,Collision with vehicle,6,Friday,130,REAR END(VEHICLES IN SAME LANE),2,45557,3,0,0,1,3,4,1,1,Cross intersection,3,60,Arterial Other
T20120004522,2012-02-24,15:23:00,1,Collision with vehicle,6,Friday,163,VEHICLE STRIKES DOOR OF PARKED/STATIONARY VEHICLE,1,250108,2,0,1,0,1,2,1,5,Not at intersection,2,60,Arterial Other
T20120004519,2012-02-24,17:50:00,6,Vehicle overturned (no collision),6,Friday,182,OFF CARRIAGEWAY ON LEFT BEND,1,249992,1,0,1,0,0,1,1,5,Not at intersection,2,80,
T20120004516,2012-02-24,15:30:00,2,Struck Pedestrian,6,Friday,101,PED EMERGES FROM IN FRONT OF PARKED OR STATIONARY VEHICLE,1,249991,1,0,0,1,1,2,1,5,Not at intersection,3,50,Local Road
T20120004514,2012-02-24,21:00:00,1,Collision with vehicle,6,Friday,110,CROSS TRAFFIC(INTERSECTIONS ONLY),3,41128,2,0,0,1,5,6,1,1,Cross intersection,3,60,Arterial Other
T20120004484,2012-02-24,15:40:00,1,Collision with vehicle,6,Friday,132,RIGHT REAR.,1,22442,3,0,1,0,3,4,1,2,T intersection,2,100,Arterial Other
T20120004511,2012-02-24,17:25:00,4,Collision with a fixed object,6,Friday,171,LEFT OFF CARRIAGEWAY INTO OBJECT/PARKED VEHICLE,1,249989,1,0,1,1,0,2,1,5,Not at intersection,2,100,Arterial Highway
T20120004424,2012-02-24,07:42:00,1,Collision with vehicle,5,Friday,130,REAR END(VEHICLES IN SAME LANE),1,609194,2,0,1,0,1,2,1,1,Cross intersection,2,60,Arterial Other
T20120004508,2012-02-24,16:45:00,4,Collision with a fixed object,6,Friday,171,LEFT OFF CARRIAGEWAY INTO OBJECT/PARKED VEHICLE,1,253787,1,0,0,1,1,2,1,5,Not at intersection,3,100,Arterial Other
T20120004506,2012-02-24,16:45:00,1,Collision with vehicle,6,Friday,113,RIGHT NEAR (INTERSECTIONS ONLY),2,42662,2,0,0,2,1,3,1,2,T intersection,3,80,Arterial Other
T20120004504,2012-02-24,18:05:00,1,Collision with vehicle,6,Friday,133,LANE SIDE SWIPE (VEHICLES IN PARALLEL LANES),1,893,2,0,0,1,2,3,1,2,T intersection,3,40,Arterial Highway
T20120004478,2012-02-24,14:20:00,6,Vehicle overturned (no collision),6,Friday,174,OUT OF CONTROL ON CARRIAGEWAY (ON STRAIGHT),1,250039,1,0,1,0,0,1,1,5,Not at intersection,2,100,
T20120004503,2012-02-24,19:23:00,8,No collision and no object struck,6,Friday,174,OUT OF CONTROL ON CARRIAGEWAY (ON STRAIGHT),1,249987,1,0,0,1,0,1,2,5,Not at intersection,3,60,Local Road
T20120004499,2012-02-24,15:40:00,1,Collision with vehicle,6,Friday,130,REAR END(VEHICLES IN SAME LANE),1,249986,3,0,0,5,4,9,1,1,Cross intersection,3,60,
T20120004498,2012-02-24,17:30:00,4,Collision with a fixed object,6,Friday,183,OFF LEFT BEND INTO OBJECT/PARKED VEHICLE,1,251317,1,0,0,1,0,1,2,5,Not at intersection,3,100,Local Road
T20120005141,2012-02-24,08:30:00,1,Collision with vehicle,6,Friday,116,LEFT NEAR (INTERSECTIONS ONLY),1,54934,2,0,0,1,1,2,2,2,T intersection,3,40,Local Road
T20120004495,2012-02-24,17:48:00,1,Collision with vehicle,6,Friday,110,CROSS TRAFFIC(INTERSECTIONS ONLY),1,29847,2,0,0,2,0,2,1,1,Cross intersection,3,60,Local Road
T20120004494,2012-02-24,16:45:00,1,Collision with vehicle,6,Friday,120,HEAD ON (NOT OVERTAKING),1,249983,2,0,0,1,3,4,1,5,Not at intersection,3,60,Local Road
T20120005380,2012-02-24,16:15:00,8,No collision and no object struck,6,Friday,174,OUT OF CONTROL ON CARRIAGEWAY (ON STRAIGHT),1,250182,1,0,0,1,0,1,2,5,Not at intersection,3,50,Local Road
T20120004699,2012-02-24,18:20:00,1,Collision with vehicle,6,Friday,132,RIGHT REAR.,1,250044,2,0,0,1,1,2,2,2,T intersection,3,60,Local Road
T20120004575,2012-02-24,16:07:00,1,Collision with vehicle,6,Friday,113,RIGHT NEAR (INTERSECTIONS ONLY),1,44727,2,0,0,1,1,2,1,2,T intersection,3,60,Arterial Other
T20120004564,2012-02-24,17:50:00,1,Collision with vehicle,6,Friday,121,RIGHT THROUGH,1,36252,2,0,0,1,1,2,1,2,T intersection,3,50,Local Road
T20120005841,2012-02-24,14:20:00,8,No collision and no object struck,6,Friday,184,OUT OF CONTROL ON CARRIAGEWAY (ON BEND),1,250409,1,0,0,1,0,1,2,5,Not at intersection,3,100,Arterial Other
T20120004570,2012-02-25,14:07:00,1,Collision with vehicle,7,Saturday,133,LANE SIDE SWIPE (VEHICLES IN PARALLEL LANES),1,59398,3,0,0,1,2,3,1,2,T intersection,3,100,Arterial Other
T20120004572,2012-02-25,13:55:00,2,Struck Pedestrian,7,Saturday,102,FAR SIDE. PED HIT BY VEHICLE FROM THE LEFT,1,627,1,0,1,0,1,2,1,1,Cross intersection,2,80,Arterial Other
T20120004576,2012-02-25,13:45:00,1,Collision with vehicle,7,Saturday,121,RIGHT THROUGH,1,249976,2,0,0,2,1,3,1,5,Not at intersection,3,60,Arterial Other
T20120004577,2012-02-25,15:38:00,4,Collision with a fixed object,7,Saturday,171,LEFT OFF CARRIAGEWAY INTO OBJECT/PARKED VEHICLE,1,47407,2,0,1,0,0,1,1,2,T intersection,2,60,Local Road
T20120004582,2012-02-25,14:30:00,2,Struck Pedestrian,7,Saturday,100,PED NEAR SIDE. PED HIT BY VEHICLE FROM THE RIGHT.,1,38044,1,0,0,1,1,2,1,1,Cross intersection,3,50,Arterial Other
T20120004583,2012-02-25,11:47:00,1,Collision with vehicle,7,Saturday,130,REAR END(VEHICLES IN SAME LANE),1,36373,2,0,0,1,1,2,1,2,T intersection,3,70,Arterial Other
T20120004585,2012-02-25,14:25:00,4,Collision with a fixed object,7,Saturday,173,RIGHT OFF CARRIAGEWAY INTO OBJECT/PARKED VEHICLE,1,249981,1,0,1,0,0,1,1,2,T intersection,2,80,Local Road
T20120004546,2012-02-25,10:20:00,8,No collision and no object struck,7,Saturday,172,OFF CARRIAGEWAY TO RIGHT,1,250377,1,0,0,1,1,2,1,5,Not at intersection,3,110,Freeway
T20120004589,2012-02-25,16:40:00,1,Collision with vehicle,6,Saturday,110,CROSS TRAFFIC(INTERSECTIONS ONLY),1,29422,2,0,1,0,3,4,1,1,Cross intersection,2,50,Local Road