ACCIDENT_NO,ACCIDENT_DATE,ACCIDENT_TIME,ACCIDENT_TYPE,ACCIDENT_TYPE_DESC,DAY_OF_WEEK,DAY_WEEK_DESC,DCA_CODE,DCA_DESC,LIGHT_CONDITION,NODE_ID,NO_OF_VEHICLES,NO_PERSONS_KILLED,NO_PERSONS_INJ_2,NO_PERSONS_INJ_3,NO_PERSONS_NOT_INJ,NO_PERSONS,POLICE_ATTEND,ROAD_GEOMETRY,ROAD_GEOMETRY_DESC,SEVERITY,SPEED_ZONE,RMA
T20120004542,2012-02-25,08:55:00,1,Collision with vehicle,7,Saturday,121,RIGHT THROUGH,1,38588,2,0,0,1,2,3,1,2,T intersection,3,70,Arterial Highway
T20120004590,2012-02-25,15:50:00,1,Collision with vehicle,7,Saturday,130,REAR END(VEHICLES IN SAME LANE),1,42744,2,0,0,1,1,2,2,1,Cross intersection,3,60,Arterial Highway
T20120004537,2012-02-25,08:05:00,1,Collision with vehicle,7,Saturday,140,U TURN,1,249962,2,0,1,0,1,2,1,5,Not at intersection,2,60,Arterial Other
T20120004535,2012-02-25,07:35:00,1,Collision with vehicle,7,Saturday,160,VEHICLE COLLIDES WITH VEHICLE PARKED ON LEFT OF ROAD,1,29610,2,0,1,0,0,1,1,1,Cross intersection,2,60,Arterial Highway
T20120004591,2012-02-25,15:37:00,1,Collision with vehicle,7,Saturday,132,RIGHT REAR.,1,44673,2,0,0,3,2,5,2,2,T intersection,3,60,Arterial Other
T20120004531,2012-02-25,03:00:00,2,Struck Pedestrian,7,Saturday,102,FAR SIDE. PED HIT BY VEHICLE FROM THE LEFT,3,249961,1,0,1,0,3,4,1,5,Not at intersection,2,80,Arterial Other
T20120004592,2012-02-25,19:45:00,1,Collision with vehicle,6,Saturday,121,RIGHT THROUGH,2,12928,2,0,2,0,2,4,1,4,Multiple intersection,2,60,Freeway
T20120004530,2012-02-25,04:00:00,4,Collision with a fixed object,7,Saturday,183,OFF LEFT BEND INTO OBJECT/PARKED VEHICLE,3,239081,1,0,0,1,0,1,1,1,Cross intersection,3,80,Arterial Highway
T20120004529,2012-02-25,03:30:00,4,Collision with a fixed object,7,Saturday,171,LEFT OFF CARRIAGEWAY INTO OBJECT/PARKED VEHICLE,5,250608,1,0,3,2,1,6,1,2,T intersection,2,60,
T20120019533,2012-02-25,12:25:00,2,Struck Pedestrian,7,Saturday,100,PED NEAR SIDE. PED HIT BY VEHICLE FROM THE RIGHT.,1,253537,1,0,0,1,1,2,2,5,Not at intersection,3,999,Local Road
T20120005448,2012-02-25,01:45:00,1,Collision with vehicle,7,Saturday,163,VEHICLE STRIKES DOOR OF PARKED/STATIONARY VEHICLE,6,250243,2,0,0,1,1,2,2,5,Not at intersection,3,999,Local Road
T20120004599,2012-02-25,20:50:00,2,Struck Pedestrian,7,Saturday,103,PED PLAYING/LYING/WORKING/STANDING ON CARRIAGEWAY.,3,256767,1,0,0,1,2,3,2,2,T intersection,3,50,Local Road
T20120004638,2012-02-25,18:50:00,1,Collision with vehicle,7,Saturday,130,REAR END(VEHICLES IN SAME LANE),1,250007,2,0,0,1,2,3,1,5,Not at intersection,3,110,Freeway
T20120004610,2012-02-25,13:15:00,8,No collision and no object struck,7,Saturday,184,OUT OF CONTROL ON CARRIAGEWAY (ON BEND),1,249988,1,0,0,1,0,1,1,5,Not at intersection,3,100,
T20120004613,2012-02-25,07:10:00,4,Collision with a fixed object,7,Saturday,171,LEFT OFF CARRIAGEWAY INTO OBJECT/PARKED VEHICLE,1,249990,1,0,2,0,0,2,1,5,Not at intersection,2,100,Local Road
T20120006867,2012-02-25,15:20:00,2,Struck Pedestrian,7,Saturday,100,PED NEAR SIDE. PED HIT BY VEHICLE FROM THE RIGHT.,1,785,1,0,0,1,1,2,2,1,Cross intersection,3,999,Arterial Other
T20120004852,2012-02-25,14:00:00,6,Vehicle overturned (no collision),7,Saturday,170,OFF CARRIAGEWAY TO LEFT,1,250012,1,0,1,0,0,1,1,5,Not at intersection,2,100,Local Road
T20120005379,2012-02-25,16:45:00,1,Collision with vehicle,7,Saturday,130,REAR END(VEHICLES IN SAME LANE),1,43225,2,0,1,0,1,2,2,2,T intersection,2,70,Arterial Highway
T20120004619,2012-02-25,17:22:00,8,No collision and no object struck,7,Saturday,174,OUT OF CONTROL ON CARRIAGEWAY (ON STRAIGHT),1,249995,1,0,1,0,0,1,1,5,Not at intersection,2,110,Freeway
T20120004621,2012-02-25,19:45:00,1,Collision with vehicle,7,Saturday,130,REAR END(VEHICLES IN SAME LANE),2,249999,2,0,1,0,1,2,1,5,Not at intersection,2,110,Freeway
T20120004624,2012-02-25,17:19:00,1,Collision with vehicle,7,Saturday,130,REAR END(VEHICLES IN SAME LANE),1,250000,3,0,0,1,4,5,1,5,Not at intersection,3,70,Arterial Other
T20120004630,2012-02-25,14:15:00,1,Collision with vehicle,7,Saturday,121,RIGHT THROUGH,1,48598,2,0,0,1,1,2,1,1,Cross intersection,3,70,Arterial Other
T20120004634,2012-02-25,23:19:00,4,Collision with a fixed object,7,Saturday,173,RIGHT OFF CARRIAGEWAY INTO OBJECT/PARKED VEHICLE,3,42034,1,0,0,1,0,1,1,2,T intersection,3,60,Arterial Other
T20120004558,2012-02-25,12:20:00,1,Collision with vehicle,7,Saturday,130,REAR END(VEHICLES IN SAME LANE),1,249966,4,0,0,1,3,4,1,5,Not at intersection,3,80,
T20120004559,2012-02-25,11:30:00,1,Collision with vehicle,7,Saturday,110,CROSS TRAFFIC(INTERSECTIONS ONLY),1,52538,2,0,0,1,1,2,1,1,Cross intersection,3,100,Local Road
T20120004560,2012-02-25,12:38:00,2,Struck Pedestrian,7,Saturday,102,FAR SIDE. PED HIT BY VEHICLE FROM THE LEFT,1,249968,1,0,1,0,1,2,1,5,Not at intersection,2,50,Local Road
T20120004565,2012-02-25,13:00:00,1,Collision with vehicle,7,Saturday,140,U TURN,1,249969,2,0,0,1,4,5,1,5,Not at intersection,3,100,
T20120004568,2012-02-25,09:23:00,1,Collision with vehicle,7,Saturday,113,RIGHT NEAR (INTERSECTIONS ONLY),1,46840,2,0,1,0,3,4,1,2,T intersection,2,70,Arterial Highway
T20120004543,2012-02-25,09:00:00,1,Collision with vehicle,7,Saturday,121,RIGHT THROUGH,1,249963,2,0,1,0,1,2,1,5,Not at intersection,2,60,Arterial Highway
T20120004654,2012-02-25,17:30:00,7,Fall from or in moving vehicle,7,Saturday,139,OTHER SAME DIRECTION-MANOUEVRES NOT INCLUDED IN DCAs 130-137,1,254286,7,0,6,1,1,8,1,5,Not at intersection,2,110,Freeway
T20120004644,2012-02-25,07:40:00,1,Collision with vehicle,7,Saturday,130,REAR END(VEHICLES IN SAME LANE),1,45464,2,0,0,1,1,2,9,2,T intersection,3,999,Arterial Other
T20120004569,2012-02-25,10:55:00,1,Collision with vehicle,7,Saturday,121,RIGHT THROUGH,1,224517,2,0,2,2,0,4,1,2,T intersection,2,70,Local Road
T20120005416,2012-02-25,23:00:00,8,No collision and no object struck,7,Saturday,174,OUT OF CONTROL ON CARRIAGEWAY (ON STRAIGHT),3,250234,1,0,1,0,0,1,2,5,Not at intersection,2,60,Arterial Other
T20120004652,2012-02-26,14:30:00,4,Collision with a fixed object,1,Sunday,173,RIGHT OFF CARRIAGEWAY INTO OBJECT/PARKED VEHICLE,1,251461,1,0,0,1,0,1,1,5,Not at intersection,3,60,Arterial Other
T20120006056,2012-02-26,10:01:00,6,Vehicle overturned (no collision),1,Sunday,174,OUT OF CONTROL ON CARRIAGEWAY (ON STRAIGHT),1,15493,1,0,0,1,1,2,1,1,Cross intersection,3,80,Arterial Other
T20120004657,2012-02-26,19:05:00,2,Struck Pedestrian,1,Sunday,100,PED NEAR SIDE. PED HIT BY VEHICLE FROM THE RIGHT.,1,40074,1,0,1,0,2,3,1,1,Cross intersection,2,40,Local Road
T20120004615,2012-02-26,05:40:00,1,Collision with vehicle,1,Sunday,160,VEHICLE COLLIDES WITH VEHICLE PARKED ON LEFT OF ROAD,2,251680,4,0,0,1,0,1,1,5,Not at intersection,3,60,Arterial Other
T20120004662,2012-02-26,21:34:00,1,Collision with vehicle,1,Sunday,130,REAR END(VEHICLES IN SAME LANE),3,53204,2,0,0,1,2,3,1,1,Cross intersection,3,50,Local Road
T20120004729,2012-02-26,17:20:00,1,Collision with vehicle,1,Sunday,160,VEHICLE COLLIDES WITH VEHICLE PARKED ON LEFT OF ROAD,1,250052,2,0,0,1,1,2,1,5,Not at intersection,3,70,Local Road
T20120008140,2012-02-26,08:30:00,1,Collision with vehicle,1,Sunday,162,ACCIDENT OR BROKEN DOWN,1,46152,2,0,0,2,1,3,1,1,Cross intersection,3,80,Arterial Highway
T20120004825,2012-02-26,15:59:00,1,Collision with vehicle,1,Sunday,140,U TURN,1,250005,2,0,0,5,0,5,1,5,Not at intersection,3,100,Local Road
T20120005415,2012-02-26,12:30:00,8,No collision and no object struck,1,Sunday,172,OFF CARRIAGEWAY TO RIGHT,1,15275,1,0,1,0,0,1,2,2,T intersection,2,999,Local Road
T20120004631,2012-02-26,11:55:00,1,Collision with vehicle,1,Sunday,121,RIGHT THROUGH,1,45881,2,0,0,1,2,3,1,2,T intersection,3,70,Arterial Highway
T20120004637,2012-02-26,14:15:00,1,Collision with vehicle,1,Sunday,121,RIGHT THROUGH,1,250006,3,0,0,1,4,5,1,2,T intersection,3,999,Local Road
T20120004764,2012-02-26,22:00:00,5,collision with some other object,1,Sunday,166,STRUCK OBJECT ON CARRIAGEWAY,5,250064,1,0,1,0,0,1,1,5,Not at intersection,2,100,Arterial Other
T20120004695,2012-02-26,22:47:00,1,Collision with vehicle,1,Sunday,160,VEHICLE COLLIDES WITH VEHICLE PARKED ON LEFT OF ROAD,3,44456,2,0,1,0,0,1,1,1,Cross intersection,2,60,Arterial Other
T20120004669,2012-02-26,05:25:00,1,Collision with vehicle,1,Sunday,130,REAR END(VEHICLES IN SAME LANE),5,252688,2,0,0,2,1,3,1,5,Not at intersection,3,100,Arterial Other
T20120004663,2012-02-26,16:00:00,1,Collision with vehicle,0,Sunday,133,LANE SIDE SWIPE (VEHICLES IN PARALLEL LANES),1,64156,2,0,0,2,0,2,1,1,Cross intersection,3,50,Local Road
T20120004750,2012-02-26,16:30:00,2,Struck Pedestrian,1,Sunday,100,PED NEAR SIDE. PED HIT BY VEHICLE FROM THE RIGHT.,1,38984,1,0,0,1,1,2,2,1,Cross intersection,3,60,Arterial Other
T20120004823,2012-02-26,17:30:00,6,Vehicle overturned (no collision),1,Sunday,180,OFF CARRIAGEWAY ON RIGHT BEND,1,250001,1,0,0,1,0,1,1,5,Not at intersection,3,100,Local Road
T20120004622,2012-02-26,07:50:00,1,Collision with vehicle,1,Sunday,116,LEFT NEAR (INTERSECTIONS ONLY),1,41179,2,0,1,0,1,2,1,1,Cross intersection,2,60,Arterial Other
T20120004626,2012-02-26,09:24:00,1,Collision with vehicle,1,Sunday,110,CROSS TRAFFIC(INTERSECTIONS ONLY),1,62112,2,0,1,0,1,2,1,1,Cross intersection,2,50,Local Road
T20120004636,2012-02-26,12:30:00,4,Collision with a fixed object,1,Sunday,181,OFF RIGHT BEND INTO OBJECT/PARKED VEHICLE,1,251533,1,0,1,0,0,1,1,5,Not at intersection,2,100,Arterial Other
T20120004670,2012-02-26,01:30:00,4,Collision with a fixed object,1,Sunday,181,OFF RIGHT BEND INTO OBJECT/PARKED VEHICLE,5,250040,1,0,1,1,0,2,1,5,Not at intersection,2,100,Local Road
T20120004656,2012-02-26,12:15:00,1,Collision with vehicle,1,Sunday,130,REAR END(VEHICLES IN SAME LANE),1,50178,2,0,0,1,2,3,2,1,Cross intersection,3,40,Arterial Other
T20120004661,2012-02-26,16:48:00,1,Collision with vehicle,1,Sunday,120,HEAD ON (NOT OVERTAKING),1,252904,2,1,0,1,2,4,1,5,Not at intersection,1,80,Arterial Other
T20120004658,2012-02-26,16:20:00,1,Collision with vehicle,1,Sunday,132,RIGHT REAR.,1,250010,2,0,1,0,1,2,1,5,Not at intersection,2,50,Local Road
T20120004671,2012-02-26,22:50:00,4,Collision with a fixed object,1,Sunday,171,LEFT OFF CARRIAGEWAY INTO OBJECT/PARKED VEHICLE,5,250041,1,0,1,0,0,1,1,5,Not at intersection,2,100,Arterial Other
T20120004632,2012-02-26,10:30:00,1,Collision with vehicle,1,Sunday,160,VEHICLE COLLIDES WITH VEHICLE PARKED ON LEFT OF ROAD,1,250002,2,0,1,2,2,5,1,5,Not at intersection,2,999,Arterial Other
T20120004941,2012-02-26,11:30:00,6,Vehicle overturned (no collision),1,Sunday,174,OUT OF CONTROL ON CARRIAGEWAY (ON STRAIGHT),1,250121,1,0,1,0,0,1,2,5,Not at intersection,2,50,Local Road
T20120004655,2012-02-26,18:15:00,1,Collision with vehicle,1,Sunday,120,HEAD ON (NOT OVERTAKING),1,44124,2,0,1,1,0,2,1,2,T intersection,2,70,Local Road
T20120004639,2012-02-26,13:05:00,1,Collision with vehicle,1,Sunday,110,CROSS TRAFFIC(INTERSECTIONS ONLY),1,60410,2,0,1,0,1,2,1,1,Cross intersection,2,100,Arterial Other
T20120005454,2012-02-26,15:00:00,6,Vehicle overturned (no collision),1,Sunday,174,OUT OF CONTROL ON CARRIAGEWAY (ON STRAIGHT),1,250246,1,0,1,0,0,1,2,2,T intersection,2,60,Local Road
T20120005499,2012-02-26,07:50:00,1,Collision with vehicle,1,Sunday,130,REAR END(VEHICLES IN SAME LANE),1,258129,3,0,0,1,2,3,2,5,Not at intersection,3,100,Freeway
T20120004623,2012-02-26,07:55:00,1,Collision with vehicle,1,Sunday,160,VEHICLE COLLIDES WITH VEHICLE PARKED ON LEFT OF ROAD,1,49993,3,0,0,1,0,1,1,1,Cross intersection,3,60,Arterial Highway
T20120004708,2012-02-27,11:00:00,1,Collision with vehicle,2,Monday,121,RIGHT THROUGH,1,250048,2,0,1,1,0,2,1,2,T intersection,2,100,Arterial Other
T20120004718,2012-02-27,08:50:00,8,No collision and no object struck,2,Monday,180,OFF CARRIAGEWAY ON RIGHT BEND,1,253793,1,0,0,1,0,1,1,5,Not at intersection,3,100,Arterial Other
T20120006704,2012-02-27,16:26:00,1,Collision with vehicle,2,Monday,120,HEAD ON (NOT OVERTAKING),1,250470,3,0,0,1,1,2,2,2,T intersection,3,50,Local Road
T20120004730,2012-02-27,13:20:00,1,Collision with vehicle,2,Monday,130,REAR END(VEHICLES IN SAME LANE),1,50088,2,0,0,1,1,2,1,1,Cross intersection,3,70,Arterial Other
T20120004732,2012-02-27,11:35:00,4,Collision with a fixed object,2,Monday,181,OFF RIGHT BEND INTO OBJECT/PARKED VEHICLE,1,250055,1,0,0,1,0,1,1,5,Not at intersection,3,80,Arterial Highway
T20120004734,2012-02-27,12:15:00,6,Vehicle overturned (no collision),2,Monday,180,OFF CARRIAGEWAY ON RIGHT BEND,1,250056,1,0,0,1,0,1,1,5,Not at intersection,3,100,
T20120004738,2012-02-27,13:00:00,4,Collision with a fixed object,1,Monday,183,OFF LEFT BEND INTO OBJECT/PARKED VEHICLE,1,277098,1,0,1,0,0,1,1,5,Not at intersection,2,100,Arterial Other
T20120004744,2012-02-27,09:16:00,1,Collision with vehicle,2,Monday,121,RIGHT THROUGH,1,36858,2,0,1,1,0,2,1,1,Cross intersection,2,60,Arterial Other
T20120004745,2012-02-27,15:50:00,8,No collision and no object struck,2,Monday,174,OUT OF CONTROL ON CARRIAGEWAY (ON STRAIGHT),9,250671,1,0,1,0,0,1,2,5,Not at intersection,2,60,
T20120004746,2012-02-27,14:46:00,1,Collision with vehicle,2,Monday,147,VEHICLE STRIKES ANOTHER VEH WHILE EMERGING FROM DRIVEWAY,1,249884,2,0,1,0,2,3,1,5,Not at intersection,2,60,Arterial Highway
T20120004748,2012-02-27,15:05:00,8,No collision and no object struck,2,Monday,170,OFF CARRIAGEWAY TO LEFT,1,250844,2,0,1,0,1,2,1,2,T intersection,2,100,Local Road
T20120004751,2012-02-27,15:30:00,1,Collision with vehicle,2,Monday,120,HEAD ON (NOT OVERTAKING),1,249885,2,0,0,2,3,5,1,2,T intersection,3,60,Arterial Highway
T20120004752,2012-02-27,13:45:00,4,Collision with a fixed object,2,Monday,171,LEFT OFF CARRIAGEWAY INTO OBJECT/PARKED VEHICLE,1,49439,1,0,1,0,0,1,1,2,T intersection,2,100,Arterial Other
T20120004802,2012-02-27,22:10:00,4,Collision with a fixed object,2,Monday,171,LEFT OFF CARRIAGEWAY INTO OBJECT/PARKED VEHICLE,3,10609,1,0,0,1,0,1,1,2,T intersection,3,50,Arterial Highway
T20120004766,2012-02-27,08:45:00,4,Collision with a fixed object,2,Monday,171,LEFT OFF CARRIAGEWAY INTO OBJECT/PARKED VEHICLE,1,44745,1,0,0,1,0,1,2,2,T intersection,3,50,Arterial Other
T20120004668,2012-02-27,00:53:00,2,Struck Pedestrian,2,Monday,102,FAR SIDE. PED HIT BY VEHICLE FROM THE LEFT,3,38952,1,0,1,0,1,2,1,2,T intersection,2,60,Arterial Other
T20120004713,2012-02-27,07:25:00,1,Collision with vehicle,2,Monday,113,RIGHT NEAR (INTERSECTIONS ONLY),1,57375,2,0,0,2,0,2,1,2,T intersection,3,60,Local Road
T20120004672,2012-02-27,01:20:00,4,Collision with a fixed object,2,Monday,171,LEFT OFF CARRIAGEWAY INTO OBJECT/PARKED VEHICLE,3,135130,1,0,1,0,1,2,1,5,Not at intersection,2,60,Arterial Other
T20120004675,2012-02-27,01:10:00,1,Collision with vehicle,2,Monday,132,RIGHT REAR.,3,29840,3,0,1,1,4,6,1,1,Cross intersection,2,60,Arterial Other
T20120006923,2012-02-27,09:00:00,4,Collision with a fixed object,2,Monday,173,RIGHT OFF CARRIAGEWAY INTO OBJECT/PARKED VEHICLE,1,250661,1,0,0,1,1,2,2,5,Not at intersection,3,999,Arterial Other
T20120004676,2012-02-27,04:20:00,1,Collision with vehicle,2,Monday,110,CROSS TRAFFIC(INTERSECTIONS ONLY),3,278500,2,0,0,2,2,4,1,1,Cross intersection,3,50,Local Road
T20120004677,2012-02-27,03:45:00,6,Vehicle overturned (no collision),2,Monday,180,OFF CARRIAGEWAY ON RIGHT BEND,5,250042,1,0,1,1,0,2,1,5,Not at intersection,2,100,Arterial Highway
T20120004679,2012-02-27,03:37:00,4,Collision with a fixed object,2,Monday,171,LEFT OFF CARRIAGEWAY INTO OBJECT/PARKED VEHICLE,3,29909,1,0,1,0,0,1,1,1,Cross intersection,2,60,Local Road
T20120004681,2012-02-27,06:35:00,1,Collision with vehicle,2,Monday,130,REAR END(VEHICLES IN SAME LANE),3,328,3,0,0,1,2,3,1,4,Multiple intersection,3,70,Arterial Other
T20120004714,2012-02-27,08:45:00,1,Collision with vehicle,2,Monday,133,LANE SIDE SWIPE (VEHICLES IN PARALLEL LANES),1,251068,2,0,1,0,1,2,1,5,Not at intersection,2,50,Freeway
T20120004717,2012-02-27,09:15:00,4,Collision with a fixed object,2,Monday,181,OFF RIGHT BEND INTO OBJECT/PARKED VEHICLE,1,250050,1,0,0,1,1,2,1,5,Not at intersection,3,60,Arterial Highway
T20120004926,2012-02-27,10:13:00,1,Collision with vehicle,2,Monday,121,RIGHT THROUGH,1,42106,2,0,0,1,1,2,1,2,T intersection,3,60,Arterial Other
T20120005035,2012-02-27,20:30:00,2,Struck Pedestrian,1,Monday,109,ANY MANOEUVRE INVOLVING PED NOT INCLUDED IN DCAs 100-108.,1,49981,1,0,1,0,1,2,2,1,Cross intersection,2,60,Local Road
T20120005056,2012-02-27,14:00:00,1,Collision with vehicle,2,Monday,121,RIGHT THROUGH,1,250172,2,0,0,1,4,5,2,1,Cross intersection,3,100,Arterial Highway
T20120004770,2012-02-27,10:49:00,4,Collision with a fixed object,2,Monday,181,OFF RIGHT BEND INTO OBJECT/PARKED VEHICLE,1,254013,1,0,0,1,0,1,1,5,Not at intersection,3,110,Freeway
T20120004773,2012-02-27,17:58:00,1,Collision with vehicle,2,Monday,132,RIGHT REAR.,1,37625,2,0,0,1,3,4,1,2,T intersection,3,60,Arterial Other
T20120004776,2012-02-27,15:10:00,1,Collision with vehicle,2,Monday,121,RIGHT THROUGH,1,11695,2,0,0,2,0,2,1,4,Multiple intersection,3,60,Freeway
T20120004778,2012-02-27,17:00:00,1,Collision with vehicle,2,Monday,120,HEAD ON (NOT OVERTAKING),1,250067,2,0,1,0,1,2,1,5,Not at intersection,2,80,Arterial Other
T20120004781,2012-02-27,17:00:00,5,collision with some other object,2,Monday,166,STRUCK OBJECT ON CARRIAGEWAY,1,250068,1,0,0,1,0,1,2,5,Not at intersection,3,999,Local Road
T20120004783,2012-02-27,15:30:00,1,Collision with vehicle,2,Monday,130,REAR END(VEHICLES IN SAME LANE),1,43734,2,0,2,1,2,5,1,1,Cross intersection,2,60,Local Road
T20120004786,2012-02-27,18:30:00,1,Collision with vehicle,2,Monday,130,REAR END(VEHICLES IN SAME LANE),1,251367,4,0,0,1,3,4,1,5,Not at intersection,3,60,Freeway
T20120005584,2012-02-27,16:45:00,1,Collision with vehicle,2,Monday,131,LEFT REAR,1,234871,2,0,0,1,1,2,2,2,T intersection,3,70,Arterial Highway
T20120004792,2012-02-27,20:00:00,1,Collision with vehicle,2,Monday,130,REAR END(VEHICLES IN SAME LANE),3,250071,2,0,1,1,0,2,1,5,Not at intersection,2,60,Arterial Highway
T20120004793,2012-02-27,19:35:00,1,Collision with vehicle,2,Monday,132,RIGHT REAR.,3,250072,2,0,0,1,1,2,1,5,Not at intersection,3,50,Local Road
T20120004794,2012-02-27,21:00:00,2,Struck Pedestrian,2,Monday,104,PED WALKING WITH TRAFFIC,3,250075,1,0,1,0,1,2,1,5,Not at intersection,2,60,Local Road
T20120004797,2012-02-27,16:00:00,1,Collision with vehicle,2,Monday,130,REAR END(VEHICLES IN SAME LANE),1,250077,2,0,0,1,3,4,1,5,Not at intersection,3,60,Local Road
T20120004755,2012-02-27,15:00:00,8,No collision and no object struck,2,Monday,174,OUT OF CONTROL ON CARRIAGEWAY (ON STRAIGHT),1,249887,1,0,1,0,0,1,1,5,Not at intersection,2,50,Local Road
T20120004803,2012-02-27,22:05:00,1,Collision with vehicle,2,Monday,110,CROSS TRAFFIC(INTERSECTIONS ONLY),3,55276,2,0,0,2,0,2,1,1,Cross intersection,3,50,Local Road
T20120004804,2012-02-27,23:20:00,1,Collision with vehicle,2,Monday,110,CROSS TRAFFIC(INTERSECTIONS ONLY),3,59778,2,0,0,1,3,4,1,1,Cross intersection,3,50,Local Road
T20120004805,2012-02-27,22:25:00,4,Collision with a fixed object,2,Monday,171,LEFT OFF CARRIAGEWAY INTO OBJECT/PARKED VEHICLE,3,52512,1,0,0,2,0,2,1,2,T intersection,3,60,Local Road
T20120005844,2012-02-27,17:30:00,8,No collision and no object struck,2,Monday,174,OUT OF CONTROL ON CARRIAGEWAY (ON STRAIGHT),6,250412,1,0,0,1,0,1,2,5,Not at intersection,3,999,Arterial Other
T20120004814,2012-02-27,09:00:00,6,Vehicle overturned (no collision),2,Monday,182,OFF CARRIAGEWAY ON LEFT BEND,1,52181,1,0,1,0,0,1,1,4,Multiple intersection,2,110,Freeway
T20120004817,2012-02-27,13:39:00,1,Collision with vehicle,2,Monday,121,RIGHT THROUGH,1,977,2,0,0,1,2,3,1,1,Cross intersection,3,50,Arterial Other
T20120004818,2012-02-27,21:00:00,4,Collision with a fixed object,2,Monday,171,LEFT OFF CARRIAGEWAY INTO OBJECT/PARKED VEHICLE,5,260773,1,0,0,1,0,1,1,5,Not at intersection,3,110,Freeway
T20120004822,2012-02-27,21:05:00,1,Collision with vehicle,2,Monday,121,RIGHT THROUGH,3,36335,2,0,0,2,3,5,1,1,Cross intersection,3,50,Arterial Other
T20120004824,2012-02-27,20:25:00,4,Collision with a fixed object,2,Monday,181,OFF RIGHT BEND INTO OBJECT/PARKED VEHICLE,5,250004,1,0,0,1,0,1,1,5,Not at intersection,3,100,Arterial Other
T20120004768,2012-02-27,14:52:00,1,Collision with vehicle,2,Monday,110,CROSS TRAFFIC(INTERSECTIONS ONLY),1,43057,2,0,0,1,7,8,1,1,Cross intersection,3,60,Local Road
T20120004684,2012-02-27,07:00:00,1,Collision with vehicle,2,Monday,121,RIGHT THROUGH,2,48184,2,0,0,1,1,2,1,2,T intersection,3,60,Arterial Other
T20120004831,2012-02-27,14:00:00,1,Collision with vehicle,2,Monday,130,REAR END(VEHICLES IN SAME LANE),1,46753,3,0,1,0,3,4,2,2,T intersection,2,60,Local Road
T20120012802,2012-02-27,08:30:00,4,Collision with a fixed object,2,Monday,171,LEFT OFF CARRIAGEWAY INTO OBJECT/PARKED VEHICLE,1,252553,1,0,0,1,0,1,2,5,Not at intersection,3,50,Local Road
T20120004693,2012-02-27,08:48:00,2,Struck Pedestrian,2,Monday,102,FAR SIDE. PED HIT BY VEHICLE FROM THE LEFT,1,59715,1,0,1,0,2,3,1,2,T intersection,2,50,Arterial Other
T20120004754,2012-02-27,14:10:00,2,Struck Pedestrian,2,Monday,100,PED NEAR SIDE. PED HIT BY VEHICLE FROM THE RIGHT.,1,249254,1,1,0,0,1,2,1,5,Not at intersection,1,60,Arterial Other
T20120008677,2012-02-27,08:10:00,1,Collision with vehicle,2,Monday,120,HEAD ON (NOT OVERTAKING),1,251071,2,0,0,1,1,2,2,5,Not at intersection,3,999,Arterial Other
T20120004685,2012-02-27,06:45:00,1,Collision with vehicle,2,Monday,130,REAR END(VEHICLES IN SAME LANE),2,254893,2,0,0,1,1,2,2,5,Not at intersection,3,80,Arterial Highway
T20120004710,2012-02-27,10:25:00,1,Collision with vehicle,2,Monday,110,CROSS TRAFFIC(INTERSECTIONS ONLY),1,29697,2,0,0,1,1,2,1,1,Cross intersection,3,50,Local Road
T20120004692,2012-02-27,07:35:00,1,Collision with vehicle,2,Monday,120,HEAD ON (NOT OVERTAKING),1,247004,2,0,0,2,0,2,1,2,T intersection,3,70,Non Arterial
T20120004694,2012-02-27,01:30:00,2,Struck Pedestrian,2,Monday,109,ANY MANOEUVRE INVOLVING PED NOT INCLUDED IN DCAs 100-108.,3,36160,1,0,0,1,1,2,1,1,Cross intersection,3,60,Arterial Highway
T20120004696,2012-02-27,08:20:00,1,Collision with vehicle,2,Monday,121,RIGHT THROUGH,1,61241,2,0,0,1,1,2,1,2,T intersection,3,70,Arterial Other
T20120004697,2012-02-27,09:10:00,1,Collision with vehicle,2,Monday,130,REAR END(VEHICLES IN SAME LANE),1,250043,2,0,0,1,2,3,1,5,Not at intersection,3,100,Freeway
T20120004698,2012-02-27,08:05:00,1,Collision with vehicle,2,Monday,130,REAR END(VEHICLES IN SAME LANE),1,39793,3,0,0,1,2,3,1,2,T intersection,3,70,Arterial Other
T20120027478,2012-02-27,14:00:00,1,Collision with vehicle,2,Monday,130,REAR END(VEHICLES IN SAME LANE),1,273579,3,0,0,1,2,3,2,5,Not at intersection,3,80,Freeway
T20120004700,2012-02-27,08:25:00,4,Collision with a fixed object,2,Monday,183,OFF LEFT BEND INTO OBJECT/PARKED VEHICLE,1,250045,1,0,0,1,2,3,1,5,Not at intersection,3,100,Arterial Highway