ACCIDENT_NO,ACCIDENT_DATE,ACCIDENT_TIME,ACCIDENT_TYPE,ACCIDENT_TYPE_DESC,DAY_OF_WEEK,DAY_WEEK_DESC,DCA_CODE,DCA_DESC,LIGHT_CONDITION,NODE_ID,NO_OF_VEHICLES,NO_PERSONS_KILLED,NO_PERSONS_INJ_2,NO_PERSONS_INJ_3,NO_PERSONS_NOT_INJ,NO_PERSONS,POLICE_ATTEND,ROAD_GEOMETRY,ROAD_GEOMETRY_DESC,SEVERITY,SPEED_ZONE,RMA
T20120004702,2012-02-27,10:48:00,4,Collision with a fixed object,2,Monday,171,LEFT OFF CARRIAGEWAY INTO OBJECT/PARKED VEHICLE,1,250452,1,0,0,2,0,2,1,5,Not at intersection,3,999,Freeway
T20120004704,2012-02-27,08:52:00,1,Collision with vehicle,2,Monday,110,CROSS TRAFFIC(INTERSECTIONS ONLY),1,37855,4,0,2,3,4,9,1,1,Cross intersection,2,70,Arterial Highway
T20120004709,2012-02-27,11:35:00,2,Struck Pedestrian,2,Monday,109,ANY MANOEUVRE INVOLVING PED NOT INCLUDED IN DCAs 100-108.,1,250049,1,0,1,0,1,2,1,5,Not at intersection,2,40,Arterial Other
T20120009904,2012-02-28,15:00:00,1,Collision with vehicle,3,Tuesday,132,RIGHT REAR.,1,253014,2,0,0,1,1,2,2,5,Not at intersection,3,80,Arterial Highway
T20120010348,2012-02-28,18:45:00,1,Collision with vehicle,3,Tuesday,120,HEAD ON (NOT OVERTAKING),1,251548,2,0,0,1,1,2,9,5,Not at intersection,3,999,Freeway
T20120004889,2012-02-28,14:40:00,1,Collision with vehicle,3,Tuesday,148,VEHICLE OFF FOOTPATH STRIKES VEH ON CARRIAGEWAY,1,44451,2,0,0,1,1,2,1,4,Multiple intersection,3,60,Arterial Highway
T20120004905,2012-02-28,15:05:00,8,No collision and no object struck,3,Tuesday,180,OFF CARRIAGEWAY ON RIGHT BEND,1,52019,1,0,0,1,0,1,1,2,T intersection,3,100,Arterial Other
T20120005927,2012-02-28,17:45:00,1,Collision with vehicle,3,Tuesday,130,REAR END(VEHICLES IN SAME LANE),1,35315,2,0,0,1,2,3,2,1,Cross intersection,3,40,Arterial Highway
T20120005994,2012-02-28,10:20:00,1,Collision with vehicle,3,Tuesday,136,RIGHT TURN SIDESWIPE,1,250489,2,0,0,1,1,2,2,2,T intersection,3,60,Arterial Highway
T20120004879,2012-02-28,13:20:00,6,Vehicle overturned (no collision),3,Tuesday,172,OFF CARRIAGEWAY TO RIGHT,1,250609,1,0,0,1,0,1,1,2,T intersection,3,100,Local Road
T20120004894,2012-02-28,10:00:00,1,Collision with vehicle,3,Tuesday,113,RIGHT NEAR (INTERSECTIONS ONLY),1,251535,2,0,0,1,1,2,2,2,T intersection,3,50,Local Road
T20120004813,2012-02-28,03:00:00,4,Collision with a fixed object,3,Tuesday,171,LEFT OFF CARRIAGEWAY INTO OBJECT/PARKED VEHICLE,3,249996,1,0,0,1,0,1,1,5,Not at intersection,3,100,Arterial Other
T20120004893,2012-02-28,03:00:00,6,Vehicle overturned (no collision),3,Tuesday,172,OFF CARRIAGEWAY TO RIGHT,5,250119,1,0,1,0,0,1,1,5,Not at intersection,2,100,Arterial Other
T20120004909,2012-02-28,17:05:00,1,Collision with vehicle,3,Tuesday,130,REAR END(VEHICLES IN SAME LANE),1,51093,5,0,0,2,6,8,1,5,Not at intersection,3,70,Arterial Highway
T20120004910,2012-02-28,19:50:00,2,Struck Pedestrian,3,Tuesday,100,PED NEAR SIDE. PED HIT BY VEHICLE FROM THE RIGHT.,1,64642,1,0,0,1,1,2,1,2,T intersection,3,60,Local Road
T20120004898,2012-02-28,16:40:00,1,Collision with vehicle,3,Tuesday,135,LANE CHANGE LEFT (NOT OVERTAKING),1,250054,2,0,0,1,1,2,2,5,Not at intersection,3,60,Arterial Highway
T20120004908,2012-02-28,20:25:00,1,Collision with vehicle,3,Tuesday,163,VEHICLE STRIKES DOOR OF PARKED/STATIONARY VEHICLE,1,250455,2,0,0,1,1,2,2,5,Not at intersection,3,60,Local Road
T20120004827,2012-02-28,09:00:00,1,Collision with vehicle,3,Tuesday,111,RIGHT FAR (INTERSECTIONS ONLY),1,43502,2,0,0,1,1,2,2,2,T intersection,3,999,Arterial Other
T20120005639,2012-02-28,10:30:00,1,Collision with vehicle,3,Tuesday,121,RIGHT THROUGH,1,221398,2,0,0,1,1,2,2,2,T intersection,3,100,Arterial Other
T20120004969,2012-02-28,21:30:00,1,Collision with vehicle,2,Tuesday,120,HEAD ON (NOT OVERTAKING),3,250134,2,0,0,2,0,2,1,5,Not at intersection,3,70,Arterial Highway
T20120004971,2012-02-28,21:05:00,2,Struck Pedestrian,3,Tuesday,109,ANY MANOEUVRE INVOLVING PED NOT INCLUDED IN DCAs 100-108.,5,250135,2,0,1,0,2,3,2,5,Not at intersection,2,60,Local Road
T20120004975,2012-02-28,21:37:00,2,Struck Pedestrian,3,Tuesday,100,PED NEAR SIDE. PED HIT BY VEHICLE FROM THE RIGHT.,3,29654,1,0,0,1,1,2,1,2,T intersection,3,60,Arterial Highway
T20120004911,2012-02-28,19:20:00,4,Collision with a fixed object,3,Tuesday,171,LEFT OFF CARRIAGEWAY INTO OBJECT/PARKED VEHICLE,1,38761,1,0,1,0,0,1,1,1,Cross intersection,2,50,Arterial Other
T20120004913,2012-02-28,15:50:00,1,Collision with vehicle,3,Tuesday,113,RIGHT NEAR (INTERSECTIONS ONLY),1,55889,2,0,0,3,0,3,1,2,T intersection,3,70,Arterial Other
T20120004887,2012-02-28,12:30:00,1,Collision with vehicle,3,Tuesday,113,RIGHT NEAR (INTERSECTIONS ONLY),1,250115,2,0,0,1,1,2,2,2,T intersection,3,100,Arterial Other
T20120004828,2012-02-28,07:23:00,4,Collision with a fixed object,3,Tuesday,171,LEFT OFF CARRIAGEWAY INTO OBJECT/PARKED VEHICLE,1,250379,1,0,1,0,0,1,1,5,Not at intersection,2,80,Arterial Highway
T20120004915,2012-02-28,20:40:00,1,Collision with vehicle,3,Tuesday,130,REAR END(VEHICLES IN SAME LANE),3,250824,3,0,0,1,2,3,1,5,Not at intersection,3,80,Freeway
T20120005326,2012-02-28,08:15:00,1,Collision with vehicle,3,Tuesday,110,CROSS TRAFFIC(INTERSECTIONS ONLY),1,250156,2,0,1,0,1,2,2,1,Cross intersection,2,100,
T20120004873,2012-02-28,14:21:00,2,Struck Pedestrian,3,Tuesday,100,PED NEAR SIDE. PED HIT BY VEHICLE FROM THE RIGHT.,1,49321,1,0,1,1,0,2,2,1,Cross intersection,2,60,Arterial Other
T20120004890,2012-02-28,14:15:00,1,Collision with vehicle,3,Tuesday,134,LANE CHANGE RIGHT (NOT OVERTAKING),1,250118,2,0,0,1,1,2,1,5,Not at intersection,3,100,Freeway
T20120004872,2012-02-28,12:44:00,8,No collision and no object struck,3,Tuesday,174,OUT OF CONTROL ON CARRIAGEWAY (ON STRAIGHT),1,37833,1,0,1,0,0,1,1,1,Cross intersection,2,50,Arterial Other
T20120004916,2012-02-28,21:00:00,4,Collision with a fixed object,3,Tuesday,173,RIGHT OFF CARRIAGEWAY INTO OBJECT/PARKED VEHICLE,3,250069,1,0,0,1,0,1,1,5,Not at intersection,3,100,Arterial Highway
T20120004871,2012-02-28,12:49:00,2,Struck Pedestrian,3,Tuesday,101,PED EMERGES FROM IN FRONT OF PARKED OR STATIONARY VEHICLE,1,250084,1,0,0,1,1,2,1,5,Not at intersection,3,50,Local Road
T20120004886,2012-02-28,14:55:00,1,Collision with vehicle,3,Tuesday,110,CROSS TRAFFIC(INTERSECTIONS ONLY),1,53586,2,0,0,1,2,3,1,1,Cross intersection,3,50,Arterial Highway
T20120004860,2012-02-28,10:27:00,4,Collision with a fixed object,3,Tuesday,183,OFF LEFT BEND INTO OBJECT/PARKED VEHICLE,1,73291,3,0,0,3,1,4,1,2,T intersection,3,100,Arterial Other
T20120004902,2012-02-28,17:15:00,1,Collision with vehicle,3,Tuesday,132,RIGHT REAR.,1,55676,2,0,0,2,0,2,1,2,T intersection,3,70,Local Road
T20120004858,2012-02-28,09:00:00,1,Collision with vehicle,3,Tuesday,120,HEAD ON (NOT OVERTAKING),1,253923,2,0,0,1,1,2,1,5,Not at intersection,3,100,Arterial Highway
T20120004857,2012-02-28,07:50:00,4,Collision with a fixed object,3,Tuesday,183,OFF LEFT BEND INTO OBJECT/PARKED VEHICLE,1,251682,1,0,1,0,0,1,1,5,Not at intersection,2,80,Freeway
T20120004855,2012-02-28,08:20:00,1,Collision with vehicle,3,Tuesday,147,VEHICLE STRIKES ANOTHER VEH WHILE EMERGING FROM DRIVEWAY,1,250081,2,0,0,1,1,2,2,5,Not at intersection,3,999,Local Road
T20120004854,2012-02-28,09:15:00,2,Struck Pedestrian,3,Tuesday,102,FAR SIDE. PED HIT BY VEHICLE FROM THE LEFT,1,250080,1,0,1,0,1,2,1,5,Not at intersection,2,60,Arterial Other
T20120004842,2012-02-28,09:10:00,1,Collision with vehicle,3,Tuesday,134,LANE CHANGE RIGHT (NOT OVERTAKING),1,250079,2,0,1,0,1,2,1,5,Not at intersection,2,40,Arterial Other
T20120004840,2012-02-28,09:56:00,6,Vehicle overturned (no collision),3,Tuesday,174,OUT OF CONTROL ON CARRIAGEWAY (ON STRAIGHT),1,250011,1,0,0,1,0,1,1,4,Multiple intersection,3,80,Freeway
T20120004921,2012-02-28,15:00:00,1,Collision with vehicle,3,Tuesday,160,VEHICLE COLLIDES WITH VEHICLE PARKED ON LEFT OF ROAD,1,250070,2,0,0,1,0,1,1,5,Not at intersection,3,60,Local Road
T20120004837,2012-02-28,06:50:00,2,Struck Pedestrian,3,Tuesday,100,PED NEAR SIDE. PED HIT BY VEHICLE FROM THE RIGHT.,1,62399,1,0,0,1,1,2,2,2,T intersection,3,60,Local Road
T20120004884,2012-02-28,07:20:00,2,Struck Pedestrian,3,Tuesday,100,PED NEAR SIDE. PED HIT BY VEHICLE FROM THE RIGHT.,1,250114,1,0,1,0,1,2,1,5,Not at intersection,2,60,Arterial Other
T20120004830,2012-02-28,07:33:00,1,Collision with vehicle,3,Tuesday,113,RIGHT NEAR (INTERSECTIONS ONLY),2,29364,2,0,0,3,4,7,1,2,T intersection,3,60,Arterial Highway
T20120004928,2012-02-28,09:18:00,2,Struck Pedestrian,3,Tuesday,100,PED NEAR SIDE. PED HIT BY VEHICLE FROM THE RIGHT.,1,250083,1,0,0,2,0,2,1,5,Not at intersection,3,50,Local Road
T20120004892,2012-02-28,13:10:00,2,Struck Pedestrian,2,Tuesday,103,PED PLAYING/LYING/WORKING/STANDING ON CARRIAGEWAY.,1,250826,2,0,0,1,1,2,1,5,Not at intersection,3,50,Local Road
T20120004936,2012-02-29,08:30:00,1,Collision with vehicle,4,Wednesday,121,RIGHT THROUGH,1,36847,2,0,0,1,1,2,1,2,T intersection,3,50,Local Road
T20120004937,2012-02-29,11:30:00,2,Struck Pedestrian,4,Wednesday,107,PED ON FOOTHPATH STRUCK BY VEHENTERING/LEAVING DRIVEWAY.,1,389,1,0,1,0,1,2,1,1,Cross intersection,2,999,Arterial Other
T20120004938,2012-02-29,11:40:00,1,Collision with vehicle,4,Wednesday,130,REAR END(VEHICLES IN SAME LANE),1,227113,2,0,0,1,1,2,2,1,Cross intersection,3,80,Arterial Highway
T20120004940,2012-02-29,12:18:00,2,Struck Pedestrian,4,Wednesday,109,ANY MANOEUVRE INVOLVING PED NOT INCLUDED IN DCAs 100-108.,1,49302,1,0,0,1,1,2,1,1,Cross intersection,3,50,Local Road
T20120004942,2012-02-29,12:20:00,8,No collision and no object struck,4,Wednesday,172,OFF CARRIAGEWAY TO RIGHT,1,250122,1,0,1,0,0,1,1,5,Not at intersection,2,100,Arterial Highway
T20120004946,2012-02-29,12:45:00,1,Collision with vehicle,4,Wednesday,147,VEHICLE STRIKES ANOTHER VEH WHILE EMERGING FROM DRIVEWAY,1,70464,2,0,1,0,1,2,1,2,T intersection,2,50,Arterial Highway
T20120005578,2012-02-29,15:00:00,8,No collision and no object struck,3,Wednesday,184,OUT OF CONTROL ON CARRIAGEWAY (ON BEND),1,277099,1,0,1,0,0,1,2,5,Not at intersection,2,999,Local Road
T20120004949,2012-02-29,11:00:00,1,Collision with vehicle,4,Wednesday,130,REAR END(VEHICLES IN SAME LANE),1,39920,2,0,0,1,1,2,2,1,Cross intersection,3,70,Arterial Other
T20120004952,2012-02-29,13:10:00,4,Collision with a fixed object,4,Wednesday,171,LEFT OFF CARRIAGEWAY INTO OBJECT/PARKED VEHICLE,1,250131,1,0,1,0,0,1,1,5,Not at intersection,2,100,
T20120004956,2012-02-29,09:17:00,1,Collision with vehicle,4,Wednesday,130,REAR END(VEHICLES IN SAME LANE),1,57187,2,0,1,0,1,2,1,2,T intersection,2,60,Arterial Other
T20120004958,2012-02-29,04:45:00,1,Collision with vehicle,4,Wednesday,131,LEFT REAR,3,43874,2,0,0,1,1,2,2,1,Cross intersection,3,100,Arterial Highway
T20120004960,2012-02-29,14:00:00,8,No collision and no object struck,4,Wednesday,170,OFF CARRIAGEWAY TO LEFT,1,250133,1,0,1,0,0,1,1,5,Not at intersection,2,100,
T20120004964,2012-02-29,15:40:00,2,Struck Pedestrian,4,Wednesday,100,PED NEAR SIDE. PED HIT BY VEHICLE FROM THE RIGHT.,1,42636,1,0,1,0,2,3,1,2,T intersection,2,60,Local Road
T20120004965,2012-02-29,16:30:00,4,Collision with a fixed object,4,Wednesday,171,LEFT OFF CARRIAGEWAY INTO OBJECT/PARKED VEHICLE,1,250380,1,0,1,0,0,1,1,5,Not at intersection,2,100,
T20120004968,2012-02-29,06:00:00,1,Collision with vehicle,4,Wednesday,130,REAR END(VEHICLES IN SAME LANE),1,35436,2,0,0,1,1,2,2,1,Cross intersection,3,80,Arterial Other
T20120004973,2012-02-29,18:20:00,1,Collision with vehicle,4,Wednesday,121,RIGHT THROUGH,1,35468,2,0,1,1,0,2,1,2,T intersection,2,60,Arterial Other
T20120004974,2012-02-29,19:20:00,1,Collision with vehicle,4,Wednesday,143,ENTERING PARKING,1,250136,2,0,1,0,1,2,1,5,Not at intersection,2,50,Local Road
T20120004984,2012-02-29,17:35:00,1,Collision with vehicle,4,Wednesday,121,RIGHT THROUGH,1,41967,2,0,0,1,1,2,1,1,Cross intersection,3,60,Arterial Other
T20120004985,2012-02-29,17:15:00,4,Collision with a fixed object,4,Wednesday,175,OFF END OF ROAD/T-INTERSECTION.,1,234763,1,0,1,0,2,3,1,2,T intersection,2,100,Arterial Other
T20120004987,2012-02-29,18:38:00,1,Collision with vehicle,4,Wednesday,110,CROSS TRAFFIC(INTERSECTIONS ONLY),1,250140,2,0,1,0,1,2,1,1,Cross intersection,2,50,Local Road
T20120004989,2012-02-29,19:20:00,2,Struck Pedestrian,4,Wednesday,103,PED PLAYING/LYING/WORKING/STANDING ON CARRIAGEWAY.,1,250141,1,0,1,0,1,2,1,2,T intersection,2,50,Local Road
T20120004990,2012-02-29,21:40:00,1,Collision with vehicle,4,Wednesday,130,REAR END(VEHICLES IN SAME LANE),3,250142,3,0,2,3,1,6,1,5,Not at intersection,2,100,Freeway
T20120004993,2012-02-29,23:05:00,8,No collision and no object struck,4,Wednesday,174,OUT OF CONTROL ON CARRIAGEWAY (ON STRAIGHT),3,250147,1,0,0,1,0,1,1,2,T intersection,3,50,Local Road
T20120004996,2012-02-29,09:55:00,1,Collision with vehicle,4,Wednesday,131,LEFT REAR,1,35556,2,0,0,2,1,3,1,1,Cross intersection,3,60,Arterial Highway
T20120004997,2012-02-29,23:00:00,4,Collision with a fixed object,4,Wednesday,171,LEFT OFF CARRIAGEWAY INTO OBJECT/PARKED VEHICLE,5,250150,1,0,0,1,0,1,1,5,Not at intersection,3,100,Freeway
T20120005002,2012-02-29,06:20:00,1,Collision with vehicle,4,Wednesday,135,LANE CHANGE LEFT (NOT OVERTAKING),2,250151,3,0,0,1,2,3,1,5,Not at intersection,3,100,Freeway
T20120005061,2012-02-29,16:50:00,1,Collision with vehicle,4,Wednesday,147,VEHICLE STRIKES ANOTHER VEH WHILE EMERGING FROM DRIVEWAY,1,250173,2,0,1,2,0,3,1,5,Not at intersection,2,80,Arterial Other
T20120005068,2012-02-29,17:55:00,1,Collision with vehicle,4,Wednesday,130,REAR END(VEHICLES IN SAME LANE),1,52755,2,0,0,1,1,2,2,1,Cross intersection,3,50,Local Road
T20120005078,2012-02-29,18:10:00,1,Collision with vehicle,4,Wednesday,130,REAR END(VEHICLES IN SAME LANE),1,51696,2,0,0,1,2,3,2,1,Cross intersection,3,60,Arterial Highway
T20120005127,2012-02-29,18:00:00,1,Collision with vehicle,4,Wednesday,121,RIGHT THROUGH,1,238179,2,0,0,1,1,2,2,2,T intersection,3,60,Arterial Other
T20120010361,2012-02-29,14:15:00,5,collision with some other object,4,Wednesday,166,STRUCK OBJECT ON CARRIAGEWAY,1,251562,1,0,1,0,0,1,2,5,Not at intersection,2,999,
T20120005359,2012-02-29,21:20:00,1,Collision with vehicle,4,Wednesday,110,CROSS TRAFFIC(INTERSECTIONS ONLY),5,53502,2,0,0,1,4,5,2,1,Cross intersection,3,100,Arterial Other
T20120004963,2012-02-29,14:45:00,1,Collision with vehicle,4,Wednesday,147,VEHICLE STRIKES ANOTHER VEH WHILE EMERGING FROM DRIVEWAY,1,41953,2,0,0,1,1,2,1,2,T intersection,3,999,Arterial Highway
T20120004920,2012-02-29,04:10:00,4,Collision with a fixed object,4,Wednesday,173,RIGHT OFF CARRIAGEWAY INTO OBJECT/PARKED VEHICLE,3,41433,1,0,1,0,0,1,1,1,Cross intersection,2,60,Arterial Other
T20120004929,2012-02-29,09:00:00,1,Collision with vehicle,4,Wednesday,110,CROSS TRAFFIC(INTERSECTIONS ONLY),1,38642,2,0,1,0,3,4,1,1,Cross intersection,2,50,Local Road
T20120004930,2012-02-29,09:55:00,1,Collision with vehicle,4,Wednesday,131,LEFT REAR,1,39785,2,0,0,1,1,2,1,1,Cross intersection,3,70,Arterial Other
T20120005267,2012-03-01,11:00:00,2,Struck Pedestrian,5,Thursday,109,ANY MANOEUVRE INVOLVING PED NOT INCLUDED IN DCAs 100-108.,1,250213,1,0,0,1,1,2,2,2,T intersection,3,50,Local Road
T20120005085,2012-03-01,18:36:00,1,Collision with vehicle,5,Thursday,130,REAR END(VEHICLES IN SAME LANE),1,250181,3,0,0,1,2,3,1,5,Not at intersection,3,80,Arterial Other
T20120005087,2012-03-01,18:20:00,1,Collision with vehicle,5,Thursday,121,RIGHT THROUGH,1,43282,2,0,0,5,0,5,1,1,Cross intersection,3,80,Arterial Other
T20120018023,2012-03-01,10:30:00,1,Collision with vehicle,4,Thursday,130,REAR END(VEHICLES IN SAME LANE),1,29449,2,0,0,1,1,2,2,2,T intersection,3,80,Arterial Other
T20120005549,2012-03-01,16:00:00,1,Collision with vehicle,5,Thursday,130,REAR END(VEHICLES IN SAME LANE),2,29864,5,0,0,2,3,5,2,4,Multiple intersection,3,999,Arterial Other
T20120005133,2012-03-01,12:15:00,1,Collision with vehicle,5,Thursday,152,PULLING OUT (OVERTAKING),1,250207,2,0,0,1,1,2,2,5,Not at intersection,3,50,Local Road
T20120005011,2012-03-01,07:30:00,1,Collision with vehicle,5,Thursday,142,LEAVING PARKING,3,250980,2,0,0,1,1,2,2,5,Not at intersection,3,70,Arterial Other
T20120006380,2012-03-01,17:20:00,1,Collision with vehicle,5,Thursday,132,RIGHT REAR.,1,38895,2,0,0,1,2,3,2,2,T intersection,3,60,Arterial Other
T20120005089,2012-03-01,15:50:00,1,Collision with vehicle,5,Thursday,110,CROSS TRAFFIC(INTERSECTIONS ONLY),1,61054,3,0,2,1,1,4,1,1,Cross intersection,2,50,Local Road
T20120005013,2012-03-01,09:00:00,8,No collision and no object struck,5,Thursday,174,OUT OF CONTROL ON CARRIAGEWAY (ON STRAIGHT),1,37349,1,0,1,0,0,1,1,2,T intersection,2,60,Arterial Other
T20120005095,2012-03-01,18:20:00,4,Collision with a fixed object,5,Thursday,181,OFF RIGHT BEND INTO OBJECT/PARKED VEHICLE,1,250200,1,0,0,3,0,3,1,5,Not at intersection,3,100,Arterial Other
T20120005101,2012-03-01,21:45:00,1,Collision with vehicle,5,Thursday,110,CROSS TRAFFIC(INTERSECTIONS ONLY),3,40202,2,0,1,3,2,6,1,1,Cross intersection,2,60,Arterial Other
T20120005096,2012-03-01,20:00:00,1,Collision with vehicle,5,Thursday,132,RIGHT REAR.,5,254400,2,0,1,0,5,6,1,2,T intersection,2,100,Arterial Other
T20120005009,2012-03-01,06:30:00,1,Collision with vehicle,5,Thursday,130,REAR END(VEHICLES IN SAME LANE),2,39132,2,0,0,1,1,2,1,2,T intersection,3,70,Arterial Other
T20120009548,2012-03-01,08:40:00,1,Collision with vehicle,5,Thursday,112,LEFT FAR (INTERSECTIONS ONLY),1,10592,2,0,0,1,1,2,2,1,Cross intersection,3,70,Arterial Highway
T20120006175,2012-03-01,06:30:00,1,Collision with vehicle,5,Thursday,130,REAR END(VEHICLES IN SAME LANE),2,250856,3,0,0,1,2,3,2,5,Not at intersection,3,100,Freeway
T20120007531,2012-03-01,12:00:00,1,Collision with vehicle,5,Thursday,130,REAR END(VEHICLES IN SAME LANE),1,250926,2,0,0,1,1,2,2,5,Not at intersection,3,60,Arterial Other
T20120005090,2012-03-01,18:30:00,6,Vehicle overturned (no collision),5,Thursday,170,OFF CARRIAGEWAY TO LEFT,2,250197,1,0,1,0,0,1,1,5,Not at intersection,2,70,Arterial Other
T20120011771,2012-03-01,08:35:00,1,Collision with vehicle,5,Thursday,130,REAR END(VEHICLES IN SAME LANE),9,51620,2,0,0,1,1,2,2,1,Cross intersection,3,999,Arterial Other
T20120005093,2012-03-01,15:52:00,2,Struck Pedestrian,5,Thursday,102,FAR SIDE. PED HIT BY VEHICLE FROM THE LEFT,1,250199,1,0,1,1,0,2,1,5,Not at intersection,2,50,Local Road
T20120005098,2012-03-01,21:05:00,1,Collision with vehicle,5,Thursday,121,RIGHT THROUGH,3,48173,2,0,1,0,1,2,1,2,T intersection,2,80,Arterial Other
T20120005014,2012-03-01,07:50:00,4,Collision with a fixed object,5,Thursday,181,OFF RIGHT BEND INTO OBJECT/PARKED VEHICLE,1,250157,1,0,0,1,0,1,1,5,Not at intersection,3,100,Arterial Other
T20120005015,2012-03-01,08:45:00,4,Collision with a fixed object,5,Thursday,181,OFF RIGHT BEND INTO OBJECT/PARKED VEHICLE,1,250158,1,0,0,1,0,1,1,5,Not at intersection,3,80,Arterial Other
T20120005018,2012-03-01,08:40:00,1,Collision with vehicle,5,Thursday,132,RIGHT REAR.,1,51615,2,0,0,2,1,3,1,2,T intersection,3,60,Arterial Highway
T20120005019,2012-03-01,08:30:00,1,Collision with vehicle,5,Thursday,113,RIGHT NEAR (INTERSECTIONS ONLY),1,71650,2,0,1,1,0,2,1,2,T intersection,2,80,Arterial Other
T20120005026,2012-03-01,09:00:00,1,Collision with vehicle,5,Thursday,120,HEAD ON (NOT OVERTAKING),1,250162,2,0,0,2,1,3,1,5,Not at intersection,3,60,Arterial Other
T20120005032,2012-03-01,09:03:00,1,Collision with vehicle,5,Thursday,140,U TURN,1,251129,2,0,0,1,1,2,1,5,Not at intersection,3,60,Local Road
T20120005033,2012-03-01,09:15:00,1,Collision with vehicle,5,Thursday,110,CROSS TRAFFIC(INTERSECTIONS ONLY),1,29366,2,0,0,1,1,2,1,1,Cross intersection,3,80,Local Road
T20120005034,2012-03-01,07:30:00,4,Collision with a fixed object,5,Thursday,181,OFF RIGHT BEND INTO OBJECT/PARKED VEHICLE,1,250163,1,0,0,1,0,1,1,5,Not at intersection,3,100,Local Road
T20120005041,2012-03-01,11:05:00,4,Collision with a fixed object,5,Thursday,173,RIGHT OFF CARRIAGEWAY INTO OBJECT/PARKED VEHICLE,1,250166,1,0,0,1,0,1,1,5,Not at intersection,3,60,Local Road
T20120005046,2012-03-01,12:19:00,1,Collision with vehicle,5,Thursday,130,REAR END(VEHICLES IN SAME LANE),1,40282,2,0,0,1,1,2,2,1,Cross intersection,3,60,Arterial Other
T20120005104,2012-03-01,23:00:00,4,Collision with a fixed object,5,Thursday,173,RIGHT OFF CARRIAGEWAY INTO OBJECT/PARKED VEHICLE,5,254302,1,0,2,0,0,2,1,5,Not at intersection,2,80,Local Road
T20120005047,2012-03-01,11:00:00,1,Collision with vehicle,5,Thursday,111,RIGHT FAR (INTERSECTIONS ONLY),1,250167,2,0,0,1,1,2,1,4,Multiple intersection,3,110,Freeway
T20120005063,2012-03-01,13:00:00,4,Collision with a fixed object,5,Thursday,171,LEFT OFF CARRIAGEWAY INTO OBJECT/PARKED VEHICLE,1,42951,2,0,0,1,0,1,1,1,Cross intersection,3,60,Arterial Other
T20120005066,2012-03-01,13:55:00,1,Collision with vehicle,5,Thursday,110,CROSS TRAFFIC(INTERSECTIONS ONLY),1,10986,2,0,0,1,1,2,1,1,Cross intersection,3,40,Arterial Other
T20120005054,2012-03-01,09:00:00,1,Collision with vehicle,5,Thursday,134,LANE CHANGE RIGHT (NOT OVERTAKING),1,250170,2,0,0,1,1,2,2,5,Not at intersection,3,999,Arterial Highway
T20120005083,2012-03-01,18:35:00,1,Collision with vehicle,5,Thursday,120,HEAD ON (NOT OVERTAKING),1,250180,2,0,0,1,1,2,1,5,Not at intersection,3,50,Local Road
T20120005069,2012-03-01,15:20:00,1,Collision with vehicle,5,Thursday,120,HEAD ON (NOT OVERTAKING),1,250910,2,0,1,0,1,2,1,2,T intersection,2,50,Local Road
T20120005075,2012-03-01,13:10:00,4,Collision with a fixed object,5,Thursday,183,OFF LEFT BEND INTO OBJECT/PARKED VEHICLE,1,250382,1,0,2,1,0,3,1,2,T intersection,2,60,Local Road
T20120007872,2012-03-01,14:00:00,1,Collision with vehicle,5,Thursday,130,REAR END(VEHICLES IN SAME LANE),1,251004,2,0,0,1,1,2,2,5,Not at intersection,3,100,Arterial Other
T20120005076,2012-03-01,11:25:00,4,Collision with a fixed object,5,Thursday,173,RIGHT OFF CARRIAGEWAY INTO OBJECT/PARKED VEHICLE,1,253242,3,0,1,0,4,5,1,5,Not at intersection,2,100,Freeway
T20120005438,2012-03-01,10:40:00,1,Collision with vehicle,5,Thursday,130,REAR END(VEHICLES IN SAME LANE),1,251536,2,0,1,0,1,2,2,5,Not at intersection,2,999,Freeway
T20120005081,2012-03-01,14:35:00,4,Collision with a fixed object,5,Thursday,173,RIGHT OFF CARRIAGEWAY INTO OBJECT/PARKED VEHICLE,1,354458,1,0,1,0,1,2,1,5,Not at intersection,2,110,Freeway
T20120005082,2012-03-01,17:30:00,4,Collision with a fixed object,5,Thursday,171,LEFT OFF CARRIAGEWAY INTO OBJECT/PARKED VEHICLE,1,43619,1,0,0,1,0,1,1,2,T intersection,3,50,Local Road
T20120005488,2012-03-02,18:15:00,1,Collision with vehicle,6,Friday,163,VEHICLE STRIKES DOOR OF PARKED/STATIONARY VEHICLE,1,251372,2,0,0,1,1,2,2,5,Not at intersection,3,60,Arterial Other
T20120005143,2012-03-02,10:15:00,1,Collision with vehicle,6,Friday,130,REAR END(VEHICLES IN SAME LANE),1,250210,2,0,0,1,1,2,1,5,Not at intersection,3,80,Arterial Highway
T20120005140,2012-03-02,12:50:00,1,Collision with vehicle,6,Friday,132,RIGHT REAR.,1,250911,2,0,1,0,1,2,1,5,Not at intersection,2,50,Local Road