ACCIDENT_NO,ACCIDENT_DATE,ACCIDENT_TIME,ACCIDENT_TYPE,ACCIDENT_TYPE_DESC,DAY_OF_WEEK,DAY_WEEK_DESC,DCA_CODE,DCA_DESC,LIGHT_CONDITION,NODE_ID,NO_OF_VEHICLES,NO_PERSONS_KILLED,NO_PERSONS_INJ_2,NO_PERSONS_INJ_3,NO_PERSONS_NOT_INJ,NO_PERSONS,POLICE_ATTEND,ROAD_GEOMETRY,ROAD_GEOMETRY_DESC,SEVERITY,SPEED_ZONE,RMA
T20120005112,2012-03-02,07:45:00,8,No collision and no object struck,6,Friday,174,OUT OF CONTROL ON CARRIAGEWAY (ON STRAIGHT),1,246456,1,0,1,0,0,1,1,2,T intersection,2,60,Arterial Other
T20120005357,2012-03-02,18:43:00,8,No collision and no object struck,6,Friday,174,OUT OF CONTROL ON CARRIAGEWAY (ON STRAIGHT),1,250174,2,0,0,1,2,3,1,2,T intersection,3,50,Local Road
T20120005169,2012-03-02,18:20:00,6,Vehicle overturned (no collision),6,Friday,174,OUT OF CONTROL ON CARRIAGEWAY (ON STRAIGHT),1,250091,1,0,1,0,0,1,1,5,Not at intersection,2,50,Local Road
T20120005121,2012-03-02,09:10:00,1,Collision with vehicle,6,Friday,113,RIGHT NEAR (INTERSECTIONS ONLY),1,46644,2,0,0,1,1,2,1,2,T intersection,3,60,Local Road
T20120005114,2012-03-02,07:30:00,2,Struck Pedestrian,6,Friday,102,FAR SIDE. PED HIT BY VEHICLE FROM THE LEFT,1,250202,1,0,0,1,1,2,1,5,Not at intersection,3,60,Arterial Other
T20120005111,2012-03-02,07:20:00,2,Struck Pedestrian,6,Friday,100,PED NEAR SIDE. PED HIT BY VEHICLE FROM THE RIGHT.,1,45975,1,0,0,1,1,2,1,2,T intersection,3,999,Arterial Highway
T20120005103,2012-03-02,00:00:00,6,Vehicle overturned (no collision),6,Friday,175,OFF END OF ROAD/T-INTERSECTION.,5,250201,1,0,0,1,0,1,1,2,T intersection,3,100,Local Road
T20120005197,2012-03-02,23:35:00,1,Collision with vehicle,6,Friday,130,REAR END(VEHICLES IN SAME LANE),4,37491,2,0,0,3,0,3,1,1,Cross intersection,3,50,Arterial Other
T20120005116,2012-03-02,07:34:00,1,Collision with vehicle,6,Friday,130,REAR END(VEHICLES IN SAME LANE),1,56017,3,0,0,1,2,3,1,2,T intersection,3,70,Arterial Other
T20120005189,2012-03-02,21:27:00,1,Collision with vehicle,6,Friday,121,RIGHT THROUGH,3,35656,2,0,1,3,2,6,1,1,Cross intersection,2,60,Arterial Highway
T20120005168,2012-03-02,18:00:00,1,Collision with vehicle,6,Friday,121,RIGHT THROUGH,1,42410,3,0,0,1,3,4,1,2,T intersection,3,60,Arterial Other
T20120005167,2012-03-02,17:30:00,1,Collision with vehicle,6,Friday,140,U TURN,1,250383,3,0,0,2,0,2,1,5,Not at intersection,3,50,Local Road
T20120005187,2012-03-02,20:20:00,8,No collision and no object struck,6,Friday,174,OUT OF CONTROL ON CARRIAGEWAY (ON STRAIGHT),3,252884,1,0,1,0,0,1,1,5,Not at intersection,2,70,Arterial Other
T20120005185,2012-03-02,21:45:00,1,Collision with vehicle,6,Friday,111,RIGHT FAR (INTERSECTIONS ONLY),3,47837,2,0,0,3,1,4,1,4,Multiple intersection,3,70,Freeway
T20120005183,2012-03-02,18:30:00,4,Collision with a fixed object,6,Friday,171,LEFT OFF CARRIAGEWAY INTO OBJECT/PARKED VEHICLE,1,250099,1,0,1,0,0,1,1,5,Not at intersection,2,110,Freeway
T20120005181,2012-03-02,16:00:00,1,Collision with vehicle,6,Friday,149,OTHER MANOEUVRING NOT INCLUDED IN DCAs 140-148,1,250098,2,0,0,1,1,2,1,5,Not at intersection,3,50,Local Road
T20120005180,2012-03-02,19:20:00,2,Struck Pedestrian,6,Friday,109,ANY MANOEUVRE INVOLVING PED NOT INCLUDED IN DCAs 100-108.,1,250096,1,0,0,2,0,2,1,5,Not at intersection,3,40,
T20120007865,2012-03-02,21:45:00,1,Collision with vehicle,5,Friday,142,LEAVING PARKING,3,609195,2,0,1,0,2,3,2,5,Not at intersection,2,60,Arterial Other
T20120005117,2012-03-02,09:00:00,1,Collision with vehicle,6,Friday,134,LANE CHANGE RIGHT (NOT OVERTAKING),1,252883,2,0,0,1,1,2,1,5,Not at intersection,3,60,Freeway
T20120005178,2012-03-02,18:20:00,1,Collision with vehicle,6,Friday,163,VEHICLE STRIKES DOOR OF PARKED/STATIONARY VEHICLE,1,250095,2,0,0,1,2,3,1,5,Not at intersection,3,60,Arterial Other
T20120008606,2012-03-02,19:20:00,1,Collision with vehicle,6,Friday,148,VEHICLE OFF FOOTPATH STRIKES VEH ON CARRIAGEWAY,2,252185,2,0,0,1,1,2,2,5,Not at intersection,3,50,Local Road
T20120005128,2012-03-02,05:15:00,6,Vehicle overturned (no collision),6,Friday,170,OFF CARRIAGEWAY TO LEFT,5,250205,1,0,1,0,0,1,1,5,Not at intersection,2,100,Arterial Highway
T20120005590,2012-03-02,13:30:00,2,Struck Pedestrian,6,Friday,109,ANY MANOEUVRE INVOLVING PED NOT INCLUDED IN DCAs 100-108.,1,251130,1,0,0,1,1,2,2,5,Not at intersection,3,50,Local Road
T20120005539,2012-03-02,07:20:00,5,collision with some other object,6,Friday,198,OTHER ACCIDENTS NOT CLASSIFIABLE ELSEWHERE,1,250266,1,0,1,0,0,1,1,5,Not at intersection,2,60,Local Road
T20120025453,2012-03-02,18:30:00,7,Fall from or in moving vehicle,6,Friday,174,OUT OF CONTROL ON CARRIAGEWAY (ON STRAIGHT),9,254707,1,0,0,1,0,1,2,5,Not at intersection,3,50,Local Road
T20120005166,2012-03-02,15:20:00,1,Collision with vehicle,6,Friday,130,REAR END(VEHICLES IN SAME LANE),1,29915,4,0,1,0,6,7,1,4,Multiple intersection,2,80,Freeway
T20120005165,2012-03-02,16:24:00,1,Collision with vehicle,6,Friday,113,RIGHT NEAR (INTERSECTIONS ONLY),1,43263,2,0,1,0,1,2,1,2,T intersection,2,60,Local Road
T20120005162,2012-03-02,15:50:00,1,Collision with vehicle,6,Friday,110,CROSS TRAFFIC(INTERSECTIONS ONLY),1,36852,2,0,0,1,1,2,1,1,Cross intersection,3,50,Arterial Other
T20120005161,2012-03-02,14:50:00,1,Collision with vehicle,6,Friday,121,RIGHT THROUGH,1,58010,2,0,2,0,0,2,1,1,Cross intersection,2,80,Arterial Highway
T20120005131,2012-03-02,10:50:00,1,Collision with vehicle,6,Friday,147,VEHICLE STRIKES ANOTHER VEH WHILE EMERGING FROM DRIVEWAY,1,250206,2,0,0,2,1,3,1,5,Not at intersection,3,100,Arterial Other
T20120005441,2012-03-02,23:00:00,1,Collision with vehicle,6,Friday,160,VEHICLE COLLIDES WITH VEHICLE PARKED ON LEFT OF ROAD,3,250672,2,0,1,0,1,2,1,5,Not at intersection,2,60,Local Road
T20120005413,2012-03-02,20:15:00,1,Collision with vehicle,6,Friday,113,RIGHT NEAR (INTERSECTIONS ONLY),3,43944,2,0,2,0,1,3,1,1,Cross intersection,2,100,Arterial Highway
T20120005174,2012-03-02,18:25:00,1,Collision with vehicle,6,Friday,130,REAR END(VEHICLES IN SAME LANE),1,250092,4,0,0,3,2,5,1,5,Not at intersection,3,70,Arterial Highway
T20120006482,2012-03-02,09:30:00,1,Collision with vehicle,6,Friday,143,ENTERING PARKING,1,250501,2,0,0,1,1,2,1,5,Not at intersection,3,999,Local Road
T20120005372,2012-03-02,11:28:00,1,Collision with vehicle,6,Friday,130,REAR END(VEHICLES IN SAME LANE),1,250179,2,0,0,1,1,2,1,2,T intersection,3,80,Arterial Highway
T20120005160,2012-03-02,15:20:00,4,Collision with a fixed object,6,Friday,181,OFF RIGHT BEND INTO OBJECT/PARKED VEHICLE,1,250212,1,0,1,0,0,1,1,5,Not at intersection,2,60,Arterial Other
T20120005158,2012-03-02,15:40:00,1,Collision with vehicle,6,Friday,121,RIGHT THROUGH,1,29666,2,0,1,0,2,3,1,1,Cross intersection,2,70,Arterial Other
T20120005120,2012-03-02,08:30:00,2,Struck Pedestrian,6,Friday,100,PED NEAR SIDE. PED HIT BY VEHICLE FROM THE RIGHT.,1,250204,1,0,0,2,1,3,1,5,Not at intersection,3,40,Arterial Other
T20120005155,2012-03-02,14:45:00,4,Collision with a fixed object,6,Friday,183,OFF LEFT BEND INTO OBJECT/PARKED VEHICLE,1,250211,1,0,1,0,0,1,1,5,Not at intersection,2,100,
T20120015033,2012-03-02,17:30:00,1,Collision with vehicle,6,Friday,140,U TURN,1,36153,2,0,0,2,1,3,2,2,T intersection,3,50,Local Road
T20120005278,2012-03-03,22:55:00,4,Collision with a fixed object,7,Saturday,171,LEFT OFF CARRIAGEWAY INTO OBJECT/PARKED VEHICLE,3,62998,1,0,0,1,0,1,1,2,T intersection,3,60,Arterial Highway
T20120005375,2012-03-03,22:00:00,1,Collision with vehicle,7,Saturday,130,REAR END(VEHICLES IN SAME LANE),3,36570,2,0,0,2,2,4,2,2,T intersection,3,40,Local Road
T20120005283,2012-03-03,02:00:00,4,Collision with a fixed object,7,Saturday,164,PERMANENT OBSTRUCTION ON CARRIAGEWAY,5,254606,1,0,3,0,0,3,1,5,Not at intersection,2,100,Local Road
T20120005290,2012-03-03,23:50:00,1,Collision with vehicle,7,Saturday,160,VEHICLE COLLIDES WITH VEHICLE PARKED ON LEFT OF ROAD,3,250230,2,0,0,1,0,1,1,5,Not at intersection,3,50,Arterial Other
T20120005294,2012-03-03,03:00:00,1,Collision with vehicle,7,Saturday,139,OTHER SAME DIRECTION-MANOUEVRES NOT INCLUDED IN DCAs 130-137,3,354462,2,0,1,0,3,4,1,2,T intersection,2,80,Arterial Other
T20120005302,2012-03-03,17:05:00,4,Collision with a fixed object,7,Saturday,181,OFF RIGHT BEND INTO OBJECT/PARKED VEHICLE,1,250145,1,0,0,2,2,4,1,5,Not at intersection,3,100,Arterial Other
T20120005216,2012-03-03,12:45:00,6,Vehicle overturned (no collision),7,Saturday,172,OFF CARRIAGEWAY TO RIGHT,1,250113,1,0,0,1,0,1,1,5,Not at intersection,3,80,Arterial Highway
T20120005729,2012-03-03,18:30:00,4,Collision with a fixed object,7,Saturday,181,OFF RIGHT BEND INTO OBJECT/PARKED VEHICLE,2,250322,1,0,0,1,1,2,2,5,Not at intersection,3,999,Local Road
T20120005384,2012-03-03,14:30:00,1,Collision with vehicle,7,Saturday,130,REAR END(VEHICLES IN SAME LANE),1,250186,3,0,0,1,3,4,2,5,Not at intersection,3,60,Arterial Highway
T20120009343,2012-03-03,10:00:00,6,Vehicle overturned (no collision),7,Saturday,182,OFF CARRIAGEWAY ON LEFT BEND,1,251310,1,0,0,1,0,1,1,5,Not at intersection,3,80,Local Road
T20120011493,2012-03-03,19:30:00,1,Collision with vehicle,7,Saturday,163,VEHICLE STRIKES DOOR OF PARKED/STATIONARY VEHICLE,3,47107,2,0,0,1,1,2,2,1,Cross intersection,3,50,Arterial Other
T20120005268,2012-03-03,03:30:00,4,Collision with a fixed object,7,Saturday,173,RIGHT OFF CARRIAGEWAY INTO OBJECT/PARKED VEHICLE,6,250137,1,0,1,0,0,1,1,5,Not at intersection,2,100,Arterial Other
T20120005269,2012-03-03,09:12:00,1,Collision with vehicle,7,Saturday,111,RIGHT FAR (INTERSECTIONS ONLY),1,11452,2,0,0,1,1,2,1,4,Multiple intersection,3,60,Freeway
T20120005205,2012-03-03,09:25:00,2,Struck Pedestrian,7,Saturday,102,FAR SIDE. PED HIT BY VEHICLE FROM THE LEFT,1,250105,1,0,1,0,1,2,1,5,Not at intersection,2,60,Arterial Other
T20120005200,2012-03-03,06:35:00,1,Collision with vehicle,7,Saturday,139,OTHER SAME DIRECTION-MANOUEVRES NOT INCLUDED IN DCAs 130-137,3,250104,3,0,1,0,2,3,1,5,Not at intersection,2,80,Arterial Other
T20120005199,2012-03-03,06:15:00,1,Collision with vehicle,7,Saturday,121,RIGHT THROUGH,3,38419,2,0,1,0,1,2,1,2,T intersection,2,80,Arterial Highway
T20120005196,2012-03-03,01:15:00,1,Collision with vehicle,7,Saturday,116,LEFT NEAR (INTERSECTIONS ONLY),3,45024,2,0,1,0,1,2,1,2,T intersection,2,60,Arterial Other
T20120005195,2012-03-03,01:50:00,7,Fall from or in moving vehicle,7,Saturday,190,FELL IN/FROM VEHICLE,3,250101,1,0,1,0,1,2,1,5,Not at intersection,2,80,Arterial Highway
T20120005234,2012-03-03,08:10:00,4,Collision with a fixed object,7,Saturday,171,LEFT OFF CARRIAGEWAY INTO OBJECT/PARKED VEHICLE,1,250117,1,0,0,1,0,1,1,5,Not at intersection,3,90,Arterial Other
T20120005260,2012-03-03,18:46:00,2,Struck Pedestrian,7,Saturday,100,PED NEAR SIDE. PED HIT BY VEHICLE FROM THE RIGHT.,1,250385,1,0,0,1,1,2,1,5,Not at intersection,3,60,Arterial Other
T20120005240,2012-03-03,13:10:00,4,Collision with a fixed object,7,Saturday,173,RIGHT OFF CARRIAGEWAY INTO OBJECT/PARKED VEHICLE,1,250120,3,0,1,0,2,3,1,5,Not at intersection,2,110,Freeway
T20120005241,2012-03-03,15:10:00,4,Collision with a fixed object,7,Saturday,173,RIGHT OFF CARRIAGEWAY INTO OBJECT/PARKED VEHICLE,1,252176,1,0,0,1,0,1,1,5,Not at intersection,3,100,Arterial Other
T20120005246,2012-03-03,17:00:00,4,Collision with a fixed object,7,Saturday,171,LEFT OFF CARRIAGEWAY INTO OBJECT/PARKED VEHICLE,2,250123,1,0,0,1,1,2,1,5,Not at intersection,3,60,Local Road
T20120005249,2012-03-03,18:00:00,2,Struck Pedestrian,7,Saturday,108,PED STRUCK WALKING TO/FROM OR BOARDING/ALIGHTING VEHICLE.,2,250124,1,0,0,1,1,2,2,5,Not at intersection,3,40,Local Road
T20120005250,2012-03-03,18:45:00,4,Collision with a fixed object,7,Saturday,171,LEFT OFF CARRIAGEWAY INTO OBJECT/PARKED VEHICLE,1,53398,1,0,0,2,0,2,1,4,Multiple intersection,3,80,Freeway
T20120005253,2012-03-03,17:00:00,1,Collision with vehicle,7,Saturday,130,REAR END(VEHICLES IN SAME LANE),2,250127,2,0,0,1,2,3,1,5,Not at intersection,3,100,Freeway
T20120005254,2012-03-03,15:10:00,1,Collision with vehicle,7,Saturday,130,REAR END(VEHICLES IN SAME LANE),1,45063,4,0,1,1,2,4,1,2,T intersection,2,60,Arterial Other
T20120005255,2012-03-03,15:40:00,2,Struck Pedestrian,7,Saturday,102,FAR SIDE. PED HIT BY VEHICLE FROM THE LEFT,1,44939,1,0,1,0,1,2,1,1,Cross intersection,2,60,Arterial Other
T20120005256,2012-03-03,17:10:00,6,Vehicle overturned (no collision),7,Saturday,172,OFF CARRIAGEWAY TO RIGHT,2,250130,1,0,2,0,0,2,1,5,Not at intersection,2,80,Local Road
T20120005264,2012-03-03,20:50:00,2,Struck Pedestrian,7,Saturday,102,FAR SIDE. PED HIT BY VEHICLE FROM THE LEFT,3,39558,1,0,0,1,1,2,1,1,Cross intersection,3,70,Arterial Highway
T20120005236,2012-03-03,15:40:00,1,Collision with vehicle,7,Saturday,110,CROSS TRAFFIC(INTERSECTIONS ONLY),1,44220,2,0,1,0,8,9,1,1,Cross intersection,2,60,Arterial Other
T20120005209,2012-03-03,09:34:00,1,Collision with vehicle,7,Saturday,130,REAR END(VEHICLES IN SAME LANE),1,244862,2,0,0,1,3,4,1,4,Multiple intersection,3,80,Freeway
T20120005210,2012-03-03,08:45:00,8,No collision and no object struck,7,Saturday,174,OUT OF CONTROL ON CARRIAGEWAY (ON STRAIGHT),1,250109,1,0,1,0,0,1,1,5,Not at intersection,2,60,Local Road
T20120005212,2012-03-03,11:38:00,1,Collision with vehicle,7,Saturday,111,RIGHT FAR (INTERSECTIONS ONLY),1,38987,2,0,0,2,1,3,1,1,Cross intersection,3,60,Arterial Other
T20120005213,2012-03-03,06:00:00,4,Collision with a fixed object,7,Saturday,171,LEFT OFF CARRIAGEWAY INTO OBJECT/PARKED VEHICLE,5,250111,1,0,0,1,0,1,1,5,Not at intersection,3,100,Local Road
T20120005214,2012-03-03,10:40:00,1,Collision with vehicle,7,Saturday,121,RIGHT THROUGH,1,250112,2,0,0,1,1,2,1,5,Not at intersection,3,999,
T20120005215,2012-03-03,11:30:00,1,Collision with vehicle,7,Saturday,121,RIGHT THROUGH,1,43979,2,0,1,0,2,3,1,2,T intersection,2,80,Arterial Highway
T20120005220,2012-03-03,09:00:00,4,Collision with a fixed object,7,Saturday,171,LEFT OFF CARRIAGEWAY INTO OBJECT/PARKED VEHICLE,1,43973,1,0,1,0,0,1,1,2,T intersection,2,70,Arterial Highway
T20120005222,2012-03-03,10:35:00,1,Collision with vehicle,7,Saturday,120,HEAD ON (NOT OVERTAKING),1,110639,2,0,1,3,0,4,1,5,Not at intersection,2,60,Arterial Other
T20120005223,2012-03-03,14:00:00,4,Collision with a fixed object,7,Saturday,171,LEFT OFF CARRIAGEWAY INTO OBJECT/PARKED VEHICLE,1,52127,1,0,0,1,0,1,1,2,T intersection,3,60,Local Road
T20120005224,2012-03-03,13:05:00,1,Collision with vehicle,7,Saturday,121,RIGHT THROUGH,1,65135,2,0,0,1,1,2,1,2,T intersection,3,50,Local Road
T20120005226,2012-03-03,11:55:00,1,Collision with vehicle,7,Saturday,130,REAR END(VEHICLES IN SAME LANE),1,250229,3,0,1,3,3,7,1,5,Not at intersection,2,70,Local Road
T20120005233,2012-03-03,14:35:00,1,Collision with vehicle,7,Saturday,113,RIGHT NEAR (INTERSECTIONS ONLY),1,41418,2,0,0,1,1,2,2,2,T intersection,3,999,Arterial Highway
T20120009211,2012-03-03,12:45:00,1,Collision with vehicle,7,Saturday,160,VEHICLE COLLIDES WITH VEHICLE PARKED ON LEFT OF ROAD,1,251437,2,0,1,0,0,1,1,5,Not at intersection,2,70,Arterial Other
T20120005272,2012-03-03,21:30:00,1,Collision with vehicle,7,Saturday,160,VEHICLE COLLIDES WITH VEHICLE PARKED ON LEFT OF ROAD,3,250214,2,0,0,1,0,1,1,5,Not at intersection,3,50,Local Road
T20120005275,2012-03-03,23:25:00,1,Collision with vehicle,7,Saturday,134,LANE CHANGE RIGHT (NOT OVERTAKING),3,41800,2,0,0,1,1,2,1,1,Cross intersection,3,70,Arterial Other
T20120005276,2012-03-03,19:20:00,1,Collision with vehicle,7,Saturday,130,REAR END(VEHICLES IN SAME LANE),1,250215,2,0,1,0,2,3,1,5,Not at intersection,2,100,Freeway
T20120005347,2012-03-04,21:00:00,1,Collision with vehicle,1,Sunday,147,VEHICLE STRIKES ANOTHER VEH WHILE EMERGING FROM DRIVEWAY,3,250165,2,0,0,1,1,2,1,5,Not at intersection,3,60,Arterial Other
T20120005321,2012-03-04,14:20:00,1,Collision with vehicle,1,Sunday,169,OTHER ON PATH,1,250154,2,0,0,1,0,1,1,2,T intersection,3,50,Local Road
T20120005332,2012-03-04,13:30:00,1,Collision with vehicle,1,Sunday,147,VEHICLE STRIKES ANOTHER VEH WHILE EMERGING FROM DRIVEWAY,1,354461,2,0,1,0,1,2,2,5,Not at intersection,2,999,Arterial Other
T20120005353,2012-03-04,21:07:00,1,Collision with vehicle,1,Sunday,113,RIGHT NEAR (INTERSECTIONS ONLY),3,29836,2,0,1,0,6,7,1,1,Cross intersection,2,80,Arterial Other
T20120005352,2012-03-04,20:40:00,1,Collision with vehicle,1,Sunday,113,RIGHT NEAR (INTERSECTIONS ONLY),3,35313,2,0,0,1,4,5,1,4,Multiple intersection,3,80,Freeway
T20120005351,2012-03-04,21:30:00,4,Collision with a fixed object,1,Sunday,141,U TURN INTO FIXED OBJECT/PARKED VEHICLE,3,250171,1,0,0,1,0,1,1,5,Not at intersection,3,60,Arterial Other
T20120005727,2012-03-04,05:00:00,6,Vehicle overturned (no collision),1,Sunday,170,OFF CARRIAGEWAY TO LEFT,1,250320,1,0,1,0,0,1,2,5,Not at intersection,2,999,Local Road
T20120005307,2012-03-04,09:15:00,1,Collision with vehicle,1,Sunday,132,RIGHT REAR.,1,250146,2,0,0,2,0,2,1,2,T intersection,3,60,Arterial Highway
T20120005348,2012-03-04,17:35:00,4,Collision with a fixed object,1,Sunday,181,OFF RIGHT BEND INTO OBJECT/PARKED VEHICLE,1,250169,1,0,0,1,0,1,1,5,Not at intersection,3,80,Local Road
T20120005336,2012-03-04,18:45:00,6,Vehicle overturned (no collision),1,Sunday,184,OUT OF CONTROL ON CARRIAGEWAY (ON BEND),1,250161,1,0,0,1,2,3,1,5,Not at intersection,3,100,Arterial Highway
T20120005338,2012-03-04,17:12:00,1,Collision with vehicle,1,Sunday,121,RIGHT THROUGH,1,56625,2,0,0,1,2,3,1,1,Cross intersection,3,70,Local Road
T20120005760,2012-03-04,12:55:00,1,Collision with vehicle,1,Sunday,130,REAR END(VEHICLES IN SAME LANE),1,250330,2,0,0,1,2,3,2,5,Not at intersection,3,999,
T20120005442,2012-03-04,02:00:00,6,Vehicle overturned (no collision),1,Sunday,182,OFF CARRIAGEWAY ON LEFT BEND,5,250241,1,0,1,1,0,2,1,5,Not at intersection,2,100,Arterial Other
T20120005279,2012-03-04,02:05:00,4,Collision with a fixed object,1,Sunday,171,LEFT OFF CARRIAGEWAY INTO OBJECT/PARKED VEHICLE,3,257702,1,0,0,1,0,1,1,5,Not at intersection,3,50,Local Road
T20120005309,2012-03-04,09:20:00,4,Collision with a fixed object,1,Sunday,183,OFF LEFT BEND INTO OBJECT/PARKED VEHICLE,1,250149,1,0,0,1,0,1,1,5,Not at intersection,3,80,Arterial Other
T20120005297,2012-03-04,04:16:00,1,Collision with vehicle,1,Sunday,160,VEHICLE COLLIDES WITH VEHICLE PARKED ON LEFT OF ROAD,3,250143,2,0,2,1,0,3,1,5,Not at intersection,2,60,Arterial Other
T20120014082,2012-03-04,07:20:00,1,Collision with vehicle,1,Sunday,160,VEHICLE COLLIDES WITH VEHICLE PARKED ON LEFT OF ROAD,2,255962,2,0,0,1,0,1,2,2,T intersection,3,50,Local Road
T20120005509,2012-03-04,21:00:00,2,Struck Pedestrian,1,Sunday,107,PED ON FOOTHPATH STRUCK BY VEHENTERING/LEAVING DRIVEWAY.,3,250255,1,0,0,1,3,4,2,5,Not at intersection,3,40,Arterial Highway
T20120005356,2012-03-04,23:30:00,1,Collision with vehicle,1,Sunday,160,VEHICLE COLLIDES WITH VEHICLE PARKED ON LEFT OF ROAD,3,42140,2,0,1,0,0,1,1,1,Cross intersection,2,60,Local Road
T20120005400,2012-03-04,22:15:00,1,Collision with vehicle,1,Sunday,121,RIGHT THROUGH,3,29508,2,0,1,0,2,3,1,1,Cross intersection,2,70,Arterial Other
T20120005486,2012-03-04,18:00:00,1,Collision with vehicle,1,Sunday,110,CROSS TRAFFIC(INTERSECTIONS ONLY),1,17552,2,0,0,2,4,6,1,1,Cross intersection,3,80,Arterial Highway
T20120005313,2012-03-04,11:47:00,2,Struck Pedestrian,1,Sunday,100,PED NEAR SIDE. PED HIT BY VEHICLE FROM THE RIGHT.,1,38935,2,0,0,2,4,6,1,2,T intersection,3,40,Arterial Other
T20120005317,2012-03-04,10:45:00,8,No collision and no object struck,1,Sunday,174,OUT OF CONTROL ON CARRIAGEWAY (ON STRAIGHT),1,250152,1,0,0,1,0,1,1,5,Not at intersection,3,999,Arterial Other
T20120005318,2012-03-04,10:30:00,2,Struck Pedestrian,1,Sunday,100,PED NEAR SIDE. PED HIT BY VEHICLE FROM THE RIGHT.,1,70828,1,0,1,0,1,2,1,1,Cross intersection,2,60,Arterial Highway
T20120005296,2012-03-04,06:00:00,4,Collision with a fixed object,1,Sunday,175,OFF END OF ROAD/T-INTERSECTION.,5,49439,1,0,1,0,0,1,2,2,T intersection,2,100,Arterial Other
T20120005293,2012-03-04,05:00:00,1,Collision with vehicle,1,Sunday,140,U TURN,3,29427,2,0,1,0,2,3,1,1,Cross intersection,2,50,Local Road
T20150001781,2012-03-04,22:30:00,2,Struck Pedestrian,0,Sunday,109,ANY MANOEUVRE INVOLVING PED NOT INCLUDED IN DCAs 100-108.,6,281303,1,0,0,1,1,2,2,5,Not at intersection,3,50,Local Road
T20120005577,2012-03-04,17:30:00,8,No collision and no object struck,1,Sunday,174,OUT OF CONTROL ON CARRIAGEWAY (ON STRAIGHT),1,37677,2,0,1,0,1,2,2,2,T intersection,2,60,Arterial Other
T20120005341,2012-03-04,17:25:00,1,Collision with vehicle,1,Sunday,130,REAR END(VEHICLES IN SAME LANE),1,252305,2,0,1,0,4,5,1,5,Not at intersection,2,60,Arterial Other
T20120005373,2012-03-04,21:20:00,1,Collision with vehicle,1,Sunday,121,RIGHT THROUGH,3,43028,2,0,0,1,1,2,1,2,T intersection,3,80,Arterial Highway
T20120005362,2012-03-04,23:35:00,4,Collision with a fixed object,1,Sunday,173,RIGHT OFF CARRIAGEWAY INTO OBJECT/PARKED VEHICLE,5,253243,1,0,1,0,0,1,1,5,Not at intersection,2,100,Arterial Highway
T20120005308,2012-03-04,08:30:00,4,Collision with a fixed object,0,Sunday,173,RIGHT OFF CARRIAGEWAY INTO OBJECT/PARKED VEHICLE,1,250148,1,0,0,1,0,1,1,5,Not at intersection,3,70,Local Road
T20120005401,2012-03-04,05:25:00,4,Collision with a fixed object,1,Sunday,171,LEFT OFF CARRIAGEWAY INTO OBJECT/PARKED VEHICLE,3,250189,1,0,0,1,0,1,1,2,T intersection,3,80,Arterial Highway
T20120005319,2012-03-04,11:30:00,8,No collision and no object struck,1,Sunday,174,OUT OF CONTROL ON CARRIAGEWAY (ON STRAIGHT),1,250153,1,0,1,0,0,1,1,5,Not at intersection,2,100,Arterial Other
T20120006085,2012-03-05,17:00:00,2,Struck Pedestrian,2,Monday,109,ANY MANOEUVRE INVOLVING PED NOT INCLUDED IN DCAs 100-108.,1,44736,1,0,0,1,1,2,2,1,Cross intersection,3,60,Arterial Other
T20120005422,2012-03-05,17:05:00,1,Collision with vehicle,2,Monday,152,PULLING OUT (OVERTAKING),1,250235,2,0,0,1,2,3,1,2,T intersection,3,100,Arterial Highway
T20120005420,2012-03-05,15:08:00,1,Collision with vehicle,2,Monday,113,RIGHT NEAR (INTERSECTIONS ONLY),1,68269,2,0,0,1,1,2,1,2,T intersection,3,60,Arterial Other
T20120005423,2012-03-05,18:05:00,1,Collision with vehicle,2,Monday,163,VEHICLE STRIKES DOOR OF PARKED/STATIONARY VEHICLE,1,29415,2,0,0,1,3,4,1,2,T intersection,3,50,Arterial Other
T20120005426,2012-03-05,17:53:00,2,Struck Pedestrian,2,Monday,100,PED NEAR SIDE. PED HIT BY VEHICLE FROM THE RIGHT.,1,19549,1,0,0,1,1,2,1,2,T intersection,3,60,Arterial Highway
T20120005386,2012-03-05,11:30:00,1,Collision with vehicle,2,Monday,113,RIGHT NEAR (INTERSECTIONS ONLY),1,71579,2,0,0,1,1,2,1,2,T intersection,3,60,Local Road
T20120005431,2012-03-05,17:20:00,1,Collision with vehicle,2,Monday,147,VEHICLE STRIKES ANOTHER VEH WHILE EMERGING FROM DRIVEWAY,1,250568,2,0,0,1,1,2,2,5,Not at intersection,3,50,Local Road
T20120005432,2012-03-05,17:42:00,1,Collision with vehicle,2,Monday,121,RIGHT THROUGH,1,250238,3,0,0,1,2,3,1,5,Not at intersection,3,80,Arterial Highway