ACCIDENT_NO,ACCIDENT_DATE,ACCIDENT_TIME,ACCIDENT_TYPE,ACCIDENT_TYPE_DESC,DAY_OF_WEEK,DAY_WEEK_DESC,DCA_CODE,DCA_DESC,LIGHT_CONDITION,NODE_ID,NO_OF_VEHICLES,NO_PERSONS_KILLED,NO_PERSONS_INJ_2,NO_PERSONS_INJ_3,NO_PERSONS_NOT_INJ,NO_PERSONS,POLICE_ATTEND,ROAD_GEOMETRY,ROAD_GEOMETRY_DESC,SEVERITY,SPEED_ZONE,RMA
T20120006539,2012-03-18,10:05:00,1,Collision with vehicle,1,Sunday,116,LEFT NEAR (INTERSECTIONS ONLY),1,48998,2,0,1,0,2,3,1,1,Cross intersection,2,70,Arterial Highway
T20120006616,2012-03-18,17:35:00,1,Collision with vehicle,1,Sunday,136,RIGHT TURN SIDESWIPE,1,56367,2,0,0,1,1,2,1,2,T intersection,3,100,Arterial Highway
T20120006559,2012-03-18,18:00:00,1,Collision with vehicle,1,Sunday,130,REAR END(VEHICLES IN SAME LANE),1,36230,2,0,0,1,2,3,1,1,Cross intersection,3,50,Arterial Other
T20120006560,2012-03-18,18:50:00,1,Collision with vehicle,1,Sunday,133,LANE SIDE SWIPE (VEHICLES IN PARALLEL LANES),1,242481,2,0,1,0,1,2,1,2,T intersection,2,60,Arterial Other
T20120006561,2012-03-18,17:20:00,1,Collision with vehicle,1,Sunday,121,RIGHT THROUGH,1,38236,2,0,0,3,1,4,1,1,Cross intersection,3,60,Arterial Highway
T20120006563,2012-03-18,14:00:00,4,Collision with a fixed object,1,Sunday,183,OFF LEFT BEND INTO OBJECT/PARKED VEHICLE,1,250594,1,0,0,1,0,1,1,5,Not at intersection,3,80,Arterial Highway
T20120006564,2012-03-18,19:55:00,1,Collision with vehicle,1,Sunday,120,HEAD ON (NOT OVERTAKING),5,250595,2,0,0,2,4,6,1,5,Not at intersection,3,70,Arterial Other
T20120006568,2012-03-18,18:10:00,4,Collision with a fixed object,1,Sunday,173,RIGHT OFF CARRIAGEWAY INTO OBJECT/PARKED VEHICLE,1,250596,1,0,0,1,0,1,1,5,Not at intersection,3,100,Arterial Other
T20120006575,2012-03-18,23:15:00,4,Collision with a fixed object,1,Sunday,171,LEFT OFF CARRIAGEWAY INTO OBJECT/PARKED VEHICLE,3,39539,2,1,0,0,1,2,1,2,T intersection,1,70,Arterial Other
T20120007022,2012-03-18,23:00:00,2,Struck Pedestrian,1,Sunday,108,PED STRUCK WALKING TO/FROM OR BOARDING/ALIGHTING VEHICLE.,5,250627,1,0,0,1,1,2,2,5,Not at intersection,3,50,Local Road
T20120006540,2012-03-18,10:45:00,1,Collision with vehicle,1,Sunday,160,VEHICLE COLLIDES WITH VEHICLE PARKED ON LEFT OF ROAD,1,250542,3,0,1,0,1,2,1,5,Not at intersection,2,110,Freeway
T20120006758,2012-03-18,23:46:00,4,Collision with a fixed object,1,Sunday,171,LEFT OFF CARRIAGEWAY INTO OBJECT/PARKED VEHICLE,3,250649,1,0,0,1,0,1,1,2,T intersection,3,50,Local Road
T20120006553,2012-03-18,05:40:00,1,Collision with vehicle,1,Sunday,119,OTHER ADJACENT (INTERSECTIONS ONLY),3,57280,2,0,0,1,1,2,2,2,T intersection,3,60,Arterial Highway
T20120006552,2012-03-18,13:00:00,1,Collision with vehicle,1,Sunday,131,LEFT REAR,1,35596,2,0,0,2,1,3,2,1,Cross intersection,3,80,Arterial Highway
T20120006511,2012-03-18,01:20:00,4,Collision with a fixed object,1,Sunday,151,OUT OF CONTROL (OVERTAKING),3,250521,1,0,1,0,0,1,1,5,Not at intersection,2,100,Freeway
T20120006513,2012-03-18,00:01:00,4,Collision with a fixed object,1,Sunday,173,RIGHT OFF CARRIAGEWAY INTO OBJECT/PARKED VEHICLE,5,250522,1,0,2,2,0,4,1,2,T intersection,2,100,Arterial Other
T20120006515,2012-03-18,00:40:00,1,Collision with vehicle,0,Sunday,113,RIGHT NEAR (INTERSECTIONS ONLY),3,277646,2,0,2,0,1,3,1,2,T intersection,2,50,Local Road
T20120006550,2012-03-18,12:05:00,8,No collision and no object struck,1,Sunday,174,OUT OF CONTROL ON CARRIAGEWAY (ON STRAIGHT),1,250551,1,0,1,0,0,1,1,1,Cross intersection,2,100,Local Road
T20120006545,2012-03-18,11:23:00,1,Collision with vehicle,1,Sunday,147,VEHICLE STRIKES ANOTHER VEH WHILE EMERGING FROM DRIVEWAY,1,251882,3,0,1,0,3,4,1,5,Not at intersection,2,80,Arterial Other
T20120006549,2012-03-18,13:27:00,1,Collision with vehicle,1,Sunday,130,REAR END(VEHICLES IN SAME LANE),1,250549,4,0,0,2,3,5,1,5,Not at intersection,3,60,Arterial Other
T20120006546,2012-03-18,12:00:00,1,Collision with vehicle,1,Sunday,160,VEHICLE COLLIDES WITH VEHICLE PARKED ON LEFT OF ROAD,1,250547,2,0,1,0,0,1,2,2,T intersection,2,60,Arterial Other
T20120006534,2012-03-18,09:15:00,1,Collision with vehicle,1,Sunday,113,RIGHT NEAR (INTERSECTIONS ONLY),1,42891,2,0,1,0,2,3,1,2,T intersection,2,60,Arterial Other
T20120006530,2012-03-18,01:00:00,4,Collision with a fixed object,1,Sunday,171,LEFT OFF CARRIAGEWAY INTO OBJECT/PARKED VEHICLE,3,249278,1,1,0,0,0,1,1,5,Not at intersection,1,60,Arterial Highway
T20120006528,2012-03-18,06:15:00,1,Collision with vehicle,1,Sunday,169,OTHER ON PATH,3,273581,2,0,0,1,0,1,1,5,Not at intersection,3,50,Local Road
T20120006524,2012-03-18,03:30:00,6,Vehicle overturned (no collision),1,Sunday,172,OFF CARRIAGEWAY TO RIGHT,3,259590,2,0,0,1,1,2,1,5,Not at intersection,3,100,Freeway
T20120006521,2012-03-18,04:05:00,2,Struck Pedestrian,1,Sunday,102,FAR SIDE. PED HIT BY VEHICLE FROM THE LEFT,3,250528,1,0,1,0,1,2,1,2,T intersection,2,60,Arterial Other
T20120006593,2012-03-18,21:10:00,1,Collision with vehicle,1,Sunday,121,RIGHT THROUGH,3,29421,2,0,0,1,3,4,1,1,Cross intersection,3,70,Arterial Other
T20120006518,2012-03-18,00:10:00,1,Collision with vehicle,1,Sunday,130,REAR END(VEHICLES IN SAME LANE),3,250526,2,0,0,1,1,2,1,2,T intersection,3,80,Arterial Other
T20120006674,2012-03-19,12:45:00,1,Collision with vehicle,2,Monday,130,REAR END(VEHICLES IN SAME LANE),1,257941,2,0,0,1,1,2,1,5,Not at intersection,3,60,Local Road
T20120006628,2012-03-19,10:08:00,1,Collision with vehicle,2,Monday,134,LANE CHANGE RIGHT (NOT OVERTAKING),1,234955,2,0,0,1,1,2,1,2,T intersection,3,60,Arterial Highway
T20120006654,2012-03-19,19:00:00,6,Vehicle overturned (no collision),2,Monday,174,OUT OF CONTROL ON CARRIAGEWAY (ON STRAIGHT),1,250639,1,0,0,1,0,1,1,5,Not at intersection,3,110,Freeway
T20120009351,2012-03-19,21:00:00,4,Collision with a fixed object,2,Monday,171,LEFT OFF CARRIAGEWAY INTO OBJECT/PARKED VEHICLE,5,354515,1,0,1,0,0,1,1,5,Not at intersection,2,100,Arterial Other
T20120010812,2012-03-19,20:20:00,1,Collision with vehicle,2,Monday,160,VEHICLE COLLIDES WITH VEHICLE PARKED ON LEFT OF ROAD,6,252004,2,0,0,1,0,1,1,5,Not at intersection,3,100,Freeway
T20120006920,2012-03-19,16:30:00,1,Collision with vehicle,2,Monday,121,RIGHT THROUGH,1,39254,2,0,0,1,1,2,2,2,T intersection,3,60,Arterial Other
T20120006907,2012-03-19,10:00:00,1,Collision with vehicle,2,Monday,130,REAR END(VEHICLES IN SAME LANE),1,48976,3,0,0,1,2,3,2,2,T intersection,3,999,Local Road
T20120006681,2012-03-19,21:10:00,1,Collision with vehicle,2,Monday,160,VEHICLE COLLIDES WITH VEHICLE PARKED ON LEFT OF ROAD,3,38249,3,0,0,1,1,2,1,2,T intersection,3,70,Arterial Other
T20120006653,2012-03-19,18:30:00,1,Collision with vehicle,2,Monday,121,RIGHT THROUGH,2,250638,2,0,1,0,1,2,1,2,T intersection,2,50,Local Road
T20120006598,2012-03-19,09:00:00,1,Collision with vehicle,2,Monday,110,CROSS TRAFFIC(INTERSECTIONS ONLY),1,250622,2,0,0,1,2,3,1,1,Cross intersection,3,40,Local Road
T20120006633,2012-03-19,15:31:00,1,Collision with vehicle,2,Monday,163,VEHICLE STRIKES DOOR OF PARKED/STATIONARY VEHICLE,1,36496,2,0,1,0,1,2,1,1,Cross intersection,2,40,Local Road
T20120006578,2012-03-19,09:23:00,1,Collision with vehicle,1,Monday,130,REAR END(VEHICLES IN SAME LANE),1,609198,3,0,1,1,3,5,1,5,Not at intersection,2,100,Freeway
T20120006579,2012-03-19,08:35:00,1,Collision with vehicle,2,Monday,110,CROSS TRAFFIC(INTERSECTIONS ONLY),1,17628,2,0,0,1,1,2,1,1,Cross intersection,3,50,Local Road
T20120006582,2012-03-19,09:10:00,1,Collision with vehicle,2,Monday,121,RIGHT THROUGH,1,14250,2,0,0,1,1,2,1,2,T intersection,3,40,Local Road
T20120006585,2012-03-19,07:45:00,1,Collision with vehicle,2,Monday,130,REAR END(VEHICLES IN SAME LANE),1,250597,2,0,0,1,1,2,1,5,Not at intersection,3,80,Local Road
T20120006586,2012-03-19,07:22:00,4,Collision with a fixed object,2,Monday,181,OFF RIGHT BEND INTO OBJECT/PARKED VEHICLE,1,250616,1,0,1,0,0,1,1,5,Not at intersection,2,60,Local Road
T20120006635,2012-03-19,15:40:00,1,Collision with vehicle,2,Monday,121,RIGHT THROUGH,1,57853,2,0,1,1,0,2,2,2,T intersection,2,60,Local Road
T20120006587,2012-03-19,10:40:00,5,collision with some other object,2,Monday,173,RIGHT OFF CARRIAGEWAY INTO OBJECT/PARKED VEHICLE,1,250617,1,0,1,0,0,1,1,5,Not at intersection,2,60,Arterial Other
T20120006588,2012-03-19,08:20:00,1,Collision with vehicle,2,Monday,113,RIGHT NEAR (INTERSECTIONS ONLY),1,227044,2,0,0,1,1,2,1,2,T intersection,3,60,Local Road
T20120006735,2012-03-19,18:30:00,1,Collision with vehicle,2,Monday,171,LEFT OFF CARRIAGEWAY INTO OBJECT/PARKED VEHICLE,1,44860,2,0,0,1,3,4,1,1,Cross intersection,3,60,Arterial Other
T20120006589,2012-03-19,08:00:00,1,Collision with vehicle,2,Monday,119,OTHER ADJACENT (INTERSECTIONS ONLY),1,250618,2,0,1,0,4,5,1,2,T intersection,2,100,Arterial Other
T20120006660,2012-03-19,06:00:00,1,Collision with vehicle,2,Monday,110,CROSS TRAFFIC(INTERSECTIONS ONLY),3,54978,2,0,0,1,1,2,1,1,Cross intersection,3,50,Arterial Highway
T20120015311,2012-03-19,16:00:00,1,Collision with vehicle,2,Monday,133,LANE SIDE SWIPE (VEHICLES IN PARALLEL LANES),9,29595,2,0,0,1,1,2,2,1,Cross intersection,3,60,Local Road
T20120006592,2012-03-19,09:25:00,1,Collision with vehicle,2,Monday,112,LEFT FAR (INTERSECTIONS ONLY),1,250620,2,0,0,1,1,2,1,2,T intersection,3,60,Local Road
T20120007280,2012-03-19,16:30:00,1,Collision with vehicle,2,Monday,130,REAR END(VEHICLES IN SAME LANE),1,250691,4,0,0,2,3,5,1,5,Not at intersection,3,50,Arterial Other
T20120006659,2012-03-19,19:20:00,1,Collision with vehicle,2,Monday,148,VEHICLE OFF FOOTPATH STRIKES VEH ON CARRIAGEWAY,2,254896,2,0,1,1,0,2,1,5,Not at intersection,2,50,Local Road
T20120006595,2012-03-19,09:00:00,1,Collision with vehicle,2,Monday,121,RIGHT THROUGH,1,977,2,0,0,1,2,3,1,1,Cross intersection,3,60,Arterial Other
T20120013635,2012-03-19,08:05:00,1,Collision with vehicle,2,Monday,121,RIGHT THROUGH,1,36282,2,0,0,1,1,2,1,2,T intersection,3,60,Arterial Other
T20120006658,2012-03-19,19:07:00,1,Collision with vehicle,2,Monday,132,RIGHT REAR.,2,252180,2,0,1,0,1,2,1,1,Cross intersection,2,100,Local Road
T20120011999,2012-03-19,11:45:00,1,Collision with vehicle,2,Monday,131,LEFT REAR,1,42467,2,0,0,1,2,3,2,1,Cross intersection,3,60,Arterial Other
T20120006605,2012-03-19,12:30:00,1,Collision with vehicle,2,Monday,146,REVERSING INTO FIXED OBJECT/PARKED VEHICLE,1,250628,2,0,0,1,1,2,2,5,Not at intersection,3,50,Local Road
T20120006611,2012-03-19,12:55:00,1,Collision with vehicle,2,Monday,140,U TURN,1,252179,2,0,0,1,2,3,1,5,Not at intersection,3,40,Local Road
T20120006621,2012-03-19,14:50:00,1,Collision with vehicle,2,Monday,130,REAR END(VEHICLES IN SAME LANE),1,45189,2,0,1,2,2,5,1,2,T intersection,2,70,Arterial Other
T20120006666,2012-03-19,21:20:00,1,Collision with vehicle,2,Monday,133,LANE SIDE SWIPE (VEHICLES IN PARALLEL LANES),5,253514,2,0,1,0,2,3,1,5,Not at intersection,2,100,Freeway
T20120006622,2012-03-19,12:45:00,1,Collision with vehicle,2,Monday,135,LANE CHANGE LEFT (NOT OVERTAKING),1,250759,2,0,0,2,1,3,1,5,Not at intersection,3,80,Freeway
T20120006650,2012-03-19,08:45:00,2,Struck Pedestrian,2,Monday,100,PED NEAR SIDE. PED HIT BY VEHICLE FROM THE RIGHT.,9,262984,1,0,1,0,1,2,2,2,T intersection,2,50,Local Road
T20120006648,2012-03-19,20:00:00,1,Collision with vehicle,2,Monday,132,RIGHT REAR.,1,250637,2,0,0,1,1,2,2,2,T intersection,3,60,Local Road
T20120006647,2012-03-19,18:15:00,1,Collision with vehicle,2,Monday,140,U TURN,1,250760,2,0,0,1,1,2,1,5,Not at intersection,3,60,Local Road
T20120006614,2012-03-19,15:06:00,1,Collision with vehicle,2,Monday,130,REAR END(VEHICLES IN SAME LANE),1,251321,2,0,1,0,1,2,1,2,T intersection,2,70,Arterial Highway
T20120006664,2012-03-19,10:01:00,8,No collision and no object struck,2,Monday,170,OFF CARRIAGEWAY TO LEFT,1,250640,2,0,0,1,1,2,1,5,Not at intersection,3,100,Arterial Highway
T20120006844,2012-03-19,15:15:00,1,Collision with vehicle,2,Monday,140,U TURN,1,250561,2,0,2,0,1,3,1,5,Not at intersection,2,100,Arterial Highway
T20120006644,2012-03-19,18:25:00,1,Collision with vehicle,2,Monday,110,CROSS TRAFFIC(INTERSECTIONS ONLY),2,49241,2,0,0,3,2,5,1,1,Cross intersection,3,60,Arterial Other
T20120006642,2012-03-19,17:07:00,1,Collision with vehicle,2,Monday,146,REVERSING INTO FIXED OBJECT/PARKED VEHICLE,1,250636,2,0,0,1,1,2,1,5,Not at intersection,3,50,
T20120006640,2012-03-19,15:10:00,2,Struck Pedestrian,2,Monday,102,FAR SIDE. PED HIT BY VEHICLE FROM THE LEFT,1,47992,1,0,1,0,1,2,1,2,T intersection,2,60,Arterial Other
T20120006662,2012-03-19,21:23:00,1,Collision with vehicle,2,Monday,121,RIGHT THROUGH,3,36335,3,0,2,2,1,5,1,1,Cross intersection,2,60,Arterial Other
T20120006804,2012-03-19,14:40:00,2,Struck Pedestrian,2,Monday,101,PED EMERGES FROM IN FRONT OF PARKED OR STATIONARY VEHICLE,1,29887,1,0,0,1,1,2,2,4,Multiple intersection,3,60,Arterial Highway
T20120006604,2012-03-19,10:00:00,1,Collision with vehicle,2,Monday,163,VEHICLE STRIKES DOOR OF PARKED/STATIONARY VEHICLE,1,41162,2,0,0,2,0,2,2,1,Cross intersection,3,60,Local Road
T20120007443,2012-03-20,14:10:00,1,Collision with vehicle,3,Tuesday,131,LEFT REAR,1,37833,2,0,0,1,1,2,2,1,Cross intersection,3,60,Arterial Other
T20120006684,2012-03-20,08:10:00,1,Collision with vehicle,3,Tuesday,121,RIGHT THROUGH,1,35703,2,0,0,2,0,2,1,2,T intersection,3,80,Arterial Highway
T20120008775,2012-03-20,07:00:00,1,Collision with vehicle,3,Tuesday,130,REAR END(VEHICLES IN SAME LANE),2,251287,2,0,0,1,1,2,2,5,Not at intersection,3,80,Arterial Other
T20120006900,2012-03-20,17:00:00,4,Collision with a fixed object,3,Tuesday,181,OFF RIGHT BEND INTO OBJECT/PARKED VEHICLE,1,250585,1,0,1,0,0,1,2,5,Not at intersection,2,50,Local Road
T20120013687,2012-03-20,12:40:00,8,No collision and no object struck,2,Tuesday,182,OFF CARRIAGEWAY ON LEFT BEND,1,277392,1,0,0,1,0,1,1,5,Not at intersection,3,80,Arterial Other
T20120016461,2012-03-20,09:00:00,1,Collision with vehicle,3,Tuesday,130,REAR END(VEHICLES IN SAME LANE),1,253209,2,0,0,1,1,2,1,5,Not at intersection,3,100,Freeway
T20120006713,2012-03-20,10:50:00,1,Collision with vehicle,3,Tuesday,148,VEHICLE OFF FOOTPATH STRIKES VEH ON CARRIAGEWAY,1,44342,3,0,0,1,4,5,1,1,Cross intersection,3,60,Local Road
T20120008469,2012-03-20,17:30:00,1,Collision with vehicle,2,Tuesday,133,LANE SIDE SWIPE (VEHICLES IN PARALLEL LANES),2,30521,2,0,0,1,1,2,2,2,T intersection,3,50,Arterial Other
T20120006746,2012-03-20,17:25:00,1,Collision with vehicle,3,Tuesday,130,REAR END(VEHICLES IN SAME LANE),1,250646,5,0,1,6,0,7,1,5,Not at intersection,2,80,Arterial Other
T20120006687,2012-03-20,07:00:00,1,Collision with vehicle,3,Tuesday,130,REAR END(VEHICLES IN SAME LANE),1,250916,4,0,0,2,2,4,1,5,Not at intersection,3,80,Arterial Other
T20120006777,2012-03-20,18:30:00,2,Struck Pedestrian,3,Tuesday,109,ANY MANOEUVRE INVOLVING PED NOT INCLUDED IN DCAs 100-108.,1,250651,1,0,0,1,1,2,1,5,Not at intersection,3,50,Local Road
T20120006743,2012-03-20,17:42:00,1,Collision with vehicle,3,Tuesday,121,RIGHT THROUGH,1,36095,2,0,0,1,1,2,1,1,Cross intersection,3,60,Local Road
T20120006693,2012-03-20,06:35:00,4,Collision with a fixed object,3,Tuesday,173,RIGHT OFF CARRIAGEWAY INTO OBJECT/PARKED VEHICLE,5,249372,1,1,0,0,0,1,1,5,Not at intersection,1,80,Local Road
T20120006739,2012-03-20,17:15:00,1,Collision with vehicle,3,Tuesday,137,LEFT TURN SIDESWIPE,1,36489,2,0,1,0,1,2,1,1,Cross intersection,2,60,Local Road
T20120006712,2012-03-20,13:30:00,1,Collision with vehicle,3,Tuesday,110,CROSS TRAFFIC(INTERSECTIONS ONLY),1,35138,2,0,0,1,1,2,1,1,Cross intersection,3,50,Local Road
T20120006709,2012-03-20,09:00:00,2,Struck Pedestrian,3,Tuesday,102,FAR SIDE. PED HIT BY VEHICLE FROM THE LEFT,1,250515,1,0,1,0,1,2,1,5,Not at intersection,2,40,Local Road
T20120006700,2012-03-20,10:50:00,1,Collision with vehicle,3,Tuesday,121,RIGHT THROUGH,1,1350,3,0,1,0,2,3,1,2,T intersection,2,60,Arterial Other
T20120007202,2012-03-20,07:35:00,1,Collision with vehicle,3,Tuesday,110,CROSS TRAFFIC(INTERSECTIONS ONLY),9,29359,2,0,0,1,1,2,2,1,Cross intersection,3,50,Local Road
T20120006738,2012-03-20,17:35:00,1,Collision with vehicle,3,Tuesday,140,U TURN,1,1210,2,0,1,0,3,4,1,1,Cross intersection,2,70,Arterial Other
T20120014318,2012-03-20,13:15:00,1,Collision with vehicle,3,Tuesday,130,REAR END(VEHICLES IN SAME LANE),1,37219,2,0,0,1,1,2,1,1,Cross intersection,3,60,Arterial Other
T20120006818,2012-03-20,18:20:00,1,Collision with vehicle,3,Tuesday,139,OTHER SAME DIRECTION-MANOUEVRES NOT INCLUDED IN DCAs 130-137,1,47919,2,0,0,1,1,2,2,4,Multiple intersection,3,50,Arterial Other
T20120007449,2012-03-20,07:27:00,1,Collision with vehicle,3,Tuesday,121,RIGHT THROUGH,1,227678,2,0,0,1,1,2,1,5,Not at intersection,3,60,Arterial Highway
T20120006775,2012-03-20,19:13:00,1,Collision with vehicle,3,Tuesday,130,REAR END(VEHICLES IN SAME LANE),2,250650,2,0,0,1,1,2,1,5,Not at intersection,3,60,Arterial Other
T20120006875,2012-03-20,17:45:00,1,Collision with vehicle,3,Tuesday,131,LEFT REAR,1,41137,2,0,0,1,1,2,1,1,Cross intersection,3,60,Arterial Other
T20120006731,2012-03-20,16:50:00,1,Collision with vehicle,3,Tuesday,116,LEFT NEAR (INTERSECTIONS ONLY),1,53109,2,0,0,1,1,2,1,1,Cross intersection,3,60,Arterial Other
T20120007365,2012-03-20,16:55:00,1,Collision with vehicle,3,Tuesday,130,REAR END(VEHICLES IN SAME LANE),1,251072,2,0,0,1,1,2,2,5,Not at intersection,3,80,Arterial Highway
T20120006778,2012-03-20,19:05:00,4,Collision with a fixed object,3,Tuesday,171,LEFT OFF CARRIAGEWAY INTO OBJECT/PARKED VEHICLE,2,253593,2,0,1,0,1,2,1,5,Not at intersection,2,100,Freeway
T20120006690,2012-03-20,08:15:00,1,Collision with vehicle,3,Tuesday,113,RIGHT NEAR (INTERSECTIONS ONLY),1,286218,2,0,0,2,1,3,1,4,Multiple intersection,3,80,
T20120006708,2012-03-20,06:00:00,3,Struck animal,3,Tuesday,167,STRUCK ANIMAL,5,250473,1,0,1,0,0,1,2,5,Not at intersection,2,100,Arterial Other
T20120006706,2012-03-20,08:20:00,1,Collision with vehicle,3,Tuesday,137,LEFT TURN SIDESWIPE,1,35838,2,0,1,0,1,2,1,2,T intersection,2,50,Local Road
T20120006702,2012-03-20,10:05:00,1,Collision with vehicle,3,Tuesday,121,RIGHT THROUGH,1,46857,2,0,1,0,1,2,1,1,Cross intersection,2,80,Arterial Highway
T20120006730,2012-03-20,13:00:00,1,Collision with vehicle,3,Tuesday,121,RIGHT THROUGH,1,354484,2,0,1,0,2,3,1,5,Not at intersection,2,60,Arterial Other
T20120008401,2012-03-20,08:20:00,1,Collision with vehicle,3,Tuesday,131,LEFT REAR,1,46997,2,0,0,1,1,2,2,4,Multiple intersection,3,60,Arterial Highway
T20120006780,2012-03-20,23:30:00,4,Collision with a fixed object,3,Tuesday,173,RIGHT OFF CARRIAGEWAY INTO OBJECT/PARKED VEHICLE,5,253621,1,0,1,0,0,1,1,5,Not at intersection,2,100,Local Road
T20120006716,2012-03-20,07:15:00,1,Collision with vehicle,3,Tuesday,134,LANE CHANGE RIGHT (NOT OVERTAKING),1,57475,2,0,0,1,1,2,1,1,Cross intersection,3,60,Arterial Other
T20120006754,2012-03-20,16:07:00,1,Collision with vehicle,3,Tuesday,120,HEAD ON (NOT OVERTAKING),1,250647,2,0,1,1,1,3,1,5,Not at intersection,2,70,Local Road
T20120006679,2012-03-20,08:15:00,1,Collision with vehicle,3,Tuesday,148,VEHICLE OFF FOOTPATH STRIKES VEH ON CARRIAGEWAY,1,61043,2,0,1,0,1,2,1,2,T intersection,2,40,Local Road
T20120006755,2012-03-20,18:10:00,1,Collision with vehicle,3,Tuesday,130,REAR END(VEHICLES IN SAME LANE),1,250648,4,0,0,1,3,4,1,5,Not at intersection,3,100,Freeway
T20120006756,2012-03-20,17:00:00,1,Collision with vehicle,3,Tuesday,110,CROSS TRAFFIC(INTERSECTIONS ONLY),1,29818,2,0,0,1,1,2,1,1,Cross intersection,3,60,Local Road
T20120006864,2012-03-20,21:45:00,1,Collision with vehicle,3,Tuesday,136,RIGHT TURN SIDESWIPE,3,36027,2,0,0,1,1,2,2,1,Cross intersection,3,40,Local Road
T20120006745,2012-03-20,17:32:00,2,Struck Pedestrian,3,Tuesday,102,FAR SIDE. PED HIT BY VEHICLE FROM THE LEFT,1,57866,1,0,1,0,1,2,1,1,Cross intersection,2,60,Arterial Highway
T20120006874,2012-03-21,18:55:00,1,Collision with vehicle,4,Wednesday,130,REAR END(VEHICLES IN SAME LANE),1,250577,2,0,1,0,2,3,1,4,Multiple intersection,2,60,Arterial Highway
T20130007630,2012-03-21,12:00:00,1,Collision with vehicle,4,Wednesday,132,RIGHT REAR.,1,72071,2,0,0,1,1,2,2,2,T intersection,3,80,Arterial Other
T20120006942,2012-03-21,17:30:00,1,Collision with vehicle,4,Wednesday,134,LANE CHANGE RIGHT (NOT OVERTAKING),1,252767,2,0,0,1,1,2,2,5,Not at intersection,3,60,Arterial Other
T20120011356,2012-03-21,03:30:00,1,Collision with vehicle,4,Wednesday,130,REAR END(VEHICLES IN SAME LANE),6,44469,2,0,0,1,1,2,2,1,Cross intersection,3,60,Arterial Other
T20120013568,2012-03-21,16:50:00,1,Collision with vehicle,4,Wednesday,140,U TURN,1,253062,2,0,0,1,1,2,2,5,Not at intersection,3,60,Local Road
T20120007093,2012-03-21,14:00:00,1,Collision with vehicle,4,Wednesday,120,HEAD ON (NOT OVERTAKING),1,250720,2,0,0,1,1,2,2,5,Not at intersection,3,50,Local Road
T20120006889,2012-03-21,13:30:00,1,Collision with vehicle,4,Wednesday,132,RIGHT REAR.,1,41045,2,0,0,2,1,3,2,2,T intersection,3,60,Arterial Other
T20120007353,2012-03-21,11:30:00,8,No collision and no object struck,4,Wednesday,174,OUT OF CONTROL ON CARRIAGEWAY (ON STRAIGHT),1,53812,1,0,1,0,0,1,2,4,Multiple intersection,2,100,Arterial Other
T20120006891,2012-03-21,21:45:00,1,Collision with vehicle,4,Wednesday,130,REAR END(VEHICLES IN SAME LANE),3,37604,3,0,0,1,2,3,1,2,T intersection,3,60,Arterial Other
T20120007312,2012-03-21,18:30:00,1,Collision with vehicle,4,Wednesday,143,ENTERING PARKING,1,250921,2,0,0,1,1,2,2,5,Not at intersection,3,60,Local Road
T20120007720,2012-03-21,12:27:00,1,Collision with vehicle,3,Wednesday,133,LANE SIDE SWIPE (VEHICLES IN PARALLEL LANES),1,35355,2,0,0,1,1,2,2,1,Cross intersection,3,50,Local Road
T20120006921,2012-03-21,16:00:00,1,Collision with vehicle,4,Wednesday,130,REAR END(VEHICLES IN SAME LANE),1,250660,3,0,0,1,2,3,2,5,Not at intersection,3,70,Arterial Highway
T20120007303,2012-03-21,14:30:00,6,Vehicle overturned (no collision),4,Wednesday,174,OUT OF CONTROL ON CARRIAGEWAY (ON STRAIGHT),1,40433,1,0,0,1,0,1,2,2,T intersection,3,60,Arterial Other
T20120007005,2012-03-21,22:45:00,1,Collision with vehicle,4,Wednesday,130,REAR END(VEHICLES IN SAME LANE),3,43086,2,0,0,1,1,2,2,1,Cross intersection,3,60,Arterial Highway
T20120006963,2012-03-21,13:20:00,4,Collision with a fixed object,4,Wednesday,173,RIGHT OFF CARRIAGEWAY INTO OBJECT/PARKED VEHICLE,1,250697,1,0,1,0,0,1,1,5,Not at intersection,2,60,
T20120006989,2012-03-21,17:45:00,1,Collision with vehicle,4,Wednesday,130,REAR END(VEHICLES IN SAME LANE),1,250610,2,0,0,1,1,2,2,5,Not at intersection,3,60,Local Road
T20120006934,2012-03-21,12:30:00,1,Collision with vehicle,4,Wednesday,121,RIGHT THROUGH,1,52118,2,0,0,1,2,3,1,2,T intersection,3,60,
T20120009890,2012-03-21,11:20:00,1,Collision with vehicle,4,Wednesday,133,LANE SIDE SWIPE (VEHICLES IN PARALLEL LANES),1,234939,2,0,0,2,1,3,1,5,Not at intersection,3,80,Arterial Other
T20120006835,2012-03-21,11:45:00,1,Collision with vehicle,4,Wednesday,137,LEFT TURN SIDESWIPE,1,41607,2,0,0,1,2,3,2,1,Cross intersection,3,70,Arterial Highway