ACCIDENT_NO,ACCIDENT_DATE,ACCIDENT_TIME,ACCIDENT_TYPE,ACCIDENT_TYPE_DESC,DAY_OF_WEEK,DAY_WEEK_DESC,DCA_CODE,DCA_DESC,LIGHT_CONDITION,NODE_ID,NO_OF_VEHICLES,NO_PERSONS_KILLED,NO_PERSONS_INJ_2,NO_PERSONS_INJ_3,NO_PERSONS_NOT_INJ,NO_PERSONS,POLICE_ATTEND,ROAD_GEOMETRY,ROAD_GEOMETRY_DESC,SEVERITY,SPEED_ZONE,RMA
T20120006837,2012-03-21,10:55:00,1,Collision with vehicle,4,Wednesday,139,OTHER SAME DIRECTION-MANOUEVRES NOT INCLUDED IN DCAs 130-137,1,253463,3,0,1,0,2,3,1,5,Not at intersection,2,100,Freeway
T20120006838,2012-03-21,11:25:00,1,Collision with vehicle,4,Wednesday,120,HEAD ON (NOT OVERTAKING),1,250559,2,0,0,1,2,3,1,5,Not at intersection,3,70,Local Road
T20120006850,2012-03-21,11:15:00,1,Collision with vehicle,4,Wednesday,116,LEFT NEAR (INTERSECTIONS ONLY),1,73080,2,0,0,1,1,2,1,2,T intersection,3,50,Arterial Other
T20120006854,2012-03-21,14:42:00,1,Collision with vehicle,4,Wednesday,121,RIGHT THROUGH,1,36368,2,0,0,1,2,3,1,2,T intersection,3,60,Local Road
T20120006855,2012-03-21,14:35:00,4,Collision with a fixed object,4,Wednesday,171,LEFT OFF CARRIAGEWAY INTO OBJECT/PARKED VEHICLE,1,250563,1,0,0,1,0,1,1,5,Not at intersection,3,60,Arterial Other
T20120006858,2012-03-21,17:10:00,1,Collision with vehicle,4,Wednesday,130,REAR END(VEHICLES IN SAME LANE),1,250565,3,0,0,1,5,6,1,5,Not at intersection,3,60,Arterial Highway
T20120006859,2012-03-21,19:55:00,4,Collision with a fixed object,4,Wednesday,171,LEFT OFF CARRIAGEWAY INTO OBJECT/PARKED VEHICLE,1,250567,1,0,1,0,0,1,2,5,Not at intersection,2,999,Local Road
T20120006861,2012-03-21,18:15:00,1,Collision with vehicle,4,Wednesday,121,RIGHT THROUGH,1,38354,2,0,0,1,1,2,1,1,Cross intersection,3,60,Arterial Other
T20120006866,2012-03-21,15:38:00,2,Struck Pedestrian,4,Wednesday,100,PED NEAR SIDE. PED HIT BY VEHICLE FROM THE RIGHT.,1,250572,1,0,2,0,0,2,1,2,T intersection,2,60,Local Road
T20120012270,2012-03-21,14:15:00,1,Collision with vehicle,4,Wednesday,147,VEHICLE STRIKES ANOTHER VEH WHILE EMERGING FROM DRIVEWAY,1,53308,2,0,0,1,1,2,2,1,Cross intersection,3,50,Arterial Other
T20120006868,2012-03-21,16:43:00,2,Struck Pedestrian,4,Wednesday,102,FAR SIDE. PED HIT BY VEHICLE FROM THE LEFT,1,250574,1,0,0,1,1,2,1,5,Not at intersection,3,50,Local Road
T20120006869,2012-03-21,19:00:00,1,Collision with vehicle,4,Wednesday,162,ACCIDENT OR BROKEN DOWN,1,250575,2,0,0,2,0,2,1,5,Not at intersection,3,100,Freeway
T20120006870,2012-03-21,11:45:00,1,Collision with vehicle,4,Wednesday,130,REAR END(VEHICLES IN SAME LANE),1,68141,2,0,0,1,1,2,2,2,T intersection,3,60,Arterial Other
T20120006783,2012-03-21,01:18:00,8,No collision and no object struck,4,Wednesday,174,OUT OF CONTROL ON CARRIAGEWAY (ON STRAIGHT),3,273597,2,0,0,1,2,3,1,5,Not at intersection,3,60,Arterial Other
T20120006784,2012-03-21,01:30:00,2,Struck Pedestrian,4,Wednesday,109,ANY MANOEUVRE INVOLVING PED NOT INCLUDED IN DCAs 100-108.,5,250919,1,0,0,1,2,3,1,2,T intersection,3,50,Local Road
T20120006785,2012-03-21,03:00:00,4,Collision with a fixed object,4,Wednesday,179,OTHER ACCIDENTS-OFF STRAIGHT NOT INCLUDED IN DCAs 170-175,3,55621,1,0,1,0,0,1,1,1,Cross intersection,2,60,Local Road
T20120006791,2012-03-21,06:00:00,4,Collision with a fixed object,4,Wednesday,171,LEFT OFF CARRIAGEWAY INTO OBJECT/PARKED VEHICLE,5,250653,1,0,0,1,0,1,1,5,Not at intersection,3,100,Local Road
T20120006799,2012-03-21,09:45:00,1,Collision with vehicle,4,Wednesday,121,RIGHT THROUGH,1,250858,2,0,1,1,0,2,1,5,Not at intersection,2,80,Arterial Highway
T20120006802,2012-03-21,09:20:00,1,Collision with vehicle,4,Wednesday,121,RIGHT THROUGH,1,47354,3,0,0,2,2,4,1,2,T intersection,3,50,Local Road
T20120006803,2012-03-21,10:15:00,1,Collision with vehicle,4,Wednesday,131,LEFT REAR,1,1323,2,0,0,1,1,2,1,1,Cross intersection,3,70,Arterial Other
T20120006805,2012-03-21,10:00:00,1,Collision with vehicle,4,Wednesday,130,REAR END(VEHICLES IN SAME LANE),1,250654,2,0,0,1,2,3,1,2,T intersection,3,50,Local Road
T20120006807,2012-03-21,10:11:00,1,Collision with vehicle,4,Wednesday,142,LEAVING PARKING,1,250655,2,0,1,0,1,2,1,5,Not at intersection,2,50,Local Road
T20120006808,2012-03-21,06:00:00,1,Collision with vehicle,4,Wednesday,121,RIGHT THROUGH,3,39042,2,0,2,0,0,2,1,2,T intersection,2,60,Arterial Other
T20120006816,2012-03-21,11:15:00,1,Collision with vehicle,4,Wednesday,121,RIGHT THROUGH,1,45439,2,0,1,0,2,3,1,2,T intersection,2,60,Arterial Other
T20120006817,2012-03-21,07:35:00,1,Collision with vehicle,4,Wednesday,133,LANE SIDE SWIPE (VEHICLES IN PARALLEL LANES),1,38672,2,0,0,1,1,2,1,2,T intersection,3,60,Arterial Other
T20120006824,2012-03-21,11:52:00,2,Struck Pedestrian,4,Wednesday,102,FAR SIDE. PED HIT BY VEHICLE FROM THE LEFT,1,250658,1,0,0,1,1,2,1,5,Not at intersection,3,40,Local Road
T20120006825,2012-03-21,09:10:00,1,Collision with vehicle,4,Wednesday,130,REAR END(VEHICLES IN SAME LANE),1,217033,3,0,1,1,2,4,1,5,Not at intersection,2,100,
T20120006830,2012-03-21,12:38:00,1,Collision with vehicle,4,Wednesday,110,CROSS TRAFFIC(INTERSECTIONS ONLY),1,868,2,0,0,2,1,3,1,1,Cross intersection,3,60,Arterial Highway
T20120006834,2012-03-21,06:50:00,1,Collision with vehicle,3,Wednesday,133,LANE SIDE SWIPE (VEHICLES IN PARALLEL LANES),3,253516,2,0,0,1,1,2,2,1,Cross intersection,3,60,Arterial Highway
T20120006873,2012-03-21,19:53:00,4,Collision with a fixed object,4,Wednesday,183,OFF LEFT BEND INTO OBJECT/PARKED VEHICLE,3,250764,1,0,2,0,0,2,1,5,Not at intersection,2,50,Local Road
T20120006928,2012-03-22,06:47:00,2,Struck Pedestrian,5,Thursday,102,FAR SIDE. PED HIT BY VEHICLE FROM THE LEFT,3,250663,1,0,1,0,1,2,1,5,Not at intersection,2,70,Arterial Other
T20120006958,2012-03-22,19:20:00,4,Collision with a fixed object,5,Thursday,173,RIGHT OFF CARRIAGEWAY INTO OBJECT/PARKED VEHICLE,2,279209,1,0,0,1,1,2,1,2,T intersection,3,80,Local Road
T20120007183,2012-03-22,18:00:00,8,No collision and no object struck,5,Thursday,174,OUT OF CONTROL ON CARRIAGEWAY (ON STRAIGHT),1,44699,1,0,1,0,0,1,2,1,Cross intersection,2,60,Local Road
T20120015150,2012-03-22,09:00:00,1,Collision with vehicle,5,Thursday,147,VEHICLE STRIKES ANOTHER VEH WHILE EMERGING FROM DRIVEWAY,1,253007,2,0,0,1,1,2,2,5,Not at intersection,3,50,Local Road
T20120006903,2012-03-22,11:05:00,1,Collision with vehicle,5,Thursday,132,RIGHT REAR.,1,40189,2,0,0,1,2,3,1,2,T intersection,3,60,Arterial Other
T20120006901,2012-03-22,09:00:00,1,Collision with vehicle,5,Thursday,135,LANE CHANGE LEFT (NOT OVERTAKING),1,250587,2,0,0,1,1,2,1,5,Not at intersection,3,100,
T20120006939,2012-03-22,15:46:00,2,Struck Pedestrian,5,Thursday,101,PED EMERGES FROM IN FRONT OF PARKED OR STATIONARY VEHICLE,1,250689,2,0,1,0,3,4,1,5,Not at intersection,2,50,Local Road
T20120006931,2012-03-22,14:50:00,1,Collision with vehicle,5,Thursday,110,CROSS TRAFFIC(INTERSECTIONS ONLY),1,49360,2,0,0,1,2,3,1,1,Cross intersection,3,50,Local Road
T20120011376,2012-03-22,08:15:00,8,No collision and no object struck,5,Thursday,174,OUT OF CONTROL ON CARRIAGEWAY (ON STRAIGHT),1,251886,2,0,0,1,1,2,2,2,T intersection,3,999,Local Road
T20120007439,2012-03-22,11:00:00,1,Collision with vehicle,5,Thursday,113,RIGHT NEAR (INTERSECTIONS ONLY),1,40022,2,0,0,1,1,2,2,2,T intersection,3,60,Local Road
T20120006890,2012-03-22,09:10:00,1,Collision with vehicle,4,Thursday,121,RIGHT THROUGH,1,355310,2,0,1,0,1,2,1,5,Not at intersection,2,60,Local Road
T20120006888,2012-03-22,08:40:00,1,Collision with vehicle,5,Thursday,110,CROSS TRAFFIC(INTERSECTIONS ONLY),1,46967,2,0,0,2,0,2,1,1,Cross intersection,3,70,Local Road
T20120006887,2012-03-22,08:05:00,1,Collision with vehicle,5,Thursday,113,RIGHT NEAR (INTERSECTIONS ONLY),1,37615,2,0,1,0,1,2,1,2,T intersection,2,60,Arterial Highway
T20120006885,2012-03-22,05:39:00,4,Collision with a fixed object,5,Thursday,171,LEFT OFF CARRIAGEWAY INTO OBJECT/PARKED VEHICLE,3,250579,1,0,1,0,0,1,1,2,T intersection,2,60,Local Road
T20120006883,2012-03-22,05:00:00,8,No collision and no object struck,5,Thursday,170,OFF CARRIAGEWAY TO LEFT,5,250578,1,0,0,1,0,1,1,5,Not at intersection,3,60,Arterial Other
T20120006881,2012-03-22,02:40:00,2,Struck Pedestrian,5,Thursday,102,FAR SIDE. PED HIT BY VEHICLE FROM THE LEFT,3,22618,1,0,0,1,1,2,1,2,T intersection,3,60,Arterial Other
T20120006955,2012-03-22,19:30:00,1,Collision with vehicle,5,Thursday,113,RIGHT NEAR (INTERSECTIONS ONLY),2,70253,2,0,0,1,1,2,1,2,T intersection,3,60,Arterial Other
T20120008076,2012-03-22,13:00:00,1,Collision with vehicle,5,Thursday,132,RIGHT REAR.,1,29445,2,0,0,1,2,3,2,2,T intersection,3,60,Local Road
T20120006925,2012-03-22,08:30:00,1,Collision with vehicle,5,Thursday,130,REAR END(VEHICLES IN SAME LANE),1,250662,3,0,0,1,2,3,2,5,Not at intersection,3,60,Arterial Other
T20120008912,2012-03-22,10:45:00,1,Collision with vehicle,5,Thursday,112,LEFT FAR (INTERSECTIONS ONLY),1,253466,2,0,0,2,1,3,2,2,T intersection,3,50,Local Road
T20120007199,2012-03-22,20:30:00,1,Collision with vehicle,5,Thursday,130,REAR END(VEHICLES IN SAME LANE),3,36666,3,0,0,1,2,3,2,1,Cross intersection,3,70,Arterial Highway
T20120006922,2012-03-22,14:00:00,2,Struck Pedestrian,5,Thursday,100,PED NEAR SIDE. PED HIT BY VEHICLE FROM THE RIGHT.,1,41752,1,0,1,1,0,2,1,2,T intersection,2,50,Arterial Other
T20120006954,2012-03-22,07:50:00,1,Collision with vehicle,5,Thursday,140,U TURN,1,250861,2,0,0,1,1,2,2,5,Not at intersection,3,60,Local Road
T20120007034,2012-03-22,17:30:00,1,Collision with vehicle,5,Thursday,135,LANE CHANGE LEFT (NOT OVERTAKING),1,250633,2,0,1,0,1,2,1,5,Not at intersection,2,50,Local Road
T20120006896,2012-03-22,06:55:00,1,Collision with vehicle,5,Thursday,130,REAR END(VEHICLES IN SAME LANE),1,1016,4,0,1,1,4,6,1,1,Cross intersection,2,80,Arterial Highway
T20120006970,2012-03-22,16:40:00,8,No collision and no object struck,5,Thursday,174,OUT OF CONTROL ON CARRIAGEWAY (ON STRAIGHT),1,41780,2,0,0,1,1,2,1,1,Cross intersection,3,80,
T20120006894,2012-03-22,07:02:00,1,Collision with vehicle,5,Thursday,130,REAR END(VEHICLES IN SAME LANE),3,277101,2,0,1,0,1,2,1,5,Not at intersection,2,80,Freeway
T20120006916,2012-03-22,08:30:00,2,Struck Pedestrian,4,Thursday,104,PED WALKING WITH TRAFFIC,1,278466,1,0,0,1,1,2,2,5,Not at intersection,3,50,Local Road
T20120006969,2012-03-22,22:30:00,4,Collision with a fixed object,5,Thursday,183,OFF LEFT BEND INTO OBJECT/PARKED VEHICLE,3,250698,1,0,1,0,0,1,1,5,Not at intersection,2,70,Local Road
T20120006915,2012-03-22,14:30:00,8,No collision and no object struck,5,Thursday,172,OFF CARRIAGEWAY TO RIGHT,1,250593,1,0,0,1,3,4,2,5,Not at intersection,3,100,
T20120006962,2012-03-22,18:29:00,2,Struck Pedestrian,5,Thursday,101,PED EMERGES FROM IN FRONT OF PARKED OR STATIONARY VEHICLE,1,250696,1,0,0,1,1,2,1,5,Not at intersection,3,40,Local Road
T20120006953,2012-03-22,17:15:00,3,Struck animal,5,Thursday,167,STRUCK ANIMAL,1,253464,1,0,1,0,0,1,1,5,Not at intersection,2,100,Arterial Other
T20120007211,2012-03-22,10:30:00,1,Collision with vehicle,5,Thursday,121,RIGHT THROUGH,1,36510,2,0,0,1,1,2,2,1,Cross intersection,3,60,Local Road
T20120007064,2012-03-22,21:00:00,1,Collision with vehicle,4,Thursday,130,REAR END(VEHICLES IN SAME LANE),3,39448,2,0,0,1,1,2,2,1,Cross intersection,3,60,Arterial Other
T20120006960,2012-03-22,21:50:00,6,Vehicle overturned (no collision),5,Thursday,174,OUT OF CONTROL ON CARRIAGEWAY (ON STRAIGHT),3,59500,1,0,0,1,0,1,1,2,T intersection,3,50,Local Road
T20120006949,2012-03-22,18:00:00,4,Collision with a fixed object,5,Thursday,175,OFF END OF ROAD/T-INTERSECTION.,1,250860,1,0,0,2,1,3,1,2,T intersection,3,50,Local Road
T20120007057,2012-03-22,16:10:00,1,Collision with vehicle,5,Thursday,130,REAR END(VEHICLES IN SAME LANE),1,250920,2,0,0,2,0,2,2,5,Not at intersection,3,999,Arterial Other
T20120006945,2012-03-22,19:30:00,1,Collision with vehicle,5,Thursday,113,RIGHT NEAR (INTERSECTIONS ONLY),1,41656,2,0,0,2,0,2,1,2,T intersection,3,60,Arterial Other
T20120006944,2012-03-22,16:25:00,2,Struck Pedestrian,5,Thursday,103,PED PLAYING/LYING/WORKING/STANDING ON CARRIAGEWAY.,1,250693,2,0,0,1,1,2,1,5,Not at intersection,3,40,Arterial Other
T20120006941,2012-03-22,15:30:00,1,Collision with vehicle,5,Thursday,130,REAR END(VEHICLES IN SAME LANE),1,252315,3,0,0,1,2,3,2,5,Not at intersection,3,100,Freeway
T20120012419,2012-03-22,06:15:00,6,Vehicle overturned (no collision),5,Thursday,174,OUT OF CONTROL ON CARRIAGEWAY (ON STRAIGHT),6,252212,1,0,0,1,0,1,2,5,Not at intersection,3,50,Local Road
T20120008576,2012-03-22,16:20:00,1,Collision with vehicle,5,Thursday,130,REAR END(VEHICLES IN SAME LANE),1,38501,2,0,0,1,4,5,2,1,Cross intersection,3,60,Local Road
T20120006904,2012-03-22,10:55:00,4,Collision with a fixed object,5,Thursday,164,PERMANENT OBSTRUCTION ON CARRIAGEWAY,1,252468,1,0,0,1,0,1,1,5,Not at intersection,3,60,Arterial Other
T20120006912,2012-03-22,11:55:00,1,Collision with vehicle,5,Thursday,140,U TURN,1,250592,2,0,0,1,1,2,1,5,Not at intersection,3,50,Local Road
T20120006898,2012-03-22,09:55:00,1,Collision with vehicle,5,Thursday,110,CROSS TRAFFIC(INTERSECTIONS ONLY),1,55978,2,0,0,2,2,4,1,1,Cross intersection,3,60,Local Road
T20120006959,2012-03-22,16:37:00,1,Collision with vehicle,5,Thursday,135,LANE CHANGE LEFT (NOT OVERTAKING),1,37616,2,0,1,0,1,2,1,2,T intersection,2,60,Arterial Highway
T20120007021,2012-03-23,15:16:00,4,Collision with a fixed object,6,Friday,171,LEFT OFF CARRIAGEWAY INTO OBJECT/PARKED VEHICLE,1,45401,1,0,1,0,0,1,1,2,T intersection,2,60,Arterial Other
T20120006982,2012-03-23,07:06:00,1,Collision with vehicle,6,Friday,147,VEHICLE STRIKES ANOTHER VEH WHILE EMERGING FROM DRIVEWAY,1,221411,2,0,0,1,1,2,1,1,Cross intersection,3,60,Arterial Other
T20120007056,2012-03-23,12:40:00,4,Collision with a fixed object,6,Friday,171,LEFT OFF CARRIAGEWAY INTO OBJECT/PARKED VEHICLE,1,249496,1,1,0,0,0,1,1,5,Not at intersection,1,100,Local Road
T20120006986,2012-03-23,09:05:00,1,Collision with vehicle,6,Friday,160,VEHICLE COLLIDES WITH VEHICLE PARKED ON LEFT OF ROAD,1,59220,2,0,1,0,0,1,1,2,T intersection,2,100,Local Road
T20120006988,2012-03-23,09:00:00,2,Struck Pedestrian,6,Friday,109,ANY MANOEUVRE INVOLVING PED NOT INCLUDED IN DCAs 100-108.,1,253802,1,0,0,1,1,2,2,2,T intersection,3,40,Arterial Other
T20120006997,2012-03-23,11:15:00,1,Collision with vehicle,6,Friday,130,REAR END(VEHICLES IN SAME LANE),1,250615,2,0,0,1,2,3,1,5,Not at intersection,3,50,
T20120006999,2012-03-23,12:10:00,1,Collision with vehicle,6,Friday,130,REAR END(VEHICLES IN SAME LANE),1,42750,2,0,1,0,1,2,1,2,T intersection,2,80,Arterial Highway
T20120007000,2012-03-23,12:25:00,1,Collision with vehicle,6,Friday,130,REAR END(VEHICLES IN SAME LANE),1,29765,2,0,0,2,0,2,1,1,Cross intersection,3,60,Arterial Other
T20120007002,2012-03-23,11:25:00,1,Collision with vehicle,6,Friday,113,RIGHT NEAR (INTERSECTIONS ONLY),1,47466,3,0,0,1,2,3,1,2,T intersection,3,70,Arterial Other
T20120007035,2012-03-23,19:15:00,6,Vehicle overturned (no collision),6,Friday,180,OFF CARRIAGEWAY ON RIGHT BEND,1,250701,1,0,0,1,0,1,1,5,Not at intersection,3,60,Arterial Other
T20120007015,2012-03-23,14:00:00,1,Collision with vehicle,6,Friday,130,REAR END(VEHICLES IN SAME LANE),1,252896,3,0,1,0,3,4,1,5,Not at intersection,2,100,Freeway
T20120007018,2012-03-23,14:30:00,1,Collision with vehicle,6,Friday,152,PULLING OUT (OVERTAKING),1,250626,2,0,1,2,2,5,1,5,Not at intersection,2,100,Arterial Highway
T20120007030,2012-03-23,19:04:00,7,Fall from or in moving vehicle,6,Friday,174,OUT OF CONTROL ON CARRIAGEWAY (ON STRAIGHT),9,250632,1,0,0,1,0,1,2,5,Not at intersection,3,999,Local Road
T20120008676,2012-03-23,11:30:00,5,collision with some other object,6,Friday,166,STRUCK OBJECT ON CARRIAGEWAY,1,252691,1,0,0,1,0,1,2,5,Not at intersection,3,50,Local Road
T20120007037,2012-03-23,16:25:00,1,Collision with vehicle,6,Friday,121,RIGHT THROUGH,1,50114,2,0,1,0,2,3,1,2,T intersection,2,60,Arterial Other
T20120007038,2012-03-23,15:03:00,1,Collision with vehicle,6,Friday,160,VEHICLE COLLIDES WITH VEHICLE PARKED ON LEFT OF ROAD,1,251208,3,0,0,2,0,2,1,5,Not at intersection,3,60,Arterial Other
T20120007044,2012-03-23,18:14:00,8,No collision and no object struck,6,Friday,174,OUT OF CONTROL ON CARRIAGEWAY (ON STRAIGHT),2,250576,1,0,0,1,0,1,1,5,Not at intersection,3,60,Arterial Other
T20120007046,2012-03-23,22:09:00,1,Collision with vehicle,6,Friday,130,REAR END(VEHICLES IN SAME LANE),5,29908,2,0,2,0,2,4,1,1,Cross intersection,2,80,Arterial Other
T20120007047,2012-03-23,20:30:00,1,Collision with vehicle,6,Friday,121,RIGHT THROUGH,3,38534,2,0,1,1,2,4,1,1,Cross intersection,2,60,Arterial Other
T20120007026,2012-03-23,16:00:00,1,Collision with vehicle,6,Friday,147,VEHICLE STRIKES ANOTHER VEH WHILE EMERGING FROM DRIVEWAY,1,64903,3,0,0,1,5,6,2,2,T intersection,3,60,Local Road
T20120007049,2012-03-23,22:40:00,1,Collision with vehicle,6,Friday,121,RIGHT THROUGH,3,46479,2,0,0,2,1,3,1,4,Multiple intersection,3,60,Local Road
T20120007077,2012-03-23,19:30:00,1,Collision with vehicle,6,Friday,135,LANE CHANGE LEFT (NOT OVERTAKING),2,253518,2,0,0,1,2,3,2,5,Not at intersection,3,999,Arterial Highway
T20120007085,2012-03-23,08:15:00,1,Collision with vehicle,6,Friday,130,REAR END(VEHICLES IN SAME LANE),1,250718,2,0,0,3,1,4,2,5,Not at intersection,3,60,Arterial Other
T20120007025,2012-03-23,16:30:00,1,Collision with vehicle,6,Friday,110,CROSS TRAFFIC(INTERSECTIONS ONLY),1,42280,2,0,0,1,2,3,1,1,Cross intersection,3,60,Local Road
T20120007024,2012-03-23,16:50:00,7,Fall from or in moving vehicle,6,Friday,174,OUT OF CONTROL ON CARRIAGEWAY (ON STRAIGHT),1,250630,2,0,1,0,1,2,1,5,Not at intersection,2,60,Arterial Other
T20120007289,2012-03-23,15:00:00,1,Collision with vehicle,6,Friday,131,LEFT REAR,1,46792,2,0,0,1,1,2,2,2,T intersection,3,60,Arterial Other
T20120009442,2012-03-23,17:15:00,1,Collision with vehicle,6,Friday,121,RIGHT THROUGH,1,41454,2,0,0,1,1,2,1,2,T intersection,3,70,Arterial Highway
T20120007073,2012-03-23,13:00:00,2,Struck Pedestrian,6,Friday,107,PED ON FOOTHPATH STRUCK BY VEHENTERING/LEAVING DRIVEWAY.,1,39861,1,0,0,1,1,2,2,1,Cross intersection,3,60,Arterial Other
T20120007657,2012-03-23,20:30:00,2,Struck Pedestrian,6,Friday,100,PED NEAR SIDE. PED HIT BY VEHICLE FROM THE RIGHT.,6,38293,1,0,1,0,1,2,2,1,Cross intersection,2,70,Arterial Other
T20120007104,2012-03-23,19:20:00,4,Collision with a fixed object,6,Friday,179,OTHER ACCIDENTS-OFF STRAIGHT NOT INCLUDED IN DCAs 170-175,4,252897,1,0,0,1,0,1,1,2,T intersection,3,80,Local Road
T20120008138,2012-03-23,17:00:00,1,Collision with vehicle,6,Friday,121,RIGHT THROUGH,1,36628,2,0,0,1,1,2,2,2,T intersection,3,60,Local Road
T20120007019,2012-03-23,15:30:00,1,Collision with vehicle,6,Friday,130,REAR END(VEHICLES IN SAME LANE),1,221629,2,0,0,2,2,4,1,2,T intersection,3,70,Arterial Other
T20120007535,2012-03-23,01:30:00,1,Collision with vehicle,6,Friday,160,VEHICLE COLLIDES WITH VEHICLE PARKED ON LEFT OF ROAD,5,38651,2,0,0,1,0,1,2,2,T intersection,3,60,Arterial Highway
T20120007023,2012-03-23,09:00:00,1,Collision with vehicle,6,Friday,163,VEHICLE STRIKES DOOR OF PARKED/STATIONARY VEHICLE,1,250629,2,0,0,1,2,3,2,5,Not at intersection,3,50,
T20120007221,2012-03-23,17:17:00,1,Collision with vehicle,6,Friday,130,REAR END(VEHICLES IN SAME LANE),1,250866,3,0,1,0,3,4,1,5,Not at intersection,2,60,Local Road
T20120008413,2012-03-23,11:00:00,4,Collision with a fixed object,6,Friday,171,LEFT OFF CARRIAGEWAY INTO OBJECT/PARKED VEHICLE,1,251030,1,0,0,1,0,1,2,5,Not at intersection,3,999,Arterial Highway
T20120007081,2012-03-24,12:15:00,1,Collision with vehicle,7,Saturday,113,RIGHT NEAR (INTERSECTIONS ONLY),1,278467,2,0,0,1,1,2,1,2,T intersection,3,80,Local Road
T20120007194,2012-03-24,19:50:00,1,Collision with vehicle,7,Saturday,132,RIGHT REAR.,2,61817,2,0,0,1,1,2,2,2,T intersection,3,999,Local Road
T20120007432,2012-03-24,03:00:00,1,Collision with vehicle,7,Saturday,130,REAR END(VEHICLES IN SAME LANE),3,10728,2,0,0,1,1,2,2,1,Cross intersection,3,70,Freeway
T20120007066,2012-03-24,10:50:00,4,Collision with a fixed object,7,Saturday,171,LEFT OFF CARRIAGEWAY INTO OBJECT/PARKED VEHICLE,1,250706,1,0,0,1,0,1,1,5,Not at intersection,3,80,Arterial Other
T20120007438,2012-03-24,16:30:00,1,Collision with vehicle,7,Saturday,120,HEAD ON (NOT OVERTAKING),1,255518,3,0,0,1,1,2,1,5,Not at intersection,3,50,Local Road
T20120007076,2012-03-24,12:55:00,2,Struck Pedestrian,7,Saturday,100,PED NEAR SIDE. PED HIT BY VEHICLE FROM THE RIGHT.,1,43716,1,0,0,1,1,2,1,1,Cross intersection,3,60,Local Road
T20120012716,2012-03-24,14:00:00,1,Collision with vehicle,7,Saturday,130,REAR END(VEHICLES IN SAME LANE),1,1013,4,0,0,1,4,5,2,1,Cross intersection,3,70,Arterial Highway
T20120007871,2012-03-24,21:05:00,1,Collision with vehicle,7,Saturday,130,REAR END(VEHICLES IN SAME LANE),5,251003,3,0,0,2,3,5,1,5,Not at intersection,3,60,
T20120007053,2012-03-24,02:40:00,4,Collision with a fixed object,6,Saturday,173,RIGHT OFF CARRIAGEWAY INTO OBJECT/PARKED VEHICLE,3,355822,1,0,1,0,0,1,1,5,Not at intersection,2,60,Arterial Other
T20120007126,2012-03-24,13:20:00,1,Collision with vehicle,7,Saturday,160,VEHICLE COLLIDES WITH VEHICLE PARKED ON LEFT OF ROAD,1,250734,2,0,0,1,1,2,1,5,Not at intersection,3,60,Local Road
T20120009926,2012-03-24,09:00:00,1,Collision with vehicle,7,Saturday,147,VEHICLE STRIKES ANOTHER VEH WHILE EMERGING FROM DRIVEWAY,1,251525,2,0,0,1,3,4,2,5,Not at intersection,3,50,Local Road
T20120007078,2012-03-24,12:00:00,1,Collision with vehicle,7,Saturday,130,REAR END(VEHICLES IN SAME LANE),1,250708,2,0,0,2,2,4,1,5,Not at intersection,3,70,Local Road
T20120007070,2012-03-24,11:30:00,1,Collision with vehicle,7,Saturday,140,U TURN,1,50339,2,0,0,1,1,2,1,2,T intersection,3,50,Local Road
T20120008144,2012-03-24,15:40:00,1,Collision with vehicle,7,Saturday,130,REAR END(VEHICLES IN SAME LANE),1,43849,3,0,0,2,2,4,2,2,T intersection,3,60,Arterial Other
T20120007088,2012-03-24,15:39:00,1,Collision with vehicle,7,Saturday,121,RIGHT THROUGH,1,57579,2,0,1,0,1,2,1,2,T intersection,2,80,Arterial Highway
T20120007179,2012-03-24,09:40:00,1,Collision with vehicle,7,Saturday,130,REAR END(VEHICLES IN SAME LANE),1,39340,2,0,1,0,1,2,1,2,T intersection,2,60,Local Road
T20120007084,2012-03-24,12:20:00,4,Collision with a fixed object,7,Saturday,183,OFF LEFT BEND INTO OBJECT/PARKED VEHICLE,1,250715,1,0,0,1,2,3,1,5,Not at intersection,3,100,Local Road
T20120007285,2012-03-24,16:41:00,1,Collision with vehicle,7,Saturday,163,VEHICLE STRIKES DOOR OF PARKED/STATIONARY VEHICLE,1,66053,2,0,1,0,1,2,1,2,T intersection,2,40,Arterial Other
T20120007083,2012-03-24,13:40:00,1,Collision with vehicle,7,Saturday,110,CROSS TRAFFIC(INTERSECTIONS ONLY),1,250713,2,0,0,1,2,3,1,1,Cross intersection,3,50,Local Road
T20120007143,2012-03-24,16:00:00,8,No collision and no object struck,7,Saturday,174,OUT OF CONTROL ON CARRIAGEWAY (ON STRAIGHT),1,250989,1,0,0,1,0,1,2,5,Not at intersection,3,999,Local Road