ACCIDENT_NO,ACCIDENT_DATE,ACCIDENT_TIME,ACCIDENT_TYPE,ACCIDENT_TYPE_DESC,DAY_OF_WEEK,DAY_WEEK_DESC,DCA_CODE,DCA_DESC,LIGHT_CONDITION,NODE_ID,NO_OF_VEHICLES,NO_PERSONS_KILLED,NO_PERSONS_INJ_2,NO_PERSONS_INJ_3,NO_PERSONS_NOT_INJ,NO_PERSONS,POLICE_ATTEND,ROAD_GEOMETRY,ROAD_GEOMETRY_DESC,SEVERITY,SPEED_ZONE,RMA
T20120007096,2012-03-24,15:41:00,2,Struck Pedestrian,7,Saturday,102,FAR SIDE. PED HIT BY VEHICLE FROM THE LEFT,1,250725,1,0,0,1,1,2,1,5,Not at intersection,3,50,Local Road
T20120007100,2012-03-24,15:00:00,1,Collision with vehicle,7,Saturday,130,REAR END(VEHICLES IN SAME LANE),1,250727,3,0,3,0,1,4,1,5,Not at intersection,2,60,Arterial Other
T20120007097,2012-03-24,17:45:00,4,Collision with a fixed object,7,Saturday,171,LEFT OFF CARRIAGEWAY INTO OBJECT/PARKED VEHICLE,1,250726,2,0,1,0,1,2,1,5,Not at intersection,2,50,Local Road
T20120007094,2012-03-24,02:00:00,4,Collision with a fixed object,7,Saturday,183,OFF LEFT BEND INTO OBJECT/PARKED VEHICLE,5,250721,1,0,0,1,0,1,1,5,Not at intersection,3,100,Local Road
T20120007087,2012-03-24,15:08:00,2,Struck Pedestrian,7,Saturday,102,FAR SIDE. PED HIT BY VEHICLE FROM THE LEFT,1,42913,1,1,0,0,1,2,1,1,Cross intersection,1,60,Local Road
T20120007050,2012-03-24,00:22:00,1,Collision with vehicle,6,Saturday,130,REAR END(VEHICLES IN SAME LANE),3,355312,5,0,1,0,6,7,1,5,Not at intersection,2,80,Freeway
T20120007105,2012-03-24,14:50:00,1,Collision with vehicle,7,Saturday,150,HEAD ON(OVERTAKING),1,250729,2,0,1,1,3,5,1,5,Not at intersection,2,100,Arterial Other
T20120007107,2012-03-24,17:25:00,1,Collision with vehicle,7,Saturday,121,RIGHT THROUGH,1,38235,2,0,0,2,2,4,1,1,Cross intersection,3,60,Arterial Highway
T20120007071,2012-03-24,10:20:00,1,Collision with vehicle,7,Saturday,110,CROSS TRAFFIC(INTERSECTIONS ONLY),1,52869,2,0,0,2,1,3,1,1,Cross intersection,3,60,Arterial Other
T20120007091,2012-03-24,14:10:00,6,Vehicle overturned (no collision),7,Saturday,184,OUT OF CONTROL ON CARRIAGEWAY (ON BEND),1,250862,2,0,1,0,1,2,1,5,Not at intersection,2,100,Arterial Other
T20120007113,2012-03-24,23:20:00,1,Collision with vehicle,7,Saturday,120,HEAD ON (NOT OVERTAKING),3,252967,2,0,3,0,0,3,1,5,Not at intersection,2,70,Arterial Other
T20120007095,2012-03-24,16:00:00,1,Collision with vehicle,7,Saturday,110,CROSS TRAFFIC(INTERSECTIONS ONLY),1,16755,2,0,3,0,0,3,1,1,Cross intersection,2,100,Local Road
T20120007304,2012-03-24,17:00:00,8,No collision and no object struck,7,Saturday,174,OUT OF CONTROL ON CARRIAGEWAY (ON STRAIGHT),1,250702,1,0,0,1,0,1,2,5,Not at intersection,3,100,Local Road
T20120011563,2012-03-25,00:15:00,8,No collision and no object struck,1,Sunday,172,OFF CARRIAGEWAY TO RIGHT,6,54525,1,0,0,1,0,1,2,1,Cross intersection,3,50,Arterial Highway
T20120007127,2012-03-25,07:55:00,4,Collision with a fixed object,1,Sunday,173,RIGHT OFF CARRIAGEWAY INTO OBJECT/PARKED VEHICLE,1,251688,1,0,1,0,0,1,1,5,Not at intersection,2,80,Freeway
T20120007134,2012-03-25,10:43:00,1,Collision with vehicle,1,Sunday,120,HEAD ON (NOT OVERTAKING),1,57564,2,0,1,1,0,2,1,2,T intersection,2,60,Arterial Other
T20120007136,2012-03-25,09:00:00,4,Collision with a fixed object,1,Sunday,171,LEFT OFF CARRIAGEWAY INTO OBJECT/PARKED VEHICLE,1,250736,1,0,1,0,0,1,1,5,Not at intersection,2,100,Arterial Other
T20120007137,2012-03-25,11:35:00,1,Collision with vehicle,1,Sunday,113,RIGHT NEAR (INTERSECTIONS ONLY),1,42166,2,0,0,2,2,4,1,2,T intersection,3,60,Arterial Other
T20120007140,2012-03-25,09:40:00,1,Collision with vehicle,1,Sunday,169,OTHER ON PATH,1,250738,2,0,1,0,0,1,1,2,T intersection,2,50,Local Road
T20120007141,2012-03-25,12:30:00,1,Collision with vehicle,1,Sunday,110,CROSS TRAFFIC(INTERSECTIONS ONLY),1,29601,2,0,1,0,3,4,1,1,Cross intersection,2,60,Local Road
T20120007144,2012-03-25,12:00:00,1,Collision with vehicle,1,Sunday,139,OTHER SAME DIRECTION-MANOUEVRES NOT INCLUDED IN DCAs 130-137,1,250769,2,0,0,1,3,4,1,1,Cross intersection,3,80,Local Road
T20120007151,2012-03-25,15:10:00,1,Collision with vehicle,1,Sunday,133,LANE SIDE SWIPE (VEHICLES IN PARALLEL LANES),1,250776,2,0,1,0,1,2,1,5,Not at intersection,2,60,Arterial Other
T20120007152,2012-03-25,13:05:00,1,Collision with vehicle,1,Sunday,163,VEHICLE STRIKES DOOR OF PARKED/STATIONARY VEHICLE,1,250778,2,0,0,1,1,2,1,5,Not at intersection,3,50,Arterial Highway
T20120007154,2012-03-25,15:37:00,1,Collision with vehicle,1,Sunday,131,LEFT REAR,1,45209,2,0,0,1,1,2,1,2,T intersection,3,50,Arterial Other
T20120007160,2012-03-25,16:36:00,1,Collision with vehicle,1,Sunday,113,RIGHT NEAR (INTERSECTIONS ONLY),1,72446,2,0,1,0,1,2,1,2,T intersection,2,60,Local Road
T20120007162,2012-03-25,18:50:00,2,Struck Pedestrian,1,Sunday,101,PED EMERGES FROM IN FRONT OF PARKED OR STATIONARY VEHICLE,1,250784,1,0,1,0,1,2,1,5,Not at intersection,2,70,Arterial Highway
T20120007164,2012-03-25,15:20:00,1,Collision with vehicle,1,Sunday,116,LEFT NEAR (INTERSECTIONS ONLY),1,39508,2,0,1,0,4,5,1,2,T intersection,2,70,Local Road
T20120007175,2012-03-25,23:15:00,4,Collision with a fixed object,1,Sunday,173,RIGHT OFF CARRIAGEWAY INTO OBJECT/PARKED VEHICLE,5,250786,1,0,1,0,0,1,1,5,Not at intersection,2,70,Arterial Other
T20120007139,2012-03-25,12:03:00,1,Collision with vehicle,0,Sunday,143,ENTERING PARKING,1,355315,3,0,1,0,3,4,1,5,Not at intersection,2,50,Local Road
T20120007168,2012-03-25,13:50:00,1,Collision with vehicle,0,Sunday,130,REAR END(VEHICLES IN SAME LANE),1,29911,2,0,0,2,2,4,2,2,T intersection,3,70,Arterial Other
T20120007227,2012-03-25,20:30:00,6,Vehicle overturned (no collision),1,Sunday,172,OFF CARRIAGEWAY TO RIGHT,5,250868,1,0,2,0,0,2,1,5,Not at intersection,2,100,Local Road
T20120007166,2012-03-25,11:30:00,1,Collision with vehicle,1,Sunday,121,RIGHT THROUGH,1,250785,2,0,0,1,1,2,2,5,Not at intersection,3,60,Arterial Other
T20120007203,2012-03-25,10:00:00,1,Collision with vehicle,1,Sunday,139,OTHER SAME DIRECTION-MANOUEVRES NOT INCLUDED IN DCAs 130-137,1,46573,2,0,0,1,1,2,1,2,T intersection,3,60,Arterial Other
T20120008935,2012-03-25,21:45:00,4,Collision with a fixed object,1,Sunday,173,RIGHT OFF CARRIAGEWAY INTO OBJECT/PARKED VEHICLE,5,251172,1,0,0,1,0,1,2,5,Not at intersection,3,100,
T20120007114,2012-03-25,00:40:00,2,Struck Pedestrian,1,Sunday,103,PED PLAYING/LYING/WORKING/STANDING ON CARRIAGEWAY.,3,250730,1,0,0,1,1,2,1,5,Not at intersection,3,50,Local Road
T20120007116,2012-03-25,00:00:00,1,Collision with vehicle,1,Sunday,160,VEHICLE COLLIDES WITH VEHICLE PARKED ON LEFT OF ROAD,5,250902,2,1,0,2,0,3,1,5,Not at intersection,1,110,Freeway
T20120007120,2012-03-25,04:15:00,2,Struck Pedestrian,1,Sunday,109,ANY MANOEUVRE INVOLVING PED NOT INCLUDED IN DCAs 100-108.,3,36899,1,0,0,1,1,2,1,2,T intersection,3,60,Arterial Other
T20120007122,2012-03-25,03:24:00,1,Collision with vehicle,1,Sunday,160,VEHICLE COLLIDES WITH VEHICLE PARKED ON LEFT OF ROAD,3,252317,2,0,0,1,0,1,1,5,Not at intersection,3,100,Freeway
T20120007123,2012-03-25,03:45:00,1,Collision with vehicle,1,Sunday,162,ACCIDENT OR BROKEN DOWN,3,250733,2,0,3,0,4,7,1,5,Not at intersection,2,80,Freeway
T20120007169,2012-03-25,16:45:00,1,Collision with vehicle,1,Sunday,130,REAR END(VEHICLES IN SAME LANE),1,35527,2,0,0,1,4,5,1,2,T intersection,3,60,Arterial Other
T20120007307,2012-03-26,17:45:00,1,Collision with vehicle,2,Monday,120,HEAD ON (NOT OVERTAKING),1,250704,2,0,0,1,1,2,1,5,Not at intersection,3,100,Arterial Other
T20120007336,2012-03-26,18:05:00,6,Vehicle overturned (no collision),2,Monday,172,OFF CARRIAGEWAY TO RIGHT,1,250714,1,0,0,3,0,3,1,5,Not at intersection,3,100,Arterial Highway
T20120007262,2012-03-26,16:34:00,2,Struck Pedestrian,2,Monday,107,PED ON FOOTHPATH STRUCK BY VEHENTERING/LEAVING DRIVEWAY.,1,250683,1,0,1,0,1,2,1,5,Not at intersection,2,999,Local Road
T20120007260,2012-03-26,10:40:00,1,Collision with vehicle,2,Monday,130,REAR END(VEHICLES IN SAME LANE),1,250681,2,0,0,1,1,2,1,5,Not at intersection,3,100,Freeway
T20120007250,2012-03-26,16:44:00,8,No collision and no object struck,2,Monday,172,OFF CARRIAGEWAY TO RIGHT,1,250679,1,0,1,0,0,1,1,5,Not at intersection,2,100,
T20120007237,2012-03-26,17:20:00,1,Collision with vehicle,2,Monday,135,LANE CHANGE LEFT (NOT OVERTAKING),1,250875,2,0,1,0,2,3,1,5,Not at intersection,2,60,Local Road
T20120007228,2012-03-26,10:05:00,1,Collision with vehicle,2,Monday,130,REAR END(VEHICLES IN SAME LANE),1,48329,2,0,0,1,1,2,1,2,T intersection,3,70,Arterial Other
T20120007249,2012-03-26,05:30:00,1,Collision with vehicle,2,Monday,110,CROSS TRAFFIC(INTERSECTIONS ONLY),2,29816,2,0,0,1,1,2,2,1,Cross intersection,3,70,Arterial Other
T20120007236,2012-03-26,15:30:00,6,Vehicle overturned (no collision),2,Monday,172,OFF CARRIAGEWAY TO RIGHT,1,250990,1,0,0,1,0,1,1,5,Not at intersection,3,100,Arterial Other
T20120007234,2012-03-26,16:30:00,1,Collision with vehicle,2,Monday,130,REAR END(VEHICLES IN SAME LANE),1,250872,2,0,0,1,2,3,2,5,Not at intersection,3,70,Arterial Other
T20120007233,2012-03-26,08:25:00,1,Collision with vehicle,2,Monday,130,REAR END(VEHICLES IN SAME LANE),1,128309,2,0,0,2,2,4,2,5,Not at intersection,3,40,Local Road
T20120007248,2012-03-26,16:15:00,1,Collision with vehicle,2,Monday,149,OTHER MANOEUVRING NOT INCLUDED IN DCAs 140-148,1,39876,2,0,0,1,1,2,2,1,Cross intersection,3,60,Local Road
T20120007244,2012-03-26,17:50:00,1,Collision with vehicle,2,Monday,130,REAR END(VEHICLES IN SAME LANE),1,250675,2,0,0,2,0,2,1,5,Not at intersection,3,60,Arterial Other
T20120007231,2012-03-26,17:01:00,1,Collision with vehicle,2,Monday,130,REAR END(VEHICLES IN SAME LANE),1,240421,4,0,1,1,6,8,1,1,Cross intersection,2,60,Arterial Other
T20120007230,2012-03-26,15:49:00,1,Collision with vehicle,2,Monday,133,LANE SIDE SWIPE (VEHICLES IN PARALLEL LANES),1,250870,3,0,0,1,3,4,1,5,Not at intersection,3,100,Freeway
T20120007241,2012-03-26,19:08:00,1,Collision with vehicle,2,Monday,140,U TURN,2,250673,2,0,1,0,1,2,1,5,Not at intersection,2,60,Local Road
T20120009312,2012-03-26,08:30:00,1,Collision with vehicle,2,Monday,130,REAR END(VEHICLES IN SAME LANE),1,252611,3,0,0,1,2,3,2,5,Not at intersection,3,70,Arterial Other
T20120007225,2012-03-26,14:38:00,1,Collision with vehicle,2,Monday,110,CROSS TRAFFIC(INTERSECTIONS ONLY),1,51146,2,0,1,2,0,3,1,1,Cross intersection,2,100,Local Road
T20120007224,2012-03-26,08:20:00,1,Collision with vehicle,2,Monday,131,LEFT REAR,1,42680,2,0,0,1,1,2,2,2,T intersection,3,999,Arterial Other
T20120007240,2012-03-26,16:15:00,8,No collision and no object struck,2,Monday,174,OUT OF CONTROL ON CARRIAGEWAY (ON STRAIGHT),1,234609,2,0,1,0,1,2,1,1,Cross intersection,2,80,Arterial Highway
T20120007218,2012-03-26,10:32:00,1,Collision with vehicle,2,Monday,113,RIGHT NEAR (INTERSECTIONS ONLY),1,52744,2,0,0,1,1,2,1,1,Cross intersection,3,60,Local Road
T20120007367,2012-03-26,12:00:00,1,Collision with vehicle,2,Monday,130,REAR END(VEHICLES IN SAME LANE),1,40424,3,0,0,1,2,3,2,1,Cross intersection,3,60,Arterial Other
T20120007217,2012-03-26,13:55:00,1,Collision with vehicle,2,Monday,160,VEHICLE COLLIDES WITH VEHICLE PARKED ON LEFT OF ROAD,1,250864,3,0,1,0,0,1,1,5,Not at intersection,2,60,
T20120007392,2012-03-26,19:30:00,1,Collision with vehicle,2,Monday,131,LEFT REAR,1,40961,2,0,0,2,1,3,2,1,Cross intersection,3,70,Arterial Other
T20120007239,2012-03-26,17:55:00,4,Collision with a fixed object,2,Monday,171,LEFT OFF CARRIAGEWAY INTO OBJECT/PARKED VEHICLE,1,250670,1,0,1,0,0,1,2,5,Not at intersection,2,999,Local Road
T20120007544,2012-03-26,15:00:00,1,Collision with vehicle,2,Monday,130,REAR END(VEHICLES IN SAME LANE),1,250930,4,0,0,2,3,5,2,5,Not at intersection,3,50,
T20120007281,2012-03-26,17:50:00,1,Collision with vehicle,2,Monday,110,CROSS TRAFFIC(INTERSECTIONS ONLY),1,35606,2,0,0,1,1,2,1,1,Cross intersection,3,60,Arterial Other
T20120007184,2012-03-26,08:25:00,1,Collision with vehicle,2,Monday,110,CROSS TRAFFIC(INTERSECTIONS ONLY),1,69130,2,0,1,0,2,3,1,4,Multiple intersection,2,40,Local Road
T20120007191,2012-03-26,09:00:00,1,Collision with vehicle,2,Monday,140,U TURN,1,39511,2,0,2,1,0,3,1,2,T intersection,2,70,Local Road
T20120007195,2012-03-26,10:25:00,1,Collision with vehicle,2,Monday,121,RIGHT THROUGH,1,45557,2,0,0,1,3,4,1,1,Cross intersection,3,50,Arterial Other
T20120007196,2012-03-26,06:40:00,4,Collision with a fixed object,2,Monday,171,LEFT OFF CARRIAGEWAY INTO OBJECT/PARKED VEHICLE,1,28872,1,0,2,0,0,2,1,1,Cross intersection,2,80,Arterial Highway
T20120007198,2012-03-26,11:30:00,1,Collision with vehicle,2,Monday,142,LEAVING PARKING,1,251210,2,0,0,1,1,2,1,5,Not at intersection,3,50,Local Road
T20120007201,2012-03-26,11:35:00,2,Struck Pedestrian,2,Monday,100,PED NEAR SIDE. PED HIT BY VEHICLE FROM THE RIGHT.,1,35446,1,0,1,0,1,2,1,2,T intersection,2,60,Arterial Other
T20120007205,2012-03-26,11:40:00,1,Collision with vehicle,2,Monday,121,RIGHT THROUGH,1,35318,2,0,0,1,1,2,1,1,Cross intersection,3,40,Local Road
T20120007229,2012-03-26,16:14:00,2,Struck Pedestrian,2,Monday,108,PED STRUCK WALKING TO/FROM OR BOARDING/ALIGHTING VEHICLE.,1,36221,1,0,1,0,1,2,1,1,Cross intersection,2,60,Arterial Other
T20120007278,2012-03-26,06:00:00,8,No collision and no object struck,2,Monday,174,OUT OF CONTROL ON CARRIAGEWAY (ON STRAIGHT),3,207350,2,0,0,1,1,2,2,5,Not at intersection,3,40,Local Road
T20120007654,2012-03-27,21:51:00,4,Collision with a fixed object,3,Tuesday,181,OFF RIGHT BEND INTO OBJECT/PARKED VEHICLE,5,250354,1,1,0,0,0,1,1,5,Not at intersection,1,80,Arterial Highway
T20120007825,2012-03-27,16:40:00,1,Collision with vehicle,3,Tuesday,130,REAR END(VEHICLES IN SAME LANE),1,237965,3,0,0,1,2,3,2,2,T intersection,3,80,Arterial Other
T20120007647,2012-03-27,17:52:00,1,Collision with vehicle,3,Tuesday,130,REAR END(VEHICLES IN SAME LANE),1,250780,3,0,1,1,2,4,1,5,Not at intersection,2,80,Arterial Highway
T20120007276,2012-03-27,08:30:00,1,Collision with vehicle,3,Tuesday,113,RIGHT NEAR (INTERSECTIONS ONLY),1,233847,2,0,0,1,2,3,1,2,T intersection,3,80,Arterial Highway
T20120007389,2012-03-27,09:45:00,1,Collision with vehicle,3,Tuesday,130,REAR END(VEHICLES IN SAME LANE),1,248260,2,0,0,1,1,2,1,2,T intersection,3,50,Local Road
T20120007351,2012-03-27,16:25:00,1,Collision with vehicle,3,Tuesday,146,REVERSING INTO FIXED OBJECT/PARKED VEHICLE,1,248292,3,0,1,0,0,1,1,2,T intersection,2,50,Local Road
T20120007350,2012-03-27,18:30:00,1,Collision with vehicle,3,Tuesday,110,CROSS TRAFFIC(INTERSECTIONS ONLY),1,50699,2,0,0,1,2,3,1,1,Cross intersection,3,70,Arterial Highway
T20120007341,2012-03-27,19:30:00,4,Collision with a fixed object,3,Tuesday,171,LEFT OFF CARRIAGEWAY INTO OBJECT/PARKED VEHICLE,3,250719,1,0,1,1,0,2,1,5,Not at intersection,2,100,Freeway
T20120007255,2012-03-27,00:35:00,1,Collision with vehicle,3,Tuesday,149,OTHER MANOEUVRING NOT INCLUDED IN DCAs 140-148,3,253519,2,0,0,1,1,2,1,5,Not at intersection,3,50,Local Road
T20120007264,2012-03-27,06:03:00,1,Collision with vehicle,3,Tuesday,130,REAR END(VEHICLES IN SAME LANE),3,189453,2,0,2,0,0,2,1,5,Not at intersection,2,50,Local Road
T20120007266,2012-03-27,08:50:00,1,Collision with vehicle,3,Tuesday,116,LEFT NEAR (INTERSECTIONS ONLY),1,52611,2,0,0,2,0,2,1,2,T intersection,3,50,Local Road
T20120007267,2012-03-27,07:45:00,1,Collision with vehicle,3,Tuesday,134,LANE CHANGE RIGHT (NOT OVERTAKING),1,250685,3,0,2,0,2,4,1,5,Not at intersection,2,60,Arterial Highway
T20120007269,2012-03-27,08:40:00,2,Struck Pedestrian,3,Tuesday,100,PED NEAR SIDE. PED HIT BY VEHICLE FROM THE RIGHT.,1,45527,1,0,0,1,1,2,1,1,Cross intersection,3,60,Arterial Other
T20120007271,2012-03-27,08:30:00,8,No collision and no object struck,3,Tuesday,174,OUT OF CONTROL ON CARRIAGEWAY (ON STRAIGHT),1,250686,1,0,0,1,0,1,2,5,Not at intersection,3,40,Arterial Other
T20120007330,2012-03-27,15:24:00,2,Struck Pedestrian,3,Tuesday,100,PED NEAR SIDE. PED HIT BY VEHICLE FROM THE RIGHT.,1,250712,1,0,0,1,1,2,1,2,T intersection,3,50,Local Road
T20120007325,2012-03-27,09:45:00,5,collision with some other object,3,Tuesday,191,LOAD OR MISSILE STRUCK VEHICLE,1,250711,1,0,0,1,1,2,2,5,Not at intersection,3,100,
T20120007324,2012-03-27,17:05:00,2,Struck Pedestrian,3,Tuesday,109,ANY MANOEUVRE INVOLVING PED NOT INCLUDED IN DCAs 100-108.,1,250709,1,0,0,1,1,2,1,5,Not at intersection,3,40,Local Road
T20120007317,2012-03-27,16:05:00,8,No collision and no object struck,3,Tuesday,174,OUT OF CONTROL ON CARRIAGEWAY (ON STRAIGHT),1,36838,2,0,0,1,1,2,1,2,T intersection,3,50,Arterial Other
T20120007311,2012-03-27,07:50:00,1,Collision with vehicle,3,Tuesday,133,LANE SIDE SWIPE (VEHICLES IN PARALLEL LANES),1,39704,2,0,0,1,1,2,2,1,Cross intersection,3,70,Arterial Other
T20120007309,2012-03-27,14:00:00,2,Struck Pedestrian,3,Tuesday,107,PED ON FOOTHPATH STRUCK BY VEHENTERING/LEAVING DRIVEWAY.,1,250705,1,0,0,1,1,2,2,5,Not at intersection,3,999,Arterial Highway
T20120007306,2012-03-27,12:05:00,5,collision with some other object,3,Tuesday,166,STRUCK OBJECT ON CARRIAGEWAY,1,250703,1,0,1,0,0,1,1,5,Not at intersection,2,80,Arterial Highway
T20120007301,2012-03-27,09:50:00,2,Struck Pedestrian,3,Tuesday,109,ANY MANOEUVRE INVOLVING PED NOT INCLUDED IN DCAs 100-108.,1,250876,1,0,0,1,1,2,1,5,Not at intersection,3,50,Local Road
T20120007299,2012-03-27,14:28:00,1,Collision with vehicle,3,Tuesday,110,CROSS TRAFFIC(INTERSECTIONS ONLY),1,43367,2,0,0,1,1,2,1,4,Multiple intersection,3,60,Arterial Highway
T20120007297,2012-03-27,10:30:00,1,Collision with vehicle,3,Tuesday,130,REAR END(VEHICLES IN SAME LANE),1,250699,2,0,0,3,3,6,1,5,Not at intersection,3,60,Local Road
T20120007295,2012-03-27,11:40:00,4,Collision with a fixed object,3,Tuesday,181,OFF RIGHT BEND INTO OBJECT/PARKED VEHICLE,1,253794,1,0,1,0,0,1,1,5,Not at intersection,2,100,Arterial Other
T20120007274,2012-03-27,09:03:00,2,Struck Pedestrian,3,Tuesday,102,FAR SIDE. PED HIT BY VEHICLE FROM THE LEFT,1,39314,1,0,1,0,1,2,1,1,Cross intersection,2,60,Arterial Other
T20120007275,2012-03-27,08:50:00,1,Collision with vehicle,3,Tuesday,111,RIGHT FAR (INTERSECTIONS ONLY),1,44611,3,0,0,1,6,7,1,1,Cross intersection,3,60,Arterial Other
T20120007426,2012-03-28,20:40:00,2,Struck Pedestrian,4,Wednesday,100,PED NEAR SIDE. PED HIT BY VEHICLE FROM THE RIGHT.,3,250885,1,0,0,1,2,3,1,5,Not at intersection,3,60,Local Road
T20120007427,2012-03-28,18:14:00,1,Collision with vehicle,4,Wednesday,134,LANE CHANGE RIGHT (NOT OVERTAKING),1,252106,2,0,2,0,1,3,1,5,Not at intersection,2,100,Freeway
T20120007429,2012-03-28,17:45:00,2,Struck Pedestrian,4,Wednesday,109,ANY MANOEUVRE INVOLVING PED NOT INCLUDED IN DCAs 100-108.,1,53184,1,0,1,0,1,2,1,4,Multiple intersection,2,50,Arterial Other
T20120007430,2012-03-28,18:50:00,1,Collision with vehicle,4,Wednesday,133,LANE SIDE SWIPE (VEHICLES IN PARALLEL LANES),1,252203,2,1,0,0,1,2,1,5,Not at intersection,1,80,Arterial Highway
T20120007431,2012-03-28,23:35:00,1,Collision with vehicle,4,Wednesday,121,RIGHT THROUGH,3,1192,2,0,0,1,2,3,1,1,Cross intersection,3,50,Arterial Other
T20120007398,2012-03-28,11:30:00,1,Collision with vehicle,4,Wednesday,132,RIGHT REAR.,1,50437,3,0,0,2,5,7,1,1,Cross intersection,3,70,Arterial Highway
T20120007397,2012-03-28,15:05:00,2,Struck Pedestrian,4,Wednesday,101,PED EMERGES FROM IN FRONT OF PARKED OR STATIONARY VEHICLE,1,36379,1,0,0,2,0,2,1,2,T intersection,3,40,Local Road
T20120007395,2012-03-28,12:20:00,4,Collision with a fixed object,4,Wednesday,181,OFF RIGHT BEND INTO OBJECT/PARKED VEHICLE,1,251328,1,0,0,1,0,1,1,5,Not at intersection,3,100,Arterial Other
T20120007390,2012-03-28,13:50:00,8,No collision and no object struck,4,Wednesday,180,OFF CARRIAGEWAY ON RIGHT BEND,1,250737,1,0,0,1,0,1,1,5,Not at intersection,3,100,Arterial Other
T20120007451,2012-03-28,08:00:00,1,Collision with vehicle,4,Wednesday,130,REAR END(VEHICLES IN SAME LANE),1,57533,2,0,0,1,1,2,2,1,Cross intersection,3,70,Arterial Highway
T20120007384,2012-03-28,08:00:00,1,Collision with vehicle,3,Wednesday,110,CROSS TRAFFIC(INTERSECTIONS ONLY),1,320897,2,0,0,1,1,2,1,1,Cross intersection,3,70,Arterial Other
T20120007383,2012-03-28,07:05:00,1,Collision with vehicle,4,Wednesday,136,RIGHT TURN SIDESWIPE,1,43779,2,0,0,1,1,2,2,1,Cross intersection,3,60,Arterial Other
T20120007378,2012-03-28,12:21:00,1,Collision with vehicle,4,Wednesday,132,RIGHT REAR.,1,54254,2,0,0,1,1,2,1,2,T intersection,3,60,Arterial Other
T20120007374,2012-03-28,10:50:00,4,Collision with a fixed object,4,Wednesday,146,REVERSING INTO FIXED OBJECT/PARKED VEHICLE,1,251464,1,0,0,1,0,1,1,5,Not at intersection,3,50,Local Road
T20120007373,2012-03-28,10:15:00,1,Collision with vehicle,4,Wednesday,130,REAR END(VEHICLES IN SAME LANE),1,36579,2,0,1,0,1,2,1,2,T intersection,2,60,Arterial Other
T20120007369,2012-03-28,08:50:00,6,Vehicle overturned (no collision),4,Wednesday,172,OFF CARRIAGEWAY TO RIGHT,1,250731,1,0,1,0,0,1,1,5,Not at intersection,2,100,Local Road
T20120007363,2012-03-28,06:10:00,2,Struck Pedestrian,4,Wednesday,109,ANY MANOEUVRE INVOLVING PED NOT INCLUDED IN DCAs 100-108.,3,277036,1,1,0,1,0,2,1,5,Not at intersection,1,50,Arterial Highway
T20120007832,2012-03-28,06:15:00,1,Collision with vehicle,4,Wednesday,148,VEHICLE OFF FOOTPATH STRIKES VEH ON CARRIAGEWAY,2,250829,2,0,0,1,1,2,1,5,Not at intersection,3,60,Local Road
T20120007359,2012-03-28,06:30:00,8,No collision and no object struck,4,Wednesday,172,OFF CARRIAGEWAY TO RIGHT,5,252181,2,0,1,0,1,2,1,5,Not at intersection,2,100,Arterial Highway
T20120007358,2012-03-28,07:50:00,1,Collision with vehicle,4,Wednesday,121,RIGHT THROUGH,1,51039,2,0,1,1,0,2,1,2,T intersection,2,50,Local Road
T20120009333,2012-03-28,01:30:00,4,Collision with a fixed object,4,Wednesday,173,RIGHT OFF CARRIAGEWAY INTO OBJECT/PARKED VEHICLE,3,251303,1,0,1,0,0,1,1,5,Not at intersection,2,100,Arterial Highway
T20120007347,2012-03-28,02:19:00,4,Collision with a fixed object,4,Wednesday,179,OTHER ACCIDENTS-OFF STRAIGHT NOT INCLUDED IN DCAs 170-175,3,253702,1,0,0,1,0,1,1,5,Not at intersection,3,888,
T20120007491,2012-03-28,18:40:00,1,Collision with vehicle,4,Wednesday,140,U TURN,2,250894,2,0,0,1,1,2,2,5,Not at intersection,3,80,Arterial Other
T20120007425,2012-03-28,20:25:00,1,Collision with vehicle,4,Wednesday,113,RIGHT NEAR (INTERSECTIONS ONLY),3,250884,2,0,0,1,1,2,1,2,T intersection,3,60,Arterial Other
T20120007631,2012-03-28,20:30:00,8,No collision and no object struck,4,Wednesday,179,OTHER ACCIDENTS-OFF STRAIGHT NOT INCLUDED IN DCAs 170-175,5,253307,1,0,1,0,0,1,2,5,Not at intersection,2,100,Local Road
T20120007617,2012-03-28,16:25:00,1,Collision with vehicle,4,Wednesday,147,VEHICLE STRIKES ANOTHER VEH WHILE EMERGING FROM DRIVEWAY,1,250771,2,0,0,1,1,2,2,5,Not at intersection,3,999,Arterial Highway
T20120007712,2012-03-28,17:20:00,1,Collision with vehicle,4,Wednesday,110,CROSS TRAFFIC(INTERSECTIONS ONLY),1,44022,2,0,0,2,1,3,1,1,Cross intersection,3,100,Arterial Other