ACCIDENT_NO,ACCIDENT_DATE,ACCIDENT_TIME,ACCIDENT_TYPE,ACCIDENT_TYPE_DESC,DAY_OF_WEEK,DAY_WEEK_DESC,DCA_CODE,DCA_DESC,LIGHT_CONDITION,NODE_ID,NO_OF_VEHICLES,NO_PERSONS_KILLED,NO_PERSONS_INJ_2,NO_PERSONS_INJ_3,NO_PERSONS_NOT_INJ,NO_PERSONS,POLICE_ATTEND,ROAD_GEOMETRY,ROAD_GEOMETRY_DESC,SEVERITY,SPEED_ZONE,RMA
T20120007540,2012-03-28,10:54:00,1,Collision with vehicle,4,Wednesday,110,CROSS TRAFFIC(INTERSECTIONS ONLY),1,39643,2,0,0,1,1,2,1,1,Cross intersection,3,50,Local Road
T20120007726,2012-03-28,08:40:00,8,No collision and no object struck,4,Wednesday,184,OUT OF CONTROL ON CARRIAGEWAY (ON BEND),1,250951,1,0,1,0,0,1,2,2,T intersection,2,50,Local Road
T20120014058,2012-03-28,06:20:00,8,No collision and no object struck,4,Wednesday,174,OUT OF CONTROL ON CARRIAGEWAY (ON STRAIGHT),2,36375,1,0,0,1,0,1,9,1,Cross intersection,3,60,Arterial Other
T20120008502,2012-03-28,11:00:00,1,Collision with vehicle,4,Wednesday,130,REAR END(VEHICLES IN SAME LANE),1,32015,2,0,0,2,1,3,2,1,Cross intersection,3,999,Arterial Highway
T20120007580,2012-03-28,13:05:00,1,Collision with vehicle,4,Wednesday,160,VEHICLE COLLIDES WITH VEHICLE PARKED ON LEFT OF ROAD,1,42906,2,0,2,0,0,2,1,2,T intersection,2,60,Local Road
T20120007572,2012-03-28,13:40:00,6,Vehicle overturned (no collision),4,Wednesday,180,OFF CARRIAGEWAY ON RIGHT BEND,1,250751,1,0,1,0,0,1,1,5,Not at intersection,2,100,Arterial Other
T20120007419,2012-03-28,17:05:00,4,Collision with a fixed object,4,Wednesday,173,RIGHT OFF CARRIAGEWAY INTO OBJECT/PARKED VEHICLE,1,250883,1,0,0,1,0,1,1,5,Not at intersection,3,40,Arterial Highway
T20120007416,2012-03-28,14:27:00,2,Struck Pedestrian,4,Wednesday,102,FAR SIDE. PED HIT BY VEHICLE FROM THE LEFT,1,169901,1,0,1,0,2,3,1,5,Not at intersection,2,50,Local Road
T20120007415,2012-03-28,18:23:00,8,No collision and no object struck,3,Wednesday,174,OUT OF CONTROL ON CARRIAGEWAY (ON STRAIGHT),2,250882,1,0,0,1,0,1,2,5,Not at intersection,3,80,Arterial Highway
T20120007414,2012-03-28,15:55:00,1,Collision with vehicle,4,Wednesday,130,REAR END(VEHICLES IN SAME LANE),1,250880,3,0,0,1,2,3,1,5,Not at intersection,3,100,Freeway
T20120007413,2012-03-28,16:10:00,1,Collision with vehicle,4,Wednesday,121,RIGHT THROUGH,1,53504,2,0,0,1,1,2,1,1,Cross intersection,3,90,Arterial Highway
T20120007412,2012-03-28,15:45:00,1,Collision with vehicle,4,Wednesday,134,LANE CHANGE RIGHT (NOT OVERTAKING),1,250879,3,0,0,2,4,6,1,5,Not at intersection,3,80,Arterial Highway
T20120013393,2012-03-28,17:20:00,1,Collision with vehicle,4,Wednesday,130,REAR END(VEHICLES IN SAME LANE),1,253201,2,0,0,1,1,2,2,5,Not at intersection,3,100,Freeway
T20120007410,2012-03-28,14:00:00,8,No collision and no object struck,4,Wednesday,174,OUT OF CONTROL ON CARRIAGEWAY (ON STRAIGHT),1,250740,1,0,0,1,0,1,2,2,T intersection,3,999,Local Road
T20120007408,2012-03-28,16:16:00,1,Collision with vehicle,4,Wednesday,110,CROSS TRAFFIC(INTERSECTIONS ONLY),1,52036,2,0,1,2,2,5,1,1,Cross intersection,2,70,Local Road
T20120007407,2012-03-28,13:30:00,4,Collision with a fixed object,4,Wednesday,175,OFF END OF ROAD/T-INTERSECTION.,1,250877,2,0,0,1,1,2,1,2,T intersection,3,50,Local Road
T20120007402,2012-03-28,16:20:00,1,Collision with vehicle,4,Wednesday,119,OTHER ADJACENT (INTERSECTIONS ONLY),1,29940,2,0,0,1,2,3,2,2,T intersection,3,50,Local Road
T20120007401,2012-03-28,15:25:00,1,Collision with vehicle,4,Wednesday,121,RIGHT THROUGH,1,40594,2,0,0,1,1,2,1,2,T intersection,3,50,Arterial Other
T20120007436,2012-03-29,05:50:00,1,Collision with vehicle,5,Thursday,111,RIGHT FAR (INTERSECTIONS ONLY),3,236422,2,0,0,2,1,3,1,2,T intersection,3,60,Arterial Other
T20120007441,2012-03-29,06:45:00,1,Collision with vehicle,5,Thursday,113,RIGHT NEAR (INTERSECTIONS ONLY),3,41051,3,0,0,2,1,3,1,2,T intersection,3,60,Local Road
T20120007442,2012-03-29,07:10:00,1,Collision with vehicle,5,Thursday,113,RIGHT NEAR (INTERSECTIONS ONLY),2,250888,2,0,1,0,1,2,1,1,Cross intersection,2,80,Arterial Highway
T20120007444,2012-03-29,07:50:00,1,Collision with vehicle,5,Thursday,113,RIGHT NEAR (INTERSECTIONS ONLY),1,44164,2,0,0,1,2,3,1,2,T intersection,3,70,Arterial Other
T20120007453,2012-03-29,06:35:00,2,Struck Pedestrian,5,Thursday,100,PED NEAR SIDE. PED HIT BY VEHICLE FROM THE RIGHT.,1,29657,1,0,0,2,1,3,1,1,Cross intersection,3,50,Local Road
T20120007457,2012-03-29,08:40:00,1,Collision with vehicle,5,Thursday,130,REAR END(VEHICLES IN SAME LANE),1,30002,2,0,0,1,1,2,2,2,T intersection,3,80,Arterial Highway
T20120007458,2012-03-29,10:59:00,1,Collision with vehicle,5,Thursday,140,U TURN,1,38739,2,0,0,2,1,3,1,2,T intersection,3,60,Local Road
T20120007464,2012-03-29,13:20:00,1,Collision with vehicle,5,Thursday,163,VEHICLE STRIKES DOOR OF PARKED/STATIONARY VEHICLE,1,250889,2,0,1,0,3,4,1,5,Not at intersection,2,40,Arterial Other
T20120007465,2012-03-29,12:45:00,4,Collision with a fixed object,5,Thursday,181,OFF RIGHT BEND INTO OBJECT/PARKED VEHICLE,1,250890,1,0,0,1,0,1,2,5,Not at intersection,3,100,Arterial Other
T20120007468,2012-03-29,13:45:00,2,Struck Pedestrian,5,Thursday,100,PED NEAR SIDE. PED HIT BY VEHICLE FROM THE RIGHT.,1,40716,1,0,0,1,1,2,1,5,Not at intersection,3,60,Arterial Other
T20120015157,2012-03-29,17:05:00,1,Collision with vehicle,5,Thursday,130,REAR END(VEHICLES IN SAME LANE),1,253718,2,0,1,0,1,2,2,5,Not at intersection,2,70,Arterial Other
T20120007883,2012-03-29,00:30:00,1,Collision with vehicle,5,Thursday,142,LEAVING PARKING,9,253194,2,0,0,1,1,2,2,5,Not at intersection,3,999,Local Road
T20120007826,2012-03-29,16:10:00,1,Collision with vehicle,5,Thursday,130,REAR END(VEHICLES IN SAME LANE),1,257942,3,0,0,1,2,3,2,5,Not at intersection,3,80,Arterial Highway
T20120007471,2012-03-29,13:30:00,2,Struck Pedestrian,5,Thursday,100,PED NEAR SIDE. PED HIT BY VEHICLE FROM THE RIGHT.,1,42231,1,0,1,0,1,2,1,2,T intersection,2,50,Local Road
T20120028424,2012-03-29,07:50:00,1,Collision with vehicle,5,Thursday,113,RIGHT NEAR (INTERSECTIONS ONLY),1,35781,2,0,0,1,1,2,2,1,Cross intersection,3,50,Local Road
T20120007735,2012-03-29,05:45:00,4,Collision with a fixed object,5,Thursday,171,LEFT OFF CARRIAGEWAY INTO OBJECT/PARKED VEHICLE,5,250954,1,0,0,1,0,1,1,5,Not at intersection,3,100,Arterial Highway
T20120007582,2012-03-29,13:50:00,1,Collision with vehicle,5,Thursday,140,U TURN,1,250756,2,0,0,1,1,2,1,5,Not at intersection,3,60,Local Road
T20120007539,2012-03-29,18:25:00,1,Collision with vehicle,5,Thursday,121,RIGHT THROUGH,2,36827,2,0,0,1,1,2,2,2,T intersection,3,999,Arterial Other
T20120007536,2012-03-29,06:30:00,1,Collision with vehicle,5,Thursday,130,REAR END(VEHICLES IN SAME LANE),5,241508,2,0,1,0,1,2,2,5,Not at intersection,2,100,Freeway
T20120015252,2012-03-29,09:40:00,1,Collision with vehicle,5,Thursday,116,LEFT NEAR (INTERSECTIONS ONLY),1,238474,2,0,0,1,2,3,1,1,Cross intersection,3,50,Local Road
T20120008943,2012-03-29,12:00:00,1,Collision with vehicle,5,Thursday,135,LANE CHANGE LEFT (NOT OVERTAKING),1,251177,2,0,0,1,1,2,2,5,Not at intersection,3,999,Arterial Other
T20120009937,2012-03-29,09:00:00,1,Collision with vehicle,5,Thursday,130,REAR END(VEHICLES IN SAME LANE),9,42864,2,0,2,0,1,3,2,2,T intersection,2,60,Arterial Other
T20120007762,2012-03-29,12:05:00,1,Collision with vehicle,5,Thursday,116,LEFT NEAR (INTERSECTIONS ONLY),1,250803,2,0,0,1,1,2,2,4,Multiple intersection,3,50,Local Road
T20120007529,2012-03-29,20:40:00,2,Struck Pedestrian,5,Thursday,100,PED NEAR SIDE. PED HIT BY VEHICLE FROM THE RIGHT.,3,252279,1,1,0,0,3,4,1,5,Not at intersection,1,50,Local Road
T20120007516,2012-03-29,15:30:00,1,Collision with vehicle,5,Thursday,113,RIGHT NEAR (INTERSECTIONS ONLY),1,29727,2,0,2,1,1,4,1,2,T intersection,2,60,Arterial Highway
T20130006199,2012-03-29,12:30:00,1,Collision with vehicle,5,Thursday,130,REAR END(VEHICLES IN SAME LANE),1,258932,2,0,0,1,1,2,2,5,Not at intersection,3,60,Arterial Other
T20120007481,2012-03-29,16:30:00,1,Collision with vehicle,5,Thursday,121,RIGHT THROUGH,1,35514,2,0,0,1,2,3,1,1,Cross intersection,3,60,Arterial Other
T20120007490,2012-03-29,16:50:00,1,Collision with vehicle,5,Thursday,130,REAR END(VEHICLES IN SAME LANE),1,256118,2,0,0,1,1,2,1,5,Not at intersection,3,80,Local Road
T20120007508,2012-03-29,19:51:00,4,Collision with a fixed object,5,Thursday,171,LEFT OFF CARRIAGEWAY INTO OBJECT/PARKED VEHICLE,3,48076,1,0,1,1,0,2,1,2,T intersection,2,60,Arterial Other
T20120007507,2012-03-29,20:57:00,1,Collision with vehicle,5,Thursday,160,VEHICLE COLLIDES WITH VEHICLE PARKED ON LEFT OF ROAD,3,251376,2,0,1,0,0,1,1,5,Not at intersection,2,60,Local Road
T20120007504,2012-03-29,16:27:00,1,Collision with vehicle,5,Thursday,121,RIGHT THROUGH,1,37007,2,0,1,0,2,3,1,1,Cross intersection,2,50,Arterial Other
T20120007502,2012-03-29,20:34:00,1,Collision with vehicle,5,Thursday,113,RIGHT NEAR (INTERSECTIONS ONLY),3,37006,2,0,0,2,0,2,1,3,Y intersection,3,60,Arterial Highway
T20120007500,2012-03-29,15:42:00,1,Collision with vehicle,5,Thursday,121,RIGHT THROUGH,1,45524,2,0,1,0,1,2,1,1,Cross intersection,2,100,Arterial Other
T20120007496,2012-03-29,18:00:00,1,Collision with vehicle,5,Thursday,147,VEHICLE STRIKES ANOTHER VEH WHILE EMERGING FROM DRIVEWAY,1,250898,2,0,1,0,1,2,2,5,Not at intersection,2,999,Arterial Other
T20120007494,2012-03-29,17:00:00,1,Collision with vehicle,5,Thursday,130,REAR END(VEHICLES IN SAME LANE),1,36651,6,0,0,3,3,6,1,1,Cross intersection,3,80,Arterial Other
T20120007484,2012-03-29,17:20:00,1,Collision with vehicle,5,Thursday,134,LANE CHANGE RIGHT (NOT OVERTAKING),1,250893,2,0,1,0,1,2,1,5,Not at intersection,2,60,Arterial Highway
T20120007545,2012-03-29,14:30:00,4,Collision with a fixed object,5,Thursday,164,PERMANENT OBSTRUCTION ON CARRIAGEWAY,1,250931,1,0,1,0,0,1,1,5,Not at intersection,2,999,Local Road
T20120007589,2012-03-30,19:20:00,1,Collision with vehicle,6,Friday,110,CROSS TRAFFIC(INTERSECTIONS ONLY),2,52931,2,0,1,0,1,2,1,1,Cross intersection,2,60,Local Road
T20120007588,2012-03-30,18:05:00,1,Collision with vehicle,6,Friday,132,RIGHT REAR.,1,50354,3,0,1,1,2,4,1,2,T intersection,2,100,Arterial Highway
T20120007585,2012-03-30,15:45:00,1,Collision with vehicle,6,Friday,133,LANE SIDE SWIPE (VEHICLES IN PARALLEL LANES),1,250761,5,0,0,2,1,3,1,5,Not at intersection,3,60,Local Road
T20120007583,2012-03-30,17:30:00,4,Collision with a fixed object,6,Friday,141,U TURN INTO FIXED OBJECT/PARKED VEHICLE,1,250758,1,0,0,1,0,1,1,5,Not at intersection,3,999,Local Road
T20120007524,2012-03-30,11:00:00,1,Collision with vehicle,6,Friday,130,REAR END(VEHICLES IN SAME LANE),1,1137,2,0,0,1,1,2,2,1,Cross intersection,3,999,Arterial Other
T20120007594,2012-03-30,20:15:00,4,Collision with a fixed object,6,Friday,181,OFF RIGHT BEND INTO OBJECT/PARKED VEHICLE,5,252360,1,0,1,0,0,1,1,5,Not at intersection,2,100,Local Road
T20120007578,2012-03-30,16:25:00,1,Collision with vehicle,6,Friday,130,REAR END(VEHICLES IN SAME LANE),1,250754,4,0,1,0,4,5,1,5,Not at intersection,2,70,Arterial Other
T20120007577,2012-03-30,17:48:00,1,Collision with vehicle,6,Friday,121,RIGHT THROUGH,1,29364,2,0,0,1,1,2,1,2,T intersection,3,60,Arterial Highway
T20120008575,2012-03-30,06:05:00,1,Collision with vehicle,6,Friday,130,REAR END(VEHICLES IN SAME LANE),2,252320,3,0,0,1,2,3,2,5,Not at intersection,3,100,Freeway
T20120007569,2012-03-30,17:10:00,1,Collision with vehicle,6,Friday,121,RIGHT THROUGH,2,250937,2,0,1,0,1,2,1,2,T intersection,2,60,Local Road
T20120007567,2012-03-30,17:20:00,2,Struck Pedestrian,6,Friday,109,ANY MANOEUVRE INVOLVING PED NOT INCLUDED IN DCAs 100-108.,1,250750,1,0,0,1,1,2,1,5,Not at intersection,3,50,Local Road
T20120007558,2012-03-30,15:30:00,1,Collision with vehicle,5,Friday,163,VEHICLE STRIKES DOOR OF PARKED/STATIONARY VEHICLE,1,609199,2,0,1,0,1,2,1,2,T intersection,2,60,Arterial Other
T20120007557,2012-03-30,15:00:00,1,Collision with vehicle,6,Friday,116,LEFT NEAR (INTERSECTIONS ONLY),1,52945,2,0,0,2,0,2,1,1,Cross intersection,3,50,Local Road
T20120007537,2012-03-30,12:45:00,4,Collision with a fixed object,6,Friday,173,RIGHT OFF CARRIAGEWAY INTO OBJECT/PARKED VEHICLE,1,250928,1,0,0,1,0,1,1,5,Not at intersection,3,110,Freeway
T20120007600,2012-03-30,19:30:00,4,Collision with a fixed object,6,Friday,173,RIGHT OFF CARRIAGEWAY INTO OBJECT/PARKED VEHICLE,3,250938,1,0,1,1,0,2,1,5,Not at intersection,2,100,Freeway
T20120007513,2012-03-30,08:25:00,1,Collision with vehicle,6,Friday,116,LEFT NEAR (INTERSECTIONS ONLY),1,250924,2,0,0,1,1,2,1,1,Cross intersection,3,50,Local Road
T20120008866,2012-03-30,20:00:00,8,No collision and no object struck,6,Friday,174,OUT OF CONTROL ON CARRIAGEWAY (ON STRAIGHT),3,251342,3,0,0,1,2,3,2,2,T intersection,3,50,Local Road
T20120007511,2012-03-30,06:30:00,1,Collision with vehicle,6,Friday,121,RIGHT THROUGH,3,250923,2,0,1,0,1,2,1,5,Not at intersection,2,60,Arterial Other
T20120007951,2012-03-30,15:30:00,1,Collision with vehicle,5,Friday,111,RIGHT FAR (INTERSECTIONS ONLY),1,250939,2,0,1,0,1,2,1,1,Cross intersection,2,60,Local Road
T20120007518,2012-03-30,08:46:00,1,Collision with vehicle,6,Friday,137,LEFT TURN SIDESWIPE,1,49911,2,0,1,0,1,2,1,2,T intersection,2,50,Local Road
T20120007547,2012-03-30,13:50:00,1,Collision with vehicle,6,Friday,121,RIGHT THROUGH,1,225161,2,0,1,0,1,2,1,1,Cross intersection,2,100,Arterial Other
T20120007514,2012-03-30,08:45:00,1,Collision with vehicle,6,Friday,121,RIGHT THROUGH,1,250925,2,0,0,1,2,3,1,2,T intersection,3,100,Local Road
T20120007602,2012-03-30,22:10:00,4,Collision with a fixed object,5,Friday,173,RIGHT OFF CARRIAGEWAY INTO OBJECT/PARKED VEHICLE,5,355318,1,0,1,0,0,1,1,5,Not at intersection,2,100,
T20120007603,2012-03-30,18:00:00,1,Collision with vehicle,6,Friday,134,LANE CHANGE RIGHT (NOT OVERTAKING),1,252318,2,0,1,0,1,2,1,5,Not at intersection,2,110,Freeway
T20120014725,2012-03-30,19:45:00,8,No collision and no object struck,6,Friday,174,OUT OF CONTROL ON CARRIAGEWAY (ON STRAIGHT),3,253004,1,0,0,1,0,1,2,5,Not at intersection,3,110,Freeway
T20120007812,2012-03-30,17:15:00,1,Collision with vehicle,6,Friday,163,VEHICLE STRIKES DOOR OF PARKED/STATIONARY VEHICLE,1,250821,2,0,1,0,2,3,2,5,Not at intersection,2,50,Local Road
T20120007854,2012-03-30,18:00:00,1,Collision with vehicle,6,Friday,135,LANE CHANGE LEFT (NOT OVERTAKING),1,29383,2,0,0,1,1,2,2,2,T intersection,3,60,Arterial Other
T20120007597,2012-03-30,17:00:00,2,Struck Pedestrian,6,Friday,102,FAR SIDE. PED HIT BY VEHICLE FROM THE LEFT,1,41600,1,0,0,1,1,2,2,2,T intersection,3,60,Arterial Other
T20120008451,2012-03-30,16:00:00,4,Collision with a fixed object,6,Friday,181,OFF RIGHT BEND INTO OBJECT/PARKED VEHICLE,1,251241,1,0,0,1,0,1,2,5,Not at intersection,3,999,Local Road
T20120007541,2012-03-30,12:10:00,1,Collision with vehicle,6,Friday,160,VEHICLE COLLIDES WITH VEHICLE PARKED ON LEFT OF ROAD,1,250929,2,0,0,1,0,1,1,5,Not at intersection,3,50,
T20120007896,2012-03-30,12:50:00,2,Struck Pedestrian,6,Friday,100,PED NEAR SIDE. PED HIT BY VEHICLE FROM THE RIGHT.,1,35363,1,0,0,1,1,2,2,1,Cross intersection,3,50,Local Road
T20120007615,2012-03-30,10:00:00,1,Collision with vehicle,6,Friday,132,RIGHT REAR.,1,250940,2,0,0,1,1,2,2,1,Cross intersection,3,60,Arterial Other
T20120008085,2012-03-30,12:45:00,1,Collision with vehicle,6,Friday,110,CROSS TRAFFIC(INTERSECTIONS ONLY),1,38804,2,0,0,1,2,3,2,1,Cross intersection,3,60,Arterial Highway
T20120007522,2012-03-30,09:15:00,1,Collision with vehicle,6,Friday,110,CROSS TRAFFIC(INTERSECTIONS ONLY),1,59057,2,0,0,1,3,4,1,1,Cross intersection,3,60,Local Road
T20120007553,2012-03-30,12:55:00,1,Collision with vehicle,6,Friday,130,REAR END(VEHICLES IN SAME LANE),1,251466,3,0,1,0,2,3,1,5,Not at intersection,2,80,Freeway
T20120007626,2012-03-30,19:30:00,2,Struck Pedestrian,6,Friday,100,PED NEAR SIDE. PED HIT BY VEHICLE FROM THE RIGHT.,2,250773,1,0,0,1,1,2,2,5,Not at intersection,3,50,Local Road
T20120007552,2012-03-30,13:14:00,2,Struck Pedestrian,6,Friday,100,PED NEAR SIDE. PED HIT BY VEHICLE FROM THE RIGHT.,1,62957,1,0,0,1,1,2,1,2,T intersection,3,40,Local Road
T20120007551,2012-03-30,12:00:00,1,Collision with vehicle,6,Friday,130,REAR END(VEHICLES IN SAME LANE),1,251465,2,0,0,1,1,2,2,5,Not at intersection,3,50,Local Road
T20120007548,2012-03-30,15:11:00,1,Collision with vehicle,6,Friday,121,RIGHT THROUGH,1,250935,2,0,1,0,3,4,1,5,Not at intersection,2,60,Arterial Other
T20120007596,2012-03-30,20:40:00,1,Collision with vehicle,6,Friday,135,LANE CHANGE LEFT (NOT OVERTAKING),3,250765,2,0,0,1,3,4,2,5,Not at intersection,3,60,Arterial Other
T20120007973,2012-03-30,10:00:00,1,Collision with vehicle,6,Friday,130,REAR END(VEHICLES IN SAME LANE),1,252968,2,0,0,1,1,2,2,2,T intersection,3,60,Arterial Highway
T20120007595,2012-03-30,17:20:00,2,Struck Pedestrian,6,Friday,100,PED NEAR SIDE. PED HIT BY VEHICLE FROM THE RIGHT.,1,36988,1,0,0,1,1,2,1,2,T intersection,3,50,Local Road
T20120007542,2012-03-30,13:39:00,1,Collision with vehicle,6,Friday,116,LEFT NEAR (INTERSECTIONS ONLY),1,49085,2,0,0,2,1,3,1,1,Cross intersection,3,50,Local Road
T20120007593,2012-03-30,19:10:00,1,Collision with vehicle,6,Friday,121,RIGHT THROUGH,3,250763,2,0,1,0,1,2,1,5,Not at intersection,2,999,
T20120007546,2012-03-30,07:00:00,1,Collision with vehicle,6,Friday,139,OTHER SAME DIRECTION-MANOUEVRES NOT INCLUDED IN DCAs 130-137,1,252472,3,0,0,2,1,3,1,5,Not at intersection,3,100,Freeway
T20120007592,2012-03-30,20:20:00,1,Collision with vehicle,6,Friday,121,RIGHT THROUGH,3,250762,2,0,1,1,1,3,1,2,T intersection,2,70,Arterial Other
T20120007555,2012-03-30,07:35:00,1,Collision with vehicle,6,Friday,163,VEHICLE STRIKES DOOR OF PARKED/STATIONARY VEHICLE,1,36966,2,0,0,2,0,2,2,1,Cross intersection,3,40,Local Road
T20120007665,2012-03-31,17:00:00,6,Vehicle overturned (no collision),7,Saturday,184,OUT OF CONTROL ON CARRIAGEWAY (ON BEND),1,250782,1,0,1,0,0,1,2,5,Not at intersection,2,100,Arterial Highway
T20120007682,2012-03-31,21:10:00,4,Collision with a fixed object,7,Saturday,171,LEFT OFF CARRIAGEWAY INTO OBJECT/PARKED VEHICLE,5,250943,1,0,1,0,0,1,1,5,Not at intersection,2,100,
T20120007684,2012-03-31,23:51:00,4,Collision with a fixed object,7,Saturday,181,OFF RIGHT BEND INTO OBJECT/PARKED VEHICLE,5,250944,1,0,1,0,0,1,1,5,Not at intersection,2,80,Local Road
T20120007607,2012-03-31,02:37:00,4,Collision with a fixed object,7,Saturday,171,LEFT OFF CARRIAGEWAY INTO OBJECT/PARKED VEHICLE,3,61952,2,0,0,1,3,4,1,4,Multiple intersection,3,50,Local Road
T20120007685,2012-03-31,23:40:00,4,Collision with a fixed object,7,Saturday,175,OFF END OF ROAD/T-INTERSECTION.,3,42390,1,0,0,1,0,1,1,2,T intersection,3,50,Arterial Other
T20120007660,2012-03-31,16:45:00,1,Collision with vehicle,7,Saturday,130,REAR END(VEHICLES IN SAME LANE),1,250781,2,0,1,0,1,2,1,5,Not at intersection,2,70,Arterial Other
T20120007659,2012-03-31,18:30:00,1,Collision with vehicle,7,Saturday,110,CROSS TRAFFIC(INTERSECTIONS ONLY),1,64092,2,0,0,1,1,2,2,1,Cross intersection,3,40,Local Road
T20120007611,2012-03-31,00:55:00,4,Collision with a fixed object,7,Saturday,173,RIGHT OFF CARRIAGEWAY INTO OBJECT/PARKED VEHICLE,5,249724,1,1,0,0,0,1,1,5,Not at intersection,1,100,
T20120007612,2012-03-31,03:30:00,4,Collision with a fixed object,7,Saturday,173,RIGHT OFF CARRIAGEWAY INTO OBJECT/PARKED VEHICLE,3,46550,1,0,1,0,1,2,1,2,T intersection,2,60,Arterial Other
T20120007613,2012-03-31,03:28:00,4,Collision with a fixed object,7,Saturday,181,OFF RIGHT BEND INTO OBJECT/PARKED VEHICLE,3,254543,1,0,0,1,0,1,1,5,Not at intersection,3,60,Arterial Other
T20120007616,2012-03-31,07:10:00,4,Collision with a fixed object,7,Saturday,173,RIGHT OFF CARRIAGEWAY INTO OBJECT/PARKED VEHICLE,2,250770,1,0,0,2,1,3,1,5,Not at intersection,3,60,Arterial Other
T20120007623,2012-03-31,09:15:00,1,Collision with vehicle,7,Saturday,130,REAR END(VEHICLES IN SAME LANE),1,250772,2,0,0,1,1,2,2,2,T intersection,3,60,Arterial Highway
T20120007624,2012-03-31,08:40:00,1,Collision with vehicle,7,Saturday,163,VEHICLE STRIKES DOOR OF PARKED/STATIONARY VEHICLE,1,39434,2,0,2,0,0,2,1,2,T intersection,2,70,Arterial Other
T20120007627,2012-03-31,09:30:00,1,Collision with vehicle,7,Saturday,137,LEFT TURN SIDESWIPE,1,250774,2,0,0,2,1,3,1,5,Not at intersection,3,70,Arterial Other
T20120007628,2012-03-31,10:55:00,1,Collision with vehicle,7,Saturday,169,OTHER ON PATH,1,250775,2,0,0,1,1,2,1,5,Not at intersection,3,50,Local Road
T20120007629,2012-03-31,11:45:00,4,Collision with a fixed object,7,Saturday,171,LEFT OFF CARRIAGEWAY INTO OBJECT/PARKED VEHICLE,1,251793,1,0,0,1,0,1,1,5,Not at intersection,3,100,Local Road
T20120007630,2012-03-31,09:20:00,1,Collision with vehicle,7,Saturday,147,VEHICLE STRIKES ANOTHER VEH WHILE EMERGING FROM DRIVEWAY,1,51881,2,0,0,1,1,2,1,2,T intersection,3,90,Arterial Highway
T20120007658,2012-03-31,13:15:00,1,Collision with vehicle,7,Saturday,130,REAR END(VEHICLES IN SAME LANE),1,37686,2,0,0,1,1,2,2,2,T intersection,3,50,Local Road
T20120007632,2012-03-31,11:58:00,1,Collision with vehicle,7,Saturday,121,RIGHT THROUGH,1,40919,2,0,0,1,3,4,1,1,Cross intersection,3,80,Arterial Other
T20120007633,2012-03-31,10:05:00,1,Collision with vehicle,7,Saturday,130,REAR END(VEHICLES IN SAME LANE),1,51881,2,0,1,1,3,5,1,2,T intersection,2,90,Arterial Highway
T20120007636,2012-03-31,07:50:00,1,Collision with vehicle,7,Saturday,121,RIGHT THROUGH,1,10592,2,0,1,0,1,2,1,1,Cross intersection,2,60,Arterial Highway
T20120007646,2012-03-31,15:20:00,1,Collision with vehicle,7,Saturday,147,VEHICLE STRIKES ANOTHER VEH WHILE EMERGING FROM DRIVEWAY,1,250779,2,0,1,0,1,2,1,5,Not at intersection,2,60,Local Road
T20120007649,2012-03-31,14:40:00,1,Collision with vehicle,7,Saturday,130,REAR END(VEHICLES IN SAME LANE),1,252108,7,0,2,3,7,12,1,5,Not at intersection,2,80,Arterial Other
T20120015708,2012-03-31,13:00:00,1,Collision with vehicle,7,Saturday,137,LEFT TURN SIDESWIPE,1,255009,2,0,0,2,2,4,1,5,Not at intersection,3,70,Arterial Highway
T20120007642,2012-03-31,13:50:00,1,Collision with vehicle,7,Saturday,113,RIGHT NEAR (INTERSECTIONS ONLY),1,235160,2,0,1,0,1,2,1,1,Cross intersection,2,80,Arterial Highway
T20120008569,2012-03-31,18:40:00,1,Collision with vehicle,7,Saturday,163,VEHICLE STRIKES DOOR OF PARKED/STATIONARY VEHICLE,6,251121,2,0,1,0,2,3,2,5,Not at intersection,2,50,Local Road
T20120007606,2012-03-31,01:00:00,1,Collision with vehicle,7,Saturday,121,RIGHT THROUGH,3,29843,2,0,1,0,4,5,1,4,Multiple intersection,2,60,Freeway
T20120008187,2012-03-31,08:25:00,4,Collision with a fixed object,7,Saturday,171,LEFT OFF CARRIAGEWAY INTO OBJECT/PARKED VEHICLE,1,251140,1,0,1,1,0,2,1,5,Not at intersection,2,100,Arterial Other
T20120009425,2012-03-31,12:30:00,1,Collision with vehicle,7,Saturday,131,LEFT REAR,1,251335,2,0,0,1,1,2,2,5,Not at intersection,3,70,Arterial Highway
T20120007730,2012-03-31,18:25:00,1,Collision with vehicle,7,Saturday,116,LEFT NEAR (INTERSECTIONS ONLY),1,53315,2,0,0,1,1,2,1,1,Cross intersection,3,80,Arterial Other