ACCIDENT_NO,ACCIDENT_DATE,ACCIDENT_TIME,ACCIDENT_TYPE,ACCIDENT_TYPE_DESC,DAY_OF_WEEK,DAY_WEEK_DESC,DCA_CODE,DCA_DESC,LIGHT_CONDITION,NODE_ID,NO_OF_VEHICLES,NO_PERSONS_KILLED,NO_PERSONS_INJ_2,NO_PERSONS_INJ_3,NO_PERSONS_NOT_INJ,NO_PERSONS,POLICE_ATTEND,ROAD_GEOMETRY,ROAD_GEOMETRY_DESC,SEVERITY,SPEED_ZONE,RMA
T20120013886,2012-03-31,16:00:00,7,Fall from or in moving vehicle,7,Saturday,190,FELL IN/FROM VEHICLE,1,51026,1,0,1,0,1,2,2,1,Cross intersection,2,50,Local Road
T20120007956,2012-03-31,14:30:00,4,Collision with a fixed object,7,Saturday,171,LEFT OFF CARRIAGEWAY INTO OBJECT/PARKED VEHICLE,9,250942,1,0,0,1,1,2,2,5,Not at intersection,3,999,Arterial Other
T20120007609,2012-03-31,00:10:00,1,Collision with vehicle,7,Saturday,110,CROSS TRAFFIC(INTERSECTIONS ONLY),3,53013,2,0,0,3,0,3,1,1,Cross intersection,3,60,Local Road
T20120007610,2012-03-31,02:38:00,1,Collision with vehicle,7,Saturday,111,RIGHT FAR (INTERSECTIONS ONLY),3,39558,2,0,0,2,0,2,1,1,Cross intersection,3,70,Arterial Highway
T20120007793,2012-03-31,09:10:00,1,Collision with vehicle,7,Saturday,133,LANE SIDE SWIPE (VEHICLES IN PARALLEL LANES),1,250816,2,0,0,1,1,2,2,5,Not at intersection,3,999,Arterial Other
T20120007676,2012-03-31,21:00:00,1,Collision with vehicle,7,Saturday,160,VEHICLE COLLIDES WITH VEHICLE PARKED ON LEFT OF ROAD,3,250941,3,0,1,0,2,3,1,5,Not at intersection,2,60,Arterial Other
T20120007673,2012-03-31,01:19:00,4,Collision with a fixed object,7,Saturday,171,LEFT OFF CARRIAGEWAY INTO OBJECT/PARKED VEHICLE,5,355828,1,0,1,0,0,1,1,5,Not at intersection,2,80,Freeway
T20120007836,2012-03-31,17:40:00,1,Collision with vehicle,7,Saturday,121,RIGHT THROUGH,1,35764,2,0,0,1,1,2,1,2,T intersection,3,50,Arterial Other
T20120007666,2012-03-31,18:57:00,1,Collision with vehicle,7,Saturday,160,VEHICLE COLLIDES WITH VEHICLE PARKED ON LEFT OF ROAD,2,250783,2,0,0,1,1,2,1,5,Not at intersection,3,60,Local Road
T20120010824,2012-03-31,17:00:00,8,No collision and no object struck,7,Saturday,172,OFF CARRIAGEWAY TO RIGHT,1,251847,1,0,0,1,0,1,2,5,Not at intersection,3,999,Local Road
T20120007715,2012-04-01,11:00:00,8,No collision and no object struck,1,Sunday,170,OFF CARRIAGEWAY TO LEFT,1,250895,1,0,1,0,0,1,1,5,Not at intersection,2,100,Arterial Other
T20120012125,2012-04-01,14:50:00,1,Collision with vehicle,1,Sunday,132,RIGHT REAR.,1,252034,2,0,1,1,1,3,1,2,T intersection,2,80,Local Road
T20120007943,2012-04-01,10:00:00,4,Collision with a fixed object,1,Sunday,173,RIGHT OFF CARRIAGEWAY INTO OBJECT/PARKED VEHICLE,1,250909,1,0,1,0,0,1,1,5,Not at intersection,2,100,Local Road
T20120007711,2012-04-01,12:45:00,4,Collision with a fixed object,1,Sunday,171,LEFT OFF CARRIAGEWAY INTO OBJECT/PARKED VEHICLE,1,63203,1,0,0,1,0,1,1,1,Cross intersection,3,50,Local Road
T20120007784,2012-04-01,11:05:00,1,Collision with vehicle,1,Sunday,131,LEFT REAR,1,39791,2,0,0,3,4,7,2,1,Cross intersection,3,50,Arterial Other
T20120007690,2012-04-01,02:45:00,4,Collision with a fixed object,1,Sunday,175,OFF END OF ROAD/T-INTERSECTION.,5,250945,1,0,0,1,3,4,1,2,T intersection,3,80,Local Road
T20120011907,2012-04-01,14:00:00,8,No collision and no object struck,1,Sunday,170,OFF CARRIAGEWAY TO LEFT,1,1246,1,0,0,1,0,1,2,1,Cross intersection,3,70,Arterial Other
T20120007781,2012-04-01,21:20:00,1,Collision with vehicle,1,Sunday,169,OTHER ON PATH,3,250810,2,0,0,1,0,1,1,5,Not at intersection,3,50,Local Road
T20120007725,2012-04-01,11:10:00,1,Collision with vehicle,1,Sunday,130,REAR END(VEHICLES IN SAME LANE),1,29590,3,0,0,1,2,3,1,1,Cross intersection,3,40,Arterial Other
T20120010568,2012-04-01,16:30:00,3,Struck animal,1,Sunday,167,STRUCK ANIMAL,1,251826,1,0,1,0,0,1,2,5,Not at intersection,2,999,
T20120008074,2012-04-01,15:00:00,8,No collision and no object struck,1,Sunday,174,OUT OF CONTROL ON CARRIAGEWAY (ON STRAIGHT),1,251095,1,0,1,0,0,1,2,5,Not at intersection,2,100,Local Road
T20120007752,2012-04-01,15:57:00,4,Collision with a fixed object,1,Sunday,171,LEFT OFF CARRIAGEWAY INTO OBJECT/PARKED VEHICLE,1,37632,1,0,1,0,0,1,1,2,T intersection,2,60,Arterial Highway
T20120008073,2012-04-01,17:40:00,1,Collision with vehicle,1,Sunday,130,REAR END(VEHICLES IN SAME LANE),1,42114,2,0,1,0,1,2,2,2,T intersection,2,60,Arterial Other
T20120007695,2012-04-01,06:28:00,4,Collision with a fixed object,1,Sunday,183,OFF LEFT BEND INTO OBJECT/PARKED VEHICLE,5,250946,1,0,1,0,0,1,1,5,Not at intersection,2,100,Freeway
T20120007771,2012-04-01,15:10:00,1,Collision with vehicle,1,Sunday,130,REAR END(VEHICLES IN SAME LANE),1,250805,2,0,0,1,1,2,1,5,Not at intersection,3,50,Arterial Other
T20120007768,2012-04-01,12:30:00,1,Collision with vehicle,1,Sunday,152,PULLING OUT (OVERTAKING),1,250804,2,0,0,2,0,2,1,5,Not at intersection,3,100,
T20120009575,2012-04-01,16:30:00,1,Collision with vehicle,1,Sunday,111,RIGHT FAR (INTERSECTIONS ONLY),1,35987,2,0,0,1,1,2,2,1,Cross intersection,3,40,Local Road
T20120008112,2012-04-01,18:05:00,2,Struck Pedestrian,1,Sunday,109,ANY MANOEUVRE INVOLVING PED NOT INCLUDED IN DCAs 100-108.,1,251796,1,0,0,1,1,2,1,2,T intersection,3,50,Local Road
T20120007761,2012-04-01,19:00:00,4,Collision with a fixed object,1,Sunday,173,RIGHT OFF CARRIAGEWAY INTO OBJECT/PARKED VEHICLE,5,250802,1,0,0,1,0,1,1,5,Not at intersection,3,100,Local Road
T20120007755,2012-04-01,17:18:00,6,Vehicle overturned (no collision),1,Sunday,174,OUT OF CONTROL ON CARRIAGEWAY (ON STRAIGHT),1,250801,1,0,1,0,0,1,1,5,Not at intersection,2,110,Freeway
T20120007754,2012-04-01,14:30:00,4,Collision with a fixed object,1,Sunday,171,LEFT OFF CARRIAGEWAY INTO OBJECT/PARKED VEHICLE,1,250800,1,0,1,0,0,1,1,5,Not at intersection,2,60,Local Road
T20120007753,2012-04-01,18:30:00,1,Collision with vehicle,1,Sunday,147,VEHICLE STRIKES ANOTHER VEH WHILE EMERGING FROM DRIVEWAY,2,45159,2,0,0,1,3,4,1,1,Cross intersection,3,60,Arterial Other
T20120007696,2012-04-01,02:06:00,1,Collision with vehicle,1,Sunday,130,REAR END(VEHICLES IN SAME LANE),5,253139,2,0,1,1,0,2,1,5,Not at intersection,2,60,Arterial Other
T20120007749,2012-04-01,16:50:00,1,Collision with vehicle,1,Sunday,121,RIGHT THROUGH,1,63644,2,0,1,0,1,2,1,2,T intersection,2,60,Arterial Other
T20120007746,2012-04-01,17:00:00,1,Collision with vehicle,1,Sunday,147,VEHICLE STRIKES ANOTHER VEH WHILE EMERGING FROM DRIVEWAY,2,250799,2,0,0,1,1,2,2,5,Not at intersection,3,999,Arterial Other
T20120007745,2012-04-01,12:30:00,6,Vehicle overturned (no collision),1,Sunday,170,OFF CARRIAGEWAY TO LEFT,1,251456,1,1,0,0,0,1,1,5,Not at intersection,1,100,Arterial Highway
T20120007740,2012-04-01,14:00:00,1,Collision with vehicle,1,Sunday,120,HEAD ON (NOT OVERTAKING),1,249753,4,1,2,0,2,5,1,5,Not at intersection,1,80,Arterial Other
T20120007736,2012-04-01,14:30:00,1,Collision with vehicle,1,Sunday,150,HEAD ON(OVERTAKING),1,258452,5,0,4,4,3,11,1,5,Not at intersection,2,110,Arterial Highway
T20120007700,2012-04-01,08:30:00,1,Collision with vehicle,1,Sunday,113,RIGHT NEAR (INTERSECTIONS ONLY),1,44258,2,0,0,1,1,2,2,2,T intersection,3,60,Arterial Other
T20120007733,2012-04-01,15:50:00,4,Collision with a fixed object,1,Sunday,171,LEFT OFF CARRIAGEWAY INTO OBJECT/PARKED VEHICLE,1,64947,1,0,0,1,0,1,1,1,Cross intersection,3,60,Arterial Other
T20120011502,2012-04-01,17:30:00,1,Collision with vehicle,0,Sunday,130,REAR END(VEHICLES IN SAME LANE),1,35359,2,0,0,1,1,2,2,2,T intersection,3,50,Local Road
T20120012553,2012-04-01,13:30:00,7,Fall from or in moving vehicle,1,Sunday,190,FELL IN/FROM VEHICLE,1,252104,1,0,1,0,1,2,2,5,Not at intersection,2,100,Local Road
T20120007729,2012-04-01,11:20:00,1,Collision with vehicle,1,Sunday,130,REAR END(VEHICLES IN SAME LANE),1,250952,4,0,1,0,9,10,1,5,Not at intersection,2,80,Freeway
T20120007728,2012-04-01,13:50:00,1,Collision with vehicle,1,Sunday,120,HEAD ON (NOT OVERTAKING),1,255867,2,0,4,1,0,5,1,5,Not at intersection,2,80,Local Road
T20120014296,2012-04-01,16:40:00,1,Collision with vehicle,1,Sunday,120,HEAD ON (NOT OVERTAKING),1,252890,2,0,0,1,2,3,1,5,Not at intersection,3,40,Arterial Other
T20120007722,2012-04-01,14:40:00,2,Struck Pedestrian,1,Sunday,100,PED NEAR SIDE. PED HIT BY VEHICLE FROM THE RIGHT.,1,250897,1,0,1,0,1,2,1,5,Not at intersection,2,60,Arterial Other
T20120007721,2012-04-01,13:55:00,1,Collision with vehicle,1,Sunday,140,U TURN,1,250896,2,0,1,0,5,6,1,5,Not at intersection,2,70,Arterial Other
T20120008350,2012-04-01,13:30:00,1,Collision with vehicle,1,Sunday,131,LEFT REAR,1,29457,2,0,0,1,2,3,2,1,Cross intersection,3,70,Arterial Other
T20120007689,2012-04-01,01:20:00,2,Struck Pedestrian,1,Sunday,109,ANY MANOEUVRE INVOLVING PED NOT INCLUDED IN DCAs 100-108.,3,35740,1,0,0,1,1,2,1,2,T intersection,3,50,Arterial Other
T20120007717,2012-04-01,12:40:00,2,Struck Pedestrian,1,Sunday,100,PED NEAR SIDE. PED HIT BY VEHICLE FROM THE RIGHT.,1,36338,1,0,0,1,2,3,1,1,Cross intersection,3,50,Local Road
T20120010177,2012-04-01,15:30:00,7,Fall from or in moving vehicle,1,Sunday,174,OUT OF CONTROL ON CARRIAGEWAY (ON STRAIGHT),1,251610,2,0,0,1,1,2,2,1,Cross intersection,3,50,Local Road
T20120007687,2012-04-01,01:03:00,1,Collision with vehicle,1,Sunday,121,RIGHT THROUGH,3,225466,2,0,2,0,1,3,1,4,Multiple intersection,2,80,Freeway
T20120012959,2012-04-01,16:30:00,1,Collision with vehicle,1,Sunday,111,RIGHT FAR (INTERSECTIONS ONLY),1,65799,2,0,2,0,2,4,1,1,Cross intersection,2,60,Local Road
T20120007816,2012-04-01,19:00:00,1,Collision with vehicle,1,Sunday,121,RIGHT THROUGH,3,35303,2,0,0,1,1,2,1,2,T intersection,3,70,Arterial Other
T20120007704,2012-04-01,12:11:00,6,Vehicle overturned (no collision),1,Sunday,174,OUT OF CONTROL ON CARRIAGEWAY (ON STRAIGHT),1,250948,1,0,0,1,1,2,1,5,Not at intersection,3,60,Local Road
T20120007706,2012-04-01,11:00:00,1,Collision with vehicle,1,Sunday,119,OTHER ADJACENT (INTERSECTIONS ONLY),1,250949,2,0,0,2,2,4,1,2,T intersection,3,100,Arterial Highway
T20120007707,2012-04-01,00:30:00,6,Vehicle overturned (no collision),1,Sunday,174,OUT OF CONTROL ON CARRIAGEWAY (ON STRAIGHT),5,250950,1,0,1,2,0,3,1,5,Not at intersection,2,50,Local Road
T20120007709,2012-04-01,01:50:00,4,Collision with a fixed object,1,Sunday,181,OFF RIGHT BEND INTO OBJECT/PARKED VEHICLE,5,260199,1,0,0,1,0,1,1,5,Not at intersection,3,100,Arterial Other
T20120007710,2012-04-01,10:34:00,1,Collision with vehicle,1,Sunday,110,CROSS TRAFFIC(INTERSECTIONS ONLY),1,44402,2,0,1,1,2,4,1,1,Cross intersection,2,60,Arterial Other
T20120008086,2012-04-01,06:45:00,8,No collision and no object struck,1,Sunday,174,OUT OF CONTROL ON CARRIAGEWAY (ON STRAIGHT),1,250991,1,0,0,1,0,1,2,5,Not at intersection,3,999,Local Road
T20120007893,2012-04-01,02:50:00,1,Collision with vehicle,1,Sunday,160,VEHICLE COLLIDES WITH VEHICLE PARKED ON LEFT OF ROAD,3,251014,3,0,0,1,1,2,1,1,Cross intersection,3,60,Arterial Other
T20120007940,2012-04-02,20:24:00,1,Collision with vehicle,2,Monday,169,OTHER ON PATH,3,251025,4,0,0,1,0,1,1,5,Not at intersection,3,50,Local Road
T20120007786,2012-04-02,12:05:00,1,Collision with vehicle,2,Monday,147,VEHICLE STRIKES ANOTHER VEH WHILE EMERGING FROM DRIVEWAY,1,250812,3,0,0,1,2,3,1,5,Not at intersection,3,90,Arterial Highway
T20120009116,2012-04-02,11:20:00,1,Collision with vehicle,2,Monday,121,RIGHT THROUGH,1,251409,2,0,0,1,1,2,2,5,Not at intersection,3,50,Local Road
T20120007780,2012-04-02,09:30:00,4,Collision with a fixed object,2,Monday,171,LEFT OFF CARRIAGEWAY INTO OBJECT/PARKED VEHICLE,1,59439,1,0,1,0,0,1,1,1,Cross intersection,2,100,Arterial Highway
T20120007779,2012-04-02,07:25:00,4,Collision with a fixed object,2,Monday,171,LEFT OFF CARRIAGEWAY INTO OBJECT/PARKED VEHICLE,1,250955,1,0,0,3,1,4,1,5,Not at intersection,3,90,Arterial Highway
T20120007774,2012-04-02,08:00:00,1,Collision with vehicle,2,Monday,130,REAR END(VEHICLES IN SAME LANE),1,250809,2,0,2,0,0,2,1,5,Not at intersection,2,100,Arterial Highway
T20120007772,2012-04-02,08:57:00,1,Collision with vehicle,2,Monday,110,CROSS TRAFFIC(INTERSECTIONS ONLY),1,45873,2,0,0,1,1,2,1,1,Cross intersection,3,50,Arterial Other
T20120007767,2012-04-02,05:55:00,2,Struck Pedestrian,2,Monday,102,FAR SIDE. PED HIT BY VEHICLE FROM THE LEFT,3,226470,1,0,1,0,1,2,1,2,T intersection,2,60,Local Road
T20120014879,2012-04-02,10:20:00,1,Collision with vehicle,2,Monday,130,REAR END(VEHICLES IN SAME LANE),1,35470,2,0,0,2,1,3,2,1,Cross intersection,3,80,Freeway
T20120007776,2012-04-02,09:58:00,1,Collision with vehicle,2,Monday,131,LEFT REAR,1,236960,2,0,1,0,3,4,1,1,Cross intersection,2,50,Arterial Other
T20120008031,2012-04-02,11:00:00,1,Collision with vehicle,2,Monday,160,VEHICLE COLLIDES WITH VEHICLE PARKED ON LEFT OF ROAD,1,278469,3,0,1,0,3,4,1,5,Not at intersection,2,50,Local Road
T20120009002,2012-04-02,09:00:00,8,No collision and no object struck,2,Monday,174,OUT OF CONTROL ON CARRIAGEWAY (ON STRAIGHT),1,251227,1,0,0,1,0,1,2,5,Not at intersection,3,60,Arterial Highway
T20120009769,2012-04-02,12:00:00,1,Collision with vehicle,2,Monday,130,REAR END(VEHICLES IN SAME LANE),1,59315,3,0,0,1,2,3,2,1,Cross intersection,3,40,Arterial Highway
T20120007804,2012-04-02,14:50:00,1,Collision with vehicle,2,Monday,121,RIGHT THROUGH,1,36335,2,0,0,1,1,2,1,1,Cross intersection,3,60,Arterial Other
T20120007795,2012-04-02,08:40:00,6,Vehicle overturned (no collision),2,Monday,182,OFF CARRIAGEWAY ON LEFT BEND,1,250818,1,0,0,1,1,2,1,2,T intersection,3,100,Arterial Other
T20120007837,2012-04-02,05:58:00,2,Struck Pedestrian,2,Monday,100,PED NEAR SIDE. PED HIT BY VEHICLE FROM THE RIGHT.,2,29554,1,0,1,0,1,2,1,1,Cross intersection,2,70,Arterial Other
T20120007839,2012-04-02,22:05:00,4,Collision with a fixed object,2,Monday,173,RIGHT OFF CARRIAGEWAY INTO OBJECT/PARKED VEHICLE,3,250830,1,0,0,1,0,1,1,5,Not at intersection,3,80,Arterial Highway
T20120007845,2012-04-02,23:45:00,4,Collision with a fixed object,2,Monday,175,OFF END OF ROAD/T-INTERSECTION.,3,250831,1,0,1,0,0,1,1,2,T intersection,2,50,Local Road
T20120007852,2012-04-02,18:15:00,1,Collision with vehicle,2,Monday,120,HEAD ON (NOT OVERTAKING),2,250833,3,0,2,1,1,4,1,5,Not at intersection,2,100,Arterial Other
T20120007790,2012-04-02,10:30:00,1,Collision with vehicle,2,Monday,130,REAR END(VEHICLES IN SAME LANE),1,250956,2,0,1,0,1,2,1,5,Not at intersection,2,100,Local Road
T20120007856,2012-04-02,22:45:00,4,Collision with a fixed object,2,Monday,171,LEFT OFF CARRIAGEWAY INTO OBJECT/PARKED VEHICLE,3,250994,1,0,1,0,1,2,1,5,Not at intersection,2,60,Local Road
T20120007976,2012-04-02,17:00:00,1,Collision with vehicle,2,Monday,130,REAR END(VEHICLES IN SAME LANE),1,41584,2,0,1,0,1,2,2,1,Cross intersection,2,80,Arterial Highway
T20120007805,2012-04-02,14:30:00,1,Collision with vehicle,2,Monday,113,RIGHT NEAR (INTERSECTIONS ONLY),1,51626,3,0,3,0,3,6,1,2,T intersection,2,60,Local Road
T20120008661,2012-04-02,15:00:00,1,Collision with vehicle,2,Monday,130,REAR END(VEHICLES IN SAME LANE),1,51057,2,0,0,1,2,3,2,1,Cross intersection,3,60,Arterial Highway
T20120007788,2012-04-02,12:00:00,1,Collision with vehicle,2,Monday,130,REAR END(VEHICLES IN SAME LANE),1,45037,2,0,0,1,1,2,2,1,Cross intersection,3,60,Arterial Other
T20120007808,2012-04-02,12:00:00,1,Collision with vehicle,2,Monday,113,RIGHT NEAR (INTERSECTIONS ONLY),1,874,2,0,1,0,1,2,1,2,T intersection,2,80,Arterial Highway
T20120007810,2012-04-02,16:00:00,1,Collision with vehicle,2,Monday,142,LEAVING PARKING,1,251377,2,0,0,1,1,2,2,5,Not at intersection,3,50,Local Road
T20120007782,2012-04-02,10:55:00,1,Collision with vehicle,2,Monday,113,RIGHT NEAR (INTERSECTIONS ONLY),1,69646,2,0,0,1,1,2,2,2,T intersection,3,50,Arterial Other
T20120007796,2012-04-02,12:30:00,2,Struck Pedestrian,2,Monday,100,PED NEAR SIDE. PED HIT BY VEHICLE FROM THE RIGHT.,1,41160,1,0,0,1,1,2,1,2,T intersection,3,60,Local Road
T20120007887,2012-04-02,19:30:00,6,Vehicle overturned (no collision),2,Monday,182,OFF CARRIAGEWAY ON LEFT BEND,3,251009,1,0,0,1,0,1,1,5,Not at intersection,3,60,Arterial Other
T20120007797,2012-04-02,13:45:00,2,Struck Pedestrian,2,Monday,102,FAR SIDE. PED HIT BY VEHICLE FROM THE LEFT,1,40712,1,0,0,1,2,3,1,1,Cross intersection,3,60,Arterial Other
T20120007827,2012-04-02,15:08:00,4,Collision with a fixed object,2,Monday,173,RIGHT OFF CARRIAGEWAY INTO OBJECT/PARKED VEHICLE,1,250825,1,0,1,0,0,1,1,5,Not at intersection,2,80,Freeway
T20120007891,2012-04-02,19:15:00,2,Struck Pedestrian,2,Monday,102,FAR SIDE. PED HIT BY VEHICLE FROM THE LEFT,9,35673,1,0,0,1,1,2,2,1,Cross intersection,3,999,Arterial Highway
T20120007818,2012-04-02,17:10:00,1,Collision with vehicle,2,Monday,113,RIGHT NEAR (INTERSECTIONS ONLY),1,37019,2,0,0,1,1,2,1,2,T intersection,3,80,Arterial Other
T20120007864,2012-04-02,13:20:00,1,Collision with vehicle,2,Monday,121,RIGHT THROUGH,1,46534,2,0,0,1,1,2,2,2,T intersection,3,60,Local Road
T20120007833,2012-04-02,17:00:00,1,Collision with vehicle,2,Monday,120,HEAD ON (NOT OVERTAKING),1,252689,2,0,1,0,2,3,1,5,Not at intersection,2,50,Local Road
T20120007819,2012-04-02,16:55:00,1,Collision with vehicle,2,Monday,123,RIGHT/LEFT. ONE VEH TURNING RIGHT THE OTHER LEFT.,1,56632,3,0,0,1,4,5,1,2,T intersection,3,60,Local Road
T20120007859,2012-04-02,11:00:00,1,Collision with vehicle,2,Monday,133,LANE SIDE SWIPE (VEHICLES IN PARALLEL LANES),1,244224,5,0,2,2,4,8,1,5,Not at intersection,2,70,Arterial Highway
T20120007820,2012-04-02,17:30:00,1,Collision with vehicle,2,Monday,137,LEFT TURN SIDESWIPE,1,55209,2,0,0,1,1,2,2,1,Cross intersection,3,60,Arterial Other
T20120007857,2012-04-02,10:20:00,1,Collision with vehicle,2,Monday,134,LANE CHANGE RIGHT (NOT OVERTAKING),1,252182,2,0,0,1,5,6,1,4,Multiple intersection,3,100,Freeway
T20120007822,2012-04-02,17:05:00,1,Collision with vehicle,2,Monday,163,VEHICLE STRIKES DOOR OF PARKED/STATIONARY VEHICLE,1,250822,2,0,1,0,1,2,1,5,Not at intersection,2,60,Local Road
T20120007823,2012-04-02,17:20:00,1,Collision with vehicle,2,Monday,130,REAR END(VEHICLES IN SAME LANE),1,250823,3,0,0,1,2,3,1,5,Not at intersection,3,60,Local Road
T20120007917,2012-04-03,17:44:00,2,Struck Pedestrian,3,Tuesday,100,PED NEAR SIDE. PED HIT BY VEHICLE FROM THE RIGHT.,1,45069,1,0,0,2,3,5,1,2,T intersection,3,60,Arterial Other
T20120007921,2012-04-03,22:40:00,4,Collision with a fixed object,3,Tuesday,171,LEFT OFF CARRIAGEWAY INTO OBJECT/PARKED VEHICLE,3,251020,1,0,0,1,0,1,1,5,Not at intersection,3,100,Freeway
T20120007923,2012-04-03,22:05:00,2,Struck Pedestrian,3,Tuesday,102,FAR SIDE. PED HIT BY VEHICLE FROM THE LEFT,3,49732,1,0,1,0,1,2,1,1,Cross intersection,2,80,Arterial Highway
T20120010420,2012-04-03,10:00:00,2,Struck Pedestrian,3,Tuesday,109,ANY MANOEUVRE INVOLVING PED NOT INCLUDED IN DCAs 100-108.,1,49841,1,0,0,1,1,2,2,2,T intersection,3,60,Local Road
T20120007957,2012-04-03,20:13:00,1,Collision with vehicle,3,Tuesday,119,OTHER ADJACENT (INTERSECTIONS ONLY),3,43729,2,0,0,1,1,2,2,2,T intersection,3,60,Local Road
T20120013186,2012-04-03,17:30:00,1,Collision with vehicle,3,Tuesday,130,REAR END(VEHICLES IN SAME LANE),1,253200,2,0,0,1,1,2,2,5,Not at intersection,3,80,Local Road
T20120007974,2012-04-03,10:30:00,1,Collision with vehicle,3,Tuesday,130,REAR END(VEHICLES IN SAME LANE),1,41870,2,0,0,1,1,2,2,1,Cross intersection,3,999,Arterial Other
T20120017987,2012-04-03,19:45:00,1,Collision with vehicle,2,Tuesday,110,CROSS TRAFFIC(INTERSECTIONS ONLY),3,899,2,0,1,0,1,2,1,1,Cross intersection,2,999,Arterial Highway
T20120011174,2012-04-03,13:20:00,6,Vehicle overturned (no collision),3,Tuesday,174,OUT OF CONTROL ON CARRIAGEWAY (ON STRAIGHT),1,56454,1,0,0,1,0,1,2,1,Cross intersection,3,80,Arterial Other
T20120008049,2012-04-03,18:00:00,1,Collision with vehicle,3,Tuesday,121,RIGHT THROUGH,1,39505,3,0,0,8,1,9,1,2,T intersection,3,80,Local Road
T20120010646,2012-04-03,17:00:00,1,Collision with vehicle,3,Tuesday,132,RIGHT REAR.,1,251720,2,0,0,1,1,2,2,1,Cross intersection,3,50,Local Road
T20120009892,2012-04-03,17:30:00,1,Collision with vehicle,3,Tuesday,130,REAR END(VEHICLES IN SAME LANE),1,41936,3,0,0,2,1,3,2,2,T intersection,3,80,Arterial Highway
T20120007847,2012-04-03,01:57:00,1,Collision with vehicle,3,Tuesday,130,REAR END(VEHICLES IN SAME LANE),5,251467,2,0,0,1,2,3,1,5,Not at intersection,3,50,Local Road
T20120007851,2012-04-03,07:00:00,1,Collision with vehicle,3,Tuesday,110,CROSS TRAFFIC(INTERSECTIONS ONLY),1,224428,2,0,1,0,1,2,1,1,Cross intersection,2,100,Arterial Highway
T20120007858,2012-04-03,07:00:00,1,Collision with vehicle,3,Tuesday,121,RIGHT THROUGH,1,250995,2,0,1,0,1,2,1,2,T intersection,2,50,Local Road
T20120007853,2012-04-03,07:45:00,2,Struck Pedestrian,3,Tuesday,100,PED NEAR SIDE. PED HIT BY VEHICLE FROM THE RIGHT.,1,35605,1,0,0,1,1,2,1,1,Cross intersection,3,60,Arterial Highway
T20120007861,2012-04-03,08:30:00,1,Collision with vehicle,3,Tuesday,110,CROSS TRAFFIC(INTERSECTIONS ONLY),1,41938,2,0,1,0,1,2,1,1,Cross intersection,2,50,Local Road
T20120017614,2012-04-03,16:25:00,1,Collision with vehicle,3,Tuesday,130,REAR END(VEHICLES IN SAME LANE),1,253044,2,0,0,1,1,2,1,5,Not at intersection,3,100,
T20120007868,2012-04-03,10:00:00,1,Collision with vehicle,3,Tuesday,132,RIGHT REAR.,1,50389,3,0,1,2,1,4,1,1,Cross intersection,2,80,Arterial Highway
T20120007869,2012-04-03,07:45:00,1,Collision with vehicle,3,Tuesday,147,VEHICLE STRIKES ANOTHER VEH WHILE EMERGING FROM DRIVEWAY,1,44245,2,0,1,0,1,2,1,1,Cross intersection,2,80,Arterial Other
T20120007870,2012-04-03,10:52:00,1,Collision with vehicle,3,Tuesday,130,REAR END(VEHICLES IN SAME LANE),1,251002,2,0,0,1,1,2,1,5,Not at intersection,3,40,Freeway
T20120007876,2012-04-03,12:30:00,1,Collision with vehicle,3,Tuesday,130,REAR END(VEHICLES IN SAME LANE),1,32871,3,0,0,1,2,3,2,1,Cross intersection,3,999,Arterial Highway
T20120007880,2012-04-03,12:05:00,1,Collision with vehicle,3,Tuesday,121,RIGHT THROUGH,1,39617,2,0,0,1,2,3,1,2,T intersection,3,60,Local Road
T20120008179,2012-04-03,18:50:00,1,Collision with vehicle,3,Tuesday,121,RIGHT THROUGH,3,29594,2,0,0,1,1,2,1,1,Cross intersection,3,60,Local Road
T20120007888,2012-04-03,14:40:00,8,No collision and no object struck,3,Tuesday,184,OUT OF CONTROL ON CARRIAGEWAY (ON BEND),1,251794,1,0,0,1,0,1,1,5,Not at intersection,3,100,Arterial Other
T20120007890,2012-04-03,12:00:00,6,Vehicle overturned (no collision),3,Tuesday,170,OFF CARRIAGEWAY TO LEFT,1,251011,1,0,0,1,0,1,1,2,T intersection,3,100,Arterial Other
T20120008105,2012-04-03,16:40:00,1,Collision with vehicle,3,Tuesday,130,REAR END(VEHICLES IN SAME LANE),1,38709,3,0,0,1,2,3,2,1,Cross intersection,3,60,Arterial Other
T20120008100,2012-04-03,07:30:00,1,Collision with vehicle,3,Tuesday,121,RIGHT THROUGH,1,46645,2,0,1,0,1,2,2,2,T intersection,2,60,Arterial Other
T20120017162,2012-04-03,13:00:00,1,Collision with vehicle,3,Tuesday,130,REAR END(VEHICLES IN SAME LANE),9,42193,2,0,0,1,1,2,2,2,T intersection,3,999,Arterial Other