ACCIDENT_NO,ACCIDENT_DATE,ACCIDENT_TIME,ACCIDENT_TYPE,ACCIDENT_TYPE_DESC,DAY_OF_WEEK,DAY_WEEK_DESC,DCA_CODE,DCA_DESC,LIGHT_CONDITION,NODE_ID,NO_OF_VEHICLES,NO_PERSONS_KILLED,NO_PERSONS_INJ_2,NO_PERSONS_INJ_3,NO_PERSONS_NOT_INJ,NO_PERSONS,POLICE_ATTEND,ROAD_GEOMETRY,ROAD_GEOMETRY_DESC,SEVERITY,SPEED_ZONE,RMA
T20120007898,2012-04-03,16:30:00,1,Collision with vehicle,3,Tuesday,110,CROSS TRAFFIC(INTERSECTIONS ONLY),1,251537,2,0,0,1,2,3,1,1,Cross intersection,3,50,Local Road
T20120007900,2012-04-03,17:40:00,1,Collision with vehicle,3,Tuesday,121,RIGHT THROUGH,2,66127,2,0,0,1,1,2,1,2,T intersection,3,50,Arterial Highway
T20120007901,2012-04-03,17:00:00,4,Collision with a fixed object,3,Tuesday,171,LEFT OFF CARRIAGEWAY INTO OBJECT/PARKED VEHICLE,1,252474,1,0,0,1,0,1,1,5,Not at intersection,3,80,Local Road
T20120007903,2012-04-03,15:40:00,2,Struck Pedestrian,3,Tuesday,100,PED NEAR SIDE. PED HIT BY VEHICLE FROM THE RIGHT.,1,224517,1,0,1,0,2,3,1,2,T intersection,2,70,Local Road
T20120007906,2012-04-03,17:59:00,1,Collision with vehicle,3,Tuesday,120,HEAD ON (NOT OVERTAKING),1,251016,3,0,0,1,3,4,1,5,Not at intersection,3,50,Local Road
T20120007907,2012-04-03,17:45:00,1,Collision with vehicle,3,Tuesday,120,HEAD ON (NOT OVERTAKING),1,251539,2,0,1,2,1,4,1,5,Not at intersection,2,100,Arterial Highway
T20120007908,2012-04-03,18:55:00,1,Collision with vehicle,3,Tuesday,110,CROSS TRAFFIC(INTERSECTIONS ONLY),3,41416,2,0,0,1,1,2,1,1,Cross intersection,3,60,Local Road
T20120007910,2012-04-03,17:48:00,1,Collision with vehicle,3,Tuesday,123,RIGHT/LEFT. ONE VEH TURNING RIGHT THE OTHER LEFT.,1,35425,2,0,1,0,1,2,1,2,T intersection,2,70,Arterial Highway
T20120007915,2012-04-03,15:00:00,1,Collision with vehicle,3,Tuesday,116,LEFT NEAR (INTERSECTIONS ONLY),1,68894,2,0,0,2,0,2,2,2,T intersection,3,50,Arterial Other
T20120007916,2012-04-03,20:08:00,1,Collision with vehicle,3,Tuesday,136,RIGHT TURN SIDESWIPE,3,227963,2,0,0,1,1,2,1,2,T intersection,3,80,Arterial Highway
T20120014911,2012-04-04,15:15:00,1,Collision with vehicle,4,Wednesday,133,LANE SIDE SWIPE (VEHICLES IN PARALLEL LANES),1,253005,2,0,0,1,3,4,2,5,Not at intersection,3,60,Arterial Other
T20120007967,2012-04-04,09:10:00,1,Collision with vehicle,4,Wednesday,113,RIGHT NEAR (INTERSECTIONS ONLY),1,52238,2,0,0,2,1,3,1,2,T intersection,3,60,Arterial Highway
T20120007970,2012-04-04,13:25:00,1,Collision with vehicle,4,Wednesday,120,HEAD ON (NOT OVERTAKING),1,254018,2,0,1,0,1,2,1,5,Not at intersection,2,80,Arterial Other
T20120007977,2012-04-04,14:15:00,1,Collision with vehicle,4,Wednesday,160,VEHICLE COLLIDES WITH VEHICLE PARKED ON LEFT OF ROAD,1,251035,2,0,0,1,1,2,1,5,Not at intersection,3,60,Arterial Other
T20120007975,2012-04-04,14:05:00,1,Collision with vehicle,4,Wednesday,116,LEFT NEAR (INTERSECTIONS ONLY),1,251033,2,0,0,1,2,3,1,2,T intersection,3,50,Local Road
T20120009623,2012-04-04,16:00:00,1,Collision with vehicle,4,Wednesday,130,REAR END(VEHICLES IN SAME LANE),1,251491,2,0,0,1,2,3,2,5,Not at intersection,3,60,Arterial Highway
T20120009280,2012-04-04,22:30:00,1,Collision with vehicle,4,Wednesday,130,REAR END(VEHICLES IN SAME LANE),3,37955,2,0,1,0,1,2,2,2,T intersection,2,40,Local Road
T20120017570,2012-04-04,12:50:00,1,Collision with vehicle,4,Wednesday,135,LANE CHANGE LEFT (NOT OVERTAKING),1,253119,2,0,0,1,1,2,1,5,Not at intersection,3,50,Local Road
T20120007972,2012-04-04,13:50:00,4,Collision with a fixed object,4,Wednesday,173,RIGHT OFF CARRIAGEWAY INTO OBJECT/PARKED VEHICLE,1,251028,1,0,0,1,0,1,1,5,Not at intersection,3,100,
T20120008032,2012-04-04,22:00:00,6,Vehicle overturned (no collision),4,Wednesday,180,OFF CARRIAGEWAY ON RIGHT BEND,5,251694,1,0,1,0,0,1,1,2,T intersection,2,100,Arterial Highway
T20120007954,2012-04-04,07:40:00,1,Collision with vehicle,4,Wednesday,110,CROSS TRAFFIC(INTERSECTIONS ONLY),9,29358,2,0,0,1,1,2,2,1,Cross intersection,3,50,Local Road
T20120007952,2012-04-04,09:45:00,1,Collision with vehicle,4,Wednesday,143,ENTERING PARKING,1,35317,2,0,0,1,1,2,2,2,T intersection,3,40,Local Road
T20120007938,2012-04-04,07:30:00,1,Collision with vehicle,4,Wednesday,119,OTHER ADJACENT (INTERSECTIONS ONLY),1,41698,2,0,1,0,1,2,1,2,T intersection,2,70,Arterial Highway
T20120007934,2012-04-04,02:40:00,4,Collision with a fixed object,3,Wednesday,173,RIGHT OFF CARRIAGEWAY INTO OBJECT/PARKED VEHICLE,3,610318,1,0,1,0,0,1,1,5,Not at intersection,2,60,Arterial Other
T20120007932,2012-04-04,00:07:00,4,Collision with a fixed object,4,Wednesday,175,OFF END OF ROAD/T-INTERSECTION.,5,251021,1,0,1,0,0,1,1,2,T intersection,2,100,Local Road
T20120007927,2012-04-04,00:09:00,1,Collision with vehicle,4,Wednesday,121,RIGHT THROUGH,3,793,2,0,2,2,0,4,1,1,Cross intersection,2,80,Arterial Highway
T20120007971,2012-04-04,09:05:00,1,Collision with vehicle,4,Wednesday,113,RIGHT NEAR (INTERSECTIONS ONLY),1,45225,2,0,0,1,1,2,1,2,T intersection,3,60,Arterial Other
T20120018336,2012-04-04,15:30:00,7,Fall from or in moving vehicle,4,Wednesday,190,FELL IN/FROM VEHICLE,1,254403,1,0,1,0,1,2,2,1,Cross intersection,2,999,Local Road
T20120007987,2012-04-04,14:45:00,4,Collision with a fixed object,4,Wednesday,173,RIGHT OFF CARRIAGEWAY INTO OBJECT/PARKED VEHICLE,1,251037,1,0,1,0,0,1,1,5,Not at intersection,2,100,Local Road
T20120009667,2012-04-04,10:45:00,4,Collision with a fixed object,4,Wednesday,173,RIGHT OFF CARRIAGEWAY INTO OBJECT/PARKED VEHICLE,1,251508,1,0,0,1,0,1,2,5,Not at intersection,3,100,Local Road
T20120008465,2012-04-04,17:25:00,1,Collision with vehicle,4,Wednesday,130,REAR END(VEHICLES IN SAME LANE),2,252477,2,0,0,1,1,2,2,5,Not at intersection,3,80,Arterial Other
T20120008659,2012-04-04,09:00:00,1,Collision with vehicle,4,Wednesday,121,RIGHT THROUGH,1,43309,3,0,0,1,2,3,2,2,T intersection,3,50,Local Road
T20120008089,2012-04-04,07:40:00,1,Collision with vehicle,4,Wednesday,130,REAR END(VEHICLES IN SAME LANE),1,252319,2,0,0,1,1,2,2,5,Not at intersection,3,100,Freeway
T20120008150,2012-04-04,16:30:00,1,Collision with vehicle,4,Wednesday,110,CROSS TRAFFIC(INTERSECTIONS ONLY),1,44798,2,0,0,2,1,3,1,1,Cross intersection,3,60,Arterial Highway
T20120007980,2012-04-04,14:15:00,4,Collision with a fixed object,4,Wednesday,173,RIGHT OFF CARRIAGEWAY INTO OBJECT/PARKED VEHICLE,1,251216,1,0,1,0,0,1,1,5,Not at intersection,2,70,Local Road
T20120008068,2012-04-04,14:30:00,6,Vehicle overturned (no collision),4,Wednesday,174,OUT OF CONTROL ON CARRIAGEWAY (ON STRAIGHT),1,251091,2,0,0,1,1,2,1,5,Not at intersection,3,60,Local Road
T20120007969,2012-04-04,13:20:00,2,Struck Pedestrian,4,Wednesday,102,FAR SIDE. PED HIT BY VEHICLE FROM THE LEFT,1,42521,1,0,0,1,1,2,1,2,T intersection,3,50,Arterial Highway
T20120007995,2012-04-04,16:55:00,4,Collision with a fixed object,4,Wednesday,181,OFF RIGHT BEND INTO OBJECT/PARKED VEHICLE,1,262456,1,0,0,1,0,1,2,5,Not at intersection,3,100,Arterial Other
T20120009106,2012-04-04,18:50:00,1,Collision with vehicle,4,Wednesday,121,RIGHT THROUGH,6,36827,2,0,0,1,1,2,2,2,T intersection,3,60,Arterial Other
T20180010246,2012-04-04,17:30:00,1,Collision with vehicle,4,Wednesday,121,RIGHT THROUGH,1,332394,2,0,0,1,1,2,9,5,Not at intersection,3,60,Local Road
T20120007988,2012-04-04,15:43:00,2,Struck Pedestrian,4,Wednesday,102,FAR SIDE. PED HIT BY VEHICLE FROM THE LEFT,1,43287,1,0,0,1,1,2,1,1,Cross intersection,3,60,Arterial Other
T20120007991,2012-04-04,15:05:00,1,Collision with vehicle,4,Wednesday,130,REAR END(VEHICLES IN SAME LANE),1,252475,2,0,0,1,1,2,2,1,Cross intersection,3,80,Arterial Other
T20120007993,2012-04-04,14:24:00,1,Collision with vehicle,4,Wednesday,143,ENTERING PARKING,1,58959,4,0,0,3,4,7,1,2,T intersection,3,60,Local Road
T20120007999,2012-04-04,18:20:00,1,Collision with vehicle,4,Wednesday,121,RIGHT THROUGH,2,39210,2,0,1,0,1,2,2,1,Cross intersection,2,60,Arterial Other
T20120008000,2012-04-04,17:35:00,1,Collision with vehicle,4,Wednesday,121,RIGHT THROUGH,2,36907,2,0,1,0,1,2,1,2,T intersection,2,70,Arterial Other
T20120008005,2012-04-04,16:25:00,4,Collision with a fixed object,4,Wednesday,181,OFF RIGHT BEND INTO OBJECT/PARKED VEHICLE,1,251039,1,0,0,1,0,1,1,5,Not at intersection,3,100,Local Road
T20120008008,2012-04-04,18:40:00,2,Struck Pedestrian,4,Wednesday,107,PED ON FOOTHPATH STRUCK BY VEHENTERING/LEAVING DRIVEWAY.,5,251040,1,0,1,0,1,2,1,5,Not at intersection,2,50,Local Road
T20120008013,2012-04-04,19:25:00,1,Collision with vehicle,4,Wednesday,114,TWO RIGHT TURNING (INTERSECTIONS ONLY),3,44842,2,0,0,1,1,2,2,1,Cross intersection,3,60,Arterial Other
T20120008018,2012-04-04,16:19:00,1,Collision with vehicle,4,Wednesday,120,HEAD ON (NOT OVERTAKING),1,252903,2,1,1,0,0,2,1,5,Not at intersection,1,80,Arterial Other
T20120008020,2012-04-04,17:18:00,1,Collision with vehicle,4,Wednesday,130,REAR END(VEHICLES IN SAME LANE),1,251041,3,0,0,2,2,4,2,5,Not at intersection,3,70,Arterial Other
T20120008021,2012-04-04,21:50:00,6,Vehicle overturned (no collision),4,Wednesday,180,OFF CARRIAGEWAY ON RIGHT BEND,5,251042,1,0,1,0,0,1,1,5,Not at intersection,2,60,Arterial Other
T20120008022,2012-04-04,23:00:00,6,Vehicle overturned (no collision),4,Wednesday,172,OFF CARRIAGEWAY TO RIGHT,3,55495,1,0,0,1,2,3,1,2,T intersection,3,60,Arterial Other
T20120008023,2012-04-04,06:00:00,4,Collision with a fixed object,4,Wednesday,183,OFF LEFT BEND INTO OBJECT/PARKED VEHICLE,2,251043,1,0,1,0,0,1,1,5,Not at intersection,2,100,Local Road
T20120009450,2012-04-04,08:30:00,1,Collision with vehicle,3,Wednesday,133,LANE SIDE SWIPE (VEHICLES IN PARALLEL LANES),1,254820,2,0,1,0,1,2,2,1,Cross intersection,2,50,Local Road
T20120008025,2012-04-04,21:40:00,1,Collision with vehicle,4,Wednesday,160,VEHICLE COLLIDES WITH VEHICLE PARKED ON LEFT OF ROAD,3,39312,3,0,1,0,0,1,1,1,Cross intersection,2,60,Arterial Other
T20120012767,2012-04-04,19:30:00,6,Vehicle overturned (no collision),3,Wednesday,174,OUT OF CONTROL ON CARRIAGEWAY (ON STRAIGHT),2,610319,1,0,1,0,0,1,2,1,Cross intersection,2,50,Local Road
T20120008075,2012-04-05,09:40:00,1,Collision with vehicle,5,Thursday,142,LEAVING PARKING,1,250986,3,0,0,1,1,2,1,5,Not at intersection,3,50,Local Road
T20120009679,2012-04-05,07:55:00,1,Collision with vehicle,5,Thursday,132,RIGHT REAR.,1,36400,2,0,1,0,1,2,2,1,Cross intersection,2,40,Local Road
T20120008087,2012-04-05,13:20:00,1,Collision with vehicle,5,Thursday,130,REAR END(VEHICLES IN SAME LANE),1,250992,4,0,0,1,4,5,1,5,Not at intersection,3,60,Arterial Other
T20120008080,2012-04-05,13:25:00,4,Collision with a fixed object,5,Thursday,171,LEFT OFF CARRIAGEWAY INTO OBJECT/PARKED VEHICLE,1,254030,1,0,2,1,0,3,1,5,Not at intersection,2,60,Local Road
T20120008081,2012-04-05,09:00:00,6,Vehicle overturned (no collision),5,Thursday,180,OFF CARRIAGEWAY ON RIGHT BEND,1,278949,1,0,1,2,0,3,1,5,Not at intersection,2,100,Freeway
T20120008082,2012-04-05,14:35:00,1,Collision with vehicle,5,Thursday,113,RIGHT NEAR (INTERSECTIONS ONLY),1,36179,2,0,0,1,1,2,1,2,T intersection,3,60,Local Road
T20120011638,2012-04-05,05:15:00,8,No collision and no object struck,5,Thursday,179,OTHER ACCIDENTS-OFF STRAIGHT NOT INCLUDED IN DCAs 170-175,3,251961,1,0,0,1,0,1,2,2,T intersection,3,50,Local Road
T20120008095,2012-04-05,13:10:00,1,Collision with vehicle,5,Thursday,111,RIGHT FAR (INTERSECTIONS ONLY),1,237932,3,0,0,2,2,4,1,1,Cross intersection,3,50,Local Road
T20120008097,2012-04-05,15:10:00,1,Collision with vehicle,5,Thursday,130,REAR END(VEHICLES IN SAME LANE),1,43874,2,0,0,1,1,2,1,1,Cross intersection,3,999,Arterial Highway
T20120008104,2012-04-05,18:00:00,1,Collision with vehicle,5,Thursday,148,VEHICLE OFF FOOTPATH STRIKES VEH ON CARRIAGEWAY,1,278483,2,0,1,0,1,2,1,2,T intersection,2,50,Local Road
T20120008107,2012-04-05,18:20:00,2,Struck Pedestrian,5,Thursday,109,ANY MANOEUVRE INVOLVING PED NOT INCLUDED IN DCAs 100-108.,3,250998,1,0,1,0,0,1,1,5,Not at intersection,2,50,Local Road
T20120008114,2012-04-05,15:45:00,1,Collision with vehicle,5,Thursday,120,HEAD ON (NOT OVERTAKING),1,251096,4,0,4,3,4,11,1,5,Not at intersection,2,90,Arterial Other
T20120008122,2012-04-05,18:55:00,2,Struck Pedestrian,5,Thursday,100,PED NEAR SIDE. PED HIT BY VEHICLE FROM THE RIGHT.,3,233670,1,0,1,0,1,2,1,2,T intersection,2,70,Arterial Other
T20120008123,2012-04-05,18:34:00,1,Collision with vehicle,5,Thursday,120,HEAD ON (NOT OVERTAKING),5,251001,2,0,1,0,1,2,1,5,Not at intersection,2,100,Arterial Highway
T20120008124,2012-04-05,20:30:00,1,Collision with vehicle,5,Thursday,113,RIGHT NEAR (INTERSECTIONS ONLY),3,122018,2,0,1,1,0,2,1,4,Multiple intersection,2,60,Freeway
T20120008125,2012-04-05,19:29:00,1,Collision with vehicle,5,Thursday,120,HEAD ON (NOT OVERTAKING),5,252509,2,0,1,0,1,2,1,5,Not at intersection,2,888,
T20120008129,2012-04-05,06:03:00,1,Collision with vehicle,5,Thursday,113,RIGHT NEAR (INTERSECTIONS ONLY),2,45037,2,0,3,0,0,3,2,1,Cross intersection,2,70,Arterial Other
T20120008136,2012-04-05,13:12:00,1,Collision with vehicle,5,Thursday,140,U TURN,1,54088,2,0,0,1,2,3,1,2,T intersection,3,60,Arterial Other
T20120008137,2012-04-05,11:20:00,1,Collision with vehicle,5,Thursday,132,RIGHT REAR.,1,251100,2,0,1,0,1,2,1,5,Not at intersection,2,60,Arterial Other
T20120008141,2012-04-05,14:00:00,2,Struck Pedestrian,5,Thursday,100,PED NEAR SIDE. PED HIT BY VEHICLE FROM THE RIGHT.,1,251331,1,0,0,1,1,2,1,5,Not at intersection,3,40,Arterial Other
T20120008099,2012-04-05,16:34:00,1,Collision with vehicle,5,Thursday,110,CROSS TRAFFIC(INTERSECTIONS ONLY),1,54370,2,0,0,3,0,3,1,1,Cross intersection,3,50,Local Road
T20120008251,2012-04-05,12:30:00,2,Struck Pedestrian,5,Thursday,109,ANY MANOEUVRE INVOLVING PED NOT INCLUDED IN DCAs 100-108.,1,38765,1,0,1,0,1,2,2,1,Cross intersection,2,80,Arterial Other
T20120008046,2012-04-05,10:15:00,1,Collision with vehicle,5,Thursday,130,REAR END(VEHICLES IN SAME LANE),1,84491,2,0,0,1,1,2,2,5,Not at intersection,3,100,Arterial Highway
T20120008044,2012-04-05,08:50:00,8,No collision and no object struck,5,Thursday,174,OUT OF CONTROL ON CARRIAGEWAY (ON STRAIGHT),1,229,2,0,0,2,0,2,1,2,T intersection,3,30,Local Road
T20120008042,2012-04-05,08:09:00,4,Collision with a fixed object,5,Thursday,171,LEFT OFF CARRIAGEWAY INTO OBJECT/PARKED VEHICLE,1,213184,1,0,2,0,0,2,1,5,Not at intersection,2,50,Local Road
T20120008041,2012-04-05,09:10:00,2,Struck Pedestrian,5,Thursday,102,FAR SIDE. PED HIT BY VEHICLE FROM THE LEFT,1,45064,1,0,1,0,1,2,1,1,Cross intersection,2,50,Local Road
T20120008037,2012-04-05,05:15:00,3,Struck animal,5,Thursday,167,STRUCK ANIMAL,3,251086,1,0,1,0,0,1,2,5,Not at intersection,2,80,Arterial Other
T20120008036,2012-04-05,07:30:00,1,Collision with vehicle,5,Thursday,110,CROSS TRAFFIC(INTERSECTIONS ONLY),1,41625,2,0,0,1,1,2,1,1,Cross intersection,3,50,Arterial Other
T20120008034,2012-04-05,07:15:00,2,Struck Pedestrian,5,Thursday,102,FAR SIDE. PED HIT BY VEHICLE FROM THE LEFT,1,66308,1,0,1,0,1,2,1,2,T intersection,2,60,Arterial Other
T20120008047,2012-04-05,09:12:00,2,Struck Pedestrian,5,Thursday,102,FAR SIDE. PED HIT BY VEHICLE FROM THE LEFT,1,32393,1,0,0,1,1,2,1,2,T intersection,3,60,Arterial Other
T20120008666,2012-04-05,17:30:00,1,Collision with vehicle,5,Thursday,163,VEHICLE STRIKES DOOR OF PARKED/STATIONARY VEHICLE,1,46523,2,0,0,1,1,2,2,4,Multiple intersection,3,60,Arterial Other
T20120009603,2012-04-05,07:50:00,1,Collision with vehicle,5,Thursday,137,LEFT TURN SIDESWIPE,1,251439,2,0,0,1,1,2,2,2,T intersection,3,50,Local Road
T20120008065,2012-04-05,12:20:00,1,Collision with vehicle,5,Thursday,143,ENTERING PARKING,1,37161,2,0,1,0,1,2,1,2,T intersection,2,40,Arterial Other
T20120008094,2012-04-05,16:19:00,1,Collision with vehicle,5,Thursday,143,ENTERING PARKING,1,259584,3,0,0,2,1,3,1,5,Not at intersection,3,40,Local Road
T20120008069,2012-04-05,14:00:00,1,Collision with vehicle,5,Thursday,113,RIGHT NEAR (INTERSECTIONS ONLY),1,72071,2,0,1,1,1,3,1,2,T intersection,2,80,Arterial Other
T20120008070,2012-04-05,11:50:00,1,Collision with vehicle,5,Thursday,132,RIGHT REAR.,1,251093,3,0,0,2,2,4,1,2,T intersection,3,100,Arterial Highway
T20120008092,2012-04-05,16:15:00,8,No collision and no object struck,5,Thursday,174,OUT OF CONTROL ON CARRIAGEWAY (ON STRAIGHT),1,75142,1,0,0,1,0,1,1,5,Not at intersection,3,30,Local Road
T20120008155,2012-04-05,18:30:00,1,Collision with vehicle,5,Thursday,121,RIGHT THROUGH,3,46622,2,0,0,1,1,2,9,2,T intersection,3,70,Arterial Other
T20120008177,2012-04-05,18:30:00,1,Collision with vehicle,5,Thursday,136,RIGHT TURN SIDESWIPE,2,251136,2,0,0,1,1,2,2,2,T intersection,3,50,Local Road
T20120008026,2012-04-05,00:42:00,6,Vehicle overturned (no collision),5,Thursday,172,OFF CARRIAGEWAY TO RIGHT,5,251080,1,0,0,1,0,1,1,5,Not at intersection,3,100,Arterial Highway
T20120026178,2012-04-05,08:00:00,2,Struck Pedestrian,5,Thursday,109,ANY MANOEUVRE INVOLVING PED NOT INCLUDED IN DCAs 100-108.,1,255170,1,0,0,1,0,1,1,5,Not at intersection,3,60,Arterial Other
T20120012334,2012-04-05,08:15:00,1,Collision with vehicle,5,Thursday,116,LEFT NEAR (INTERSECTIONS ONLY),9,48981,2,0,1,0,1,2,2,4,Multiple intersection,2,999,Arterial Other
T20120010334,2012-04-05,09:45:00,1,Collision with vehicle,5,Thursday,110,CROSS TRAFFIC(INTERSECTIONS ONLY),1,41416,2,0,0,1,1,2,2,1,Cross intersection,3,60,Local Road
T20120008054,2012-04-05,10:20:00,1,Collision with vehicle,5,Thursday,146,REVERSING INTO FIXED OBJECT/PARKED VEHICLE,1,38157,2,0,0,1,0,1,1,2,T intersection,3,50,Arterial Highway
T20120008218,2012-04-05,14:10:00,1,Collision with vehicle,5,Thursday,121,RIGHT THROUGH,1,38250,2,0,0,1,2,3,1,2,T intersection,3,70,Arterial Highway
T20120008027,2012-04-05,00:32:00,4,Collision with a fixed object,5,Thursday,173,RIGHT OFF CARRIAGEWAY INTO OBJECT/PARKED VEHICLE,3,256556,1,0,1,0,0,1,1,5,Not at intersection,2,60,Arterial Other
T20120008091,2012-04-05,15:17:00,1,Collision with vehicle,5,Thursday,130,REAR END(VEHICLES IN SAME LANE),1,43358,2,0,0,1,2,3,1,2,T intersection,3,60,Arterial Other
T20120008064,2012-04-05,12:50:00,6,Vehicle overturned (no collision),5,Thursday,174,OUT OF CONTROL ON CARRIAGEWAY (ON STRAIGHT),1,63873,2,0,0,1,1,2,1,2,T intersection,3,60,Local Road
T20120008063,2012-04-05,12:42:00,2,Struck Pedestrian,5,Thursday,102,FAR SIDE. PED HIT BY VEHICLE FROM THE LEFT,1,40411,1,0,1,0,1,2,1,2,T intersection,2,60,Arterial Other
T20120008060,2012-04-05,11:20:00,2,Struck Pedestrian,5,Thursday,109,ANY MANOEUVRE INVOLVING PED NOT INCLUDED IN DCAs 100-108.,1,249926,2,1,0,0,2,3,1,5,Not at intersection,1,50,Local Road
T20120014054,2012-04-05,17:45:00,1,Collision with vehicle,5,Thursday,132,RIGHT REAR.,2,35349,2,0,0,1,1,2,2,1,Cross intersection,3,60,Arterial Other
T20120008055,2012-04-05,11:22:00,2,Struck Pedestrian,5,Thursday,100,PED NEAR SIDE. PED HIT BY VEHICLE FROM THE RIGHT.,1,41758,1,0,1,1,0,2,1,2,T intersection,2,50,Arterial Other
T20120008156,2012-04-06,12:05:00,1,Collision with vehicle,6,Friday,134,LANE CHANGE RIGHT (NOT OVERTAKING),1,251218,2,0,0,1,1,2,1,1,Cross intersection,3,60,Local Road
T20120008171,2012-04-06,15:05:00,1,Collision with vehicle,6,Friday,171,LEFT OFF CARRIAGEWAY INTO OBJECT/PARKED VEHICLE,1,73087,5,0,0,2,0,2,1,2,T intersection,3,60,Local Road
T20120008237,2012-04-06,17:55:00,1,Collision with vehicle,6,Friday,120,HEAD ON (NOT OVERTAKING),2,251157,2,0,0,1,3,4,2,5,Not at intersection,3,60,
T20120008235,2012-04-06,11:30:00,6,Vehicle overturned (no collision),6,Friday,180,OFF CARRIAGEWAY ON RIGHT BEND,1,251155,1,0,0,1,0,1,2,5,Not at intersection,3,80,Arterial Other
T20120008233,2012-04-06,21:00:00,4,Collision with a fixed object,6,Friday,173,RIGHT OFF CARRIAGEWAY INTO OBJECT/PARKED VEHICLE,5,251154,1,0,3,0,0,3,1,5,Not at intersection,2,60,Local Road
T20120008232,2012-04-06,21:45:00,4,Collision with a fixed object,6,Friday,183,OFF LEFT BEND INTO OBJECT/PARKED VEHICLE,5,252609,1,0,1,0,0,1,2,5,Not at intersection,2,999,Arterial Other
T20120008261,2012-04-06,20:45:00,5,collision with some other object,6,Friday,166,STRUCK OBJECT ON CARRIAGEWAY,5,251180,1,0,0,1,1,2,1,5,Not at intersection,3,100,Arterial Highway
T20120008158,2012-04-06,11:30:00,1,Collision with vehicle,6,Friday,130,REAR END(VEHICLES IN SAME LANE),1,251133,2,0,0,1,2,3,1,5,Not at intersection,3,70,Arterial Other
T20120008161,2012-04-06,11:00:00,4,Collision with a fixed object,6,Friday,179,OTHER ACCIDENTS-OFF STRAIGHT NOT INCLUDED IN DCAs 170-175,1,70421,1,0,0,1,0,1,2,1,Cross intersection,3,999,Local Road
T20120008831,2012-04-06,08:05:00,1,Collision with vehicle,6,Friday,120,HEAD ON (NOT OVERTAKING),1,41345,2,0,0,1,2,3,1,1,Cross intersection,3,50,Local Road
T20120008183,2012-04-06,15:30:00,1,Collision with vehicle,6,Friday,132,RIGHT REAR.,1,41129,2,0,0,1,1,2,1,2,T intersection,3,60,Arterial Other
T20120017504,2012-04-06,00:01:00,2,Struck Pedestrian,6,Friday,100,PED NEAR SIDE. PED HIT BY VEHICLE FROM THE RIGHT.,6,42520,1,0,0,1,1,2,2,1,Cross intersection,3,60,Arterial Other
T20120008185,2012-04-06,16:10:00,1,Collision with vehicle,6,Friday,113,RIGHT NEAR (INTERSECTIONS ONLY),1,251139,2,0,0,1,1,2,1,1,Cross intersection,3,50,Local Road
T20120008186,2012-04-06,17:30:00,1,Collision with vehicle,6,Friday,110,CROSS TRAFFIC(INTERSECTIONS ONLY),2,1190,2,0,2,2,0,4,1,4,Multiple intersection,2,60,Local Road
T20120008191,2012-04-06,14:30:00,1,Collision with vehicle,6,Friday,116,LEFT NEAR (INTERSECTIONS ONLY),1,29829,3,1,4,0,3,8,1,2,T intersection,1,100,Arterial Highway
T20120008194,2012-04-06,03:56:00,4,Collision with a fixed object,6,Friday,171,LEFT OFF CARRIAGEWAY INTO OBJECT/PARKED VEHICLE,5,251141,1,0,1,1,1,3,1,5,Not at intersection,2,100,Arterial Highway
T20120008169,2012-04-06,12:20:00,1,Collision with vehicle,6,Friday,130,REAR END(VEHICLES IN SAME LANE),1,610317,2,0,1,1,1,3,1,4,Multiple intersection,2,70,Freeway
T20120008653,2012-04-06,13:05:00,7,Fall from or in moving vehicle,6,Friday,184,OUT OF CONTROL ON CARRIAGEWAY (ON BEND),1,251049,1,0,1,0,0,1,1,5,Not at intersection,2,80,Local Road
T20120008196,2012-04-06,18:35:00,1,Collision with vehicle,6,Friday,134,LANE CHANGE RIGHT (NOT OVERTAKING),5,251142,2,0,1,3,4,8,1,5,Not at intersection,2,110,Freeway
T20120008201,2012-04-06,18:00:00,4,Collision with a fixed object,6,Friday,173,RIGHT OFF CARRIAGEWAY INTO OBJECT/PARKED VEHICLE,5,251144,1,0,1,0,3,4,1,5,Not at intersection,2,100,Arterial Other
T20120008164,2012-04-06,09:59:00,1,Collision with vehicle,6,Friday,133,LANE SIDE SWIPE (VEHICLES IN PARALLEL LANES),1,251468,2,0,1,0,1,2,1,5,Not at intersection,2,80,Freeway
T20120008664,2012-04-06,09:50:00,1,Collision with vehicle,6,Friday,132,RIGHT REAR.,1,-10,2,0,1,0,2,3,1,5,Not at intersection,2,100,
T20120008204,2012-04-06,23:50:00,4,Collision with a fixed object,6,Friday,171,LEFT OFF CARRIAGEWAY INTO OBJECT/PARKED VEHICLE,3,42525,1,0,0,3,0,3,1,2,T intersection,3,70,Local Road
T20120008597,2012-04-06,11:50:00,4,Collision with a fixed object,6,Friday,173,RIGHT OFF CARRIAGEWAY INTO OBJECT/PARKED VEHICLE,1,278505,3,0,4,0,7,11,1,5,Not at intersection,2,100,Freeway