ACCIDENT_NO,ACCIDENT_DATE,ACCIDENT_TIME,ACCIDENT_TYPE,ACCIDENT_TYPE_DESC,DAY_OF_WEEK,DAY_WEEK_DESC,DCA_CODE,DCA_DESC,LIGHT_CONDITION,NODE_ID,NO_OF_VEHICLES,NO_PERSONS_KILLED,NO_PERSONS_INJ_2,NO_PERSONS_INJ_3,NO_PERSONS_NOT_INJ,NO_PERSONS,POLICE_ATTEND,ROAD_GEOMETRY,ROAD_GEOMETRY_DESC,SEVERITY,SPEED_ZONE,RMA
T20120008142,2012-04-06,08:00:00,8,No collision and no object struck,6,Friday,170,OFF CARRIAGEWAY TO LEFT,1,251101,1,0,1,0,0,1,1,5,Not at intersection,2,80,Arterial Other
T20120008143,2012-04-06,07:52:00,1,Collision with vehicle,6,Friday,121,RIGHT THROUGH,1,40981,2,0,3,0,0,3,1,2,T intersection,2,60,Arterial Other
T20120008240,2012-04-06,14:00:00,8,No collision and no object struck,6,Friday,174,OUT OF CONTROL ON CARRIAGEWAY (ON STRAIGHT),1,251159,1,0,0,1,0,1,1,5,Not at intersection,3,100,
T20120008165,2012-04-06,11:30:00,1,Collision with vehicle,6,Friday,132,RIGHT REAR.,1,251134,2,0,0,1,1,2,2,5,Not at intersection,3,50,Local Road
T20120008174,2012-04-06,12:30:00,1,Collision with vehicle,6,Friday,132,RIGHT REAR.,1,57518,2,0,0,1,2,3,2,1,Cross intersection,3,60,Arterial Highway
T20120008172,2012-04-06,11:40:00,1,Collision with vehicle,6,Friday,130,REAR END(VEHICLES IN SAME LANE),1,251135,3,0,1,0,5,6,1,5,Not at intersection,2,100,Freeway
T20120008305,2012-04-06,15:50:00,6,Vehicle overturned (no collision),6,Friday,180,OFF CARRIAGEWAY ON RIGHT BEND,1,251190,1,0,1,0,0,1,1,5,Not at intersection,2,100,Arterial Other
T20120008153,2012-04-06,10:10:00,4,Collision with a fixed object,6,Friday,171,LEFT OFF CARRIAGEWAY INTO OBJECT/PARKED VEHICLE,1,251103,1,0,1,0,0,1,1,5,Not at intersection,2,100,Arterial Other
T20120008173,2012-04-06,14:55:00,2,Struck Pedestrian,6,Friday,106,VEH STRIKES PED ON FOOTPATH/MEDIAN/TRAFFIC ISLAND.,1,35496,1,0,0,4,0,4,1,2,T intersection,3,60,Arterial Other
T20120008195,2012-04-06,15:00:00,1,Collision with vehicle,6,Friday,130,REAR END(VEHICLES IN SAME LANE),1,44667,2,0,0,1,1,2,1,2,T intersection,3,60,Arterial Other
T20120008246,2012-04-07,14:40:00,1,Collision with vehicle,7,Saturday,120,HEAD ON (NOT OVERTAKING),1,252905,2,0,1,0,1,2,1,5,Not at intersection,2,100,Arterial Other
T20120008243,2012-04-07,12:45:00,1,Collision with vehicle,7,Saturday,160,VEHICLE COLLIDES WITH VEHICLE PARKED ON LEFT OF ROAD,1,251168,2,0,1,0,0,1,1,5,Not at intersection,2,50,Local Road
T20120008352,2012-04-07,12:30:00,1,Collision with vehicle,7,Saturday,130,REAR END(VEHICLES IN SAME LANE),1,251075,5,0,0,1,5,6,1,5,Not at intersection,3,100,Arterial Other
T20120008242,2012-04-07,10:20:00,1,Collision with vehicle,7,Saturday,112,LEFT FAR (INTERSECTIONS ONLY),1,251165,2,0,1,2,0,3,1,1,Cross intersection,2,100,Local Road
T20120008231,2012-04-07,09:30:00,4,Collision with a fixed object,7,Saturday,181,OFF RIGHT BEND INTO OBJECT/PARKED VEHICLE,1,252369,1,0,0,1,0,1,1,5,Not at intersection,3,100,
T20130003493,2012-04-07,12:00:00,8,No collision and no object struck,7,Saturday,199,UNKNOWN-NO DETAILS ON MANOEUVRES OF ROAD-USERS IN ACCIDENT,9,273077,1,0,0,1,0,1,2,9,Unknown,3,999,Arterial Other
T20120008230,2012-04-07,12:45:00,1,Collision with vehicle,7,Saturday,147,VEHICLE STRIKES ANOTHER VEH WHILE EMERGING FROM DRIVEWAY,1,241525,2,0,0,2,1,3,1,1,Cross intersection,3,60,Local Road
T20120008226,2012-04-07,11:20:00,1,Collision with vehicle,7,Saturday,130,REAR END(VEHICLES IN SAME LANE),1,39345,3,0,1,0,2,3,1,2,T intersection,2,60,Arterial Other
T20120008225,2012-04-07,10:40:00,4,Collision with a fixed object,7,Saturday,171,LEFT OFF CARRIAGEWAY INTO OBJECT/PARKED VEHICLE,1,251152,1,0,0,1,0,1,1,5,Not at intersection,3,100,Local Road
T20120008224,2012-04-07,03:55:00,6,Vehicle overturned (no collision),7,Saturday,174,OUT OF CONTROL ON CARRIAGEWAY (ON STRAIGHT),5,251151,1,0,1,2,0,3,1,5,Not at intersection,2,100,Arterial Other
T20120008222,2012-04-07,07:14:00,1,Collision with vehicle,7,Saturday,130,REAR END(VEHICLES IN SAME LANE),1,254411,2,0,0,1,2,3,2,5,Not at intersection,3,100,Freeway
T20120008221,2012-04-07,11:30:00,4,Collision with a fixed object,7,Saturday,173,RIGHT OFF CARRIAGEWAY INTO OBJECT/PARKED VEHICLE,1,50264,1,0,0,1,0,1,2,1,Cross intersection,3,80,Arterial Other
T20120008695,2012-04-07,13:40:00,1,Collision with vehicle,7,Saturday,130,REAR END(VEHICLES IN SAME LANE),1,29843,2,0,0,1,1,2,2,4,Multiple intersection,3,999,Freeway
T20120008217,2012-04-07,08:49:00,4,Collision with a fixed object,7,Saturday,171,LEFT OFF CARRIAGEWAY INTO OBJECT/PARKED VEHICLE,1,43593,2,0,1,0,2,3,1,2,T intersection,2,80,Arterial Highway
T20120008216,2012-04-07,03:20:00,4,Collision with a fixed object,7,Saturday,173,RIGHT OFF CARRIAGEWAY INTO OBJECT/PARKED VEHICLE,3,324,1,0,1,0,0,1,1,3,Y intersection,2,60,Arterial Other
T20120008215,2012-04-07,03:30:00,4,Collision with a fixed object,7,Saturday,171,LEFT OFF CARRIAGEWAY INTO OBJECT/PARKED VEHICLE,3,249857,1,2,0,0,0,2,1,5,Not at intersection,1,80,Arterial Other
T20120008214,2012-04-07,02:45:00,4,Collision with a fixed object,7,Saturday,173,RIGHT OFF CARRIAGEWAY INTO OBJECT/PARKED VEHICLE,5,251147,1,0,0,1,0,1,1,5,Not at intersection,3,80,Freeway
T20120015345,2012-04-07,22:10:00,4,Collision with a fixed object,7,Saturday,173,RIGHT OFF CARRIAGEWAY INTO OBJECT/PARKED VEHICLE,5,254406,1,0,1,0,0,1,1,5,Not at intersection,2,60,Local Road
T20120008729,2012-04-07,11:30:00,5,collision with some other object,7,Saturday,166,STRUCK OBJECT ON CARRIAGEWAY,1,251166,1,0,1,0,0,1,2,5,Not at intersection,2,999,
T20120008256,2012-04-07,16:45:00,1,Collision with vehicle,7,Saturday,110,CROSS TRAFFIC(INTERSECTIONS ONLY),1,251176,2,0,1,0,1,2,1,1,Cross intersection,2,50,Local Road
T20120008205,2012-04-07,01:15:00,2,Struck Pedestrian,7,Saturday,105,PED WALKING AGAINST TRAFFIC.,3,251982,1,0,1,0,1,2,1,5,Not at intersection,2,80,Arterial Highway
T20120012213,2012-04-07,11:30:00,1,Collision with vehicle,7,Saturday,132,RIGHT REAR.,1,51653,2,0,0,1,1,2,2,2,T intersection,3,50,Local Road
T20120009096,2012-04-07,14:00:00,8,No collision and no object struck,7,Saturday,174,OUT OF CONTROL ON CARRIAGEWAY (ON STRAIGHT),1,283626,1,0,0,1,0,1,2,9,Unknown,3,999,Local Road
T20120008281,2012-04-07,21:30:00,1,Collision with vehicle,7,Saturday,121,RIGHT THROUGH,3,278496,2,0,2,0,1,3,1,2,T intersection,2,80,Local Road
T20120008275,2012-04-07,21:40:00,6,Vehicle overturned (no collision),7,Saturday,172,OFF CARRIAGEWAY TO RIGHT,5,252476,2,0,0,3,1,4,1,5,Not at intersection,3,60,Local Road
T20120008273,2012-04-07,21:30:00,1,Collision with vehicle,7,Saturday,121,RIGHT THROUGH,3,35641,2,0,2,0,8,10,1,1,Cross intersection,2,60,Arterial Other
T20120008265,2012-04-07,19:53:00,2,Struck Pedestrian,7,Saturday,102,FAR SIDE. PED HIT BY VEHICLE FROM THE LEFT,3,88427,1,0,0,1,1,2,1,5,Not at intersection,3,60,Arterial Other
T20120008264,2012-04-07,17:50:00,1,Collision with vehicle,7,Saturday,130,REAR END(VEHICLES IN SAME LANE),2,251181,2,0,0,1,5,6,1,5,Not at intersection,3,50,Arterial Highway
T20120008262,2012-04-07,16:01:00,1,Collision with vehicle,7,Saturday,113,RIGHT NEAR (INTERSECTIONS ONLY),1,38249,2,0,1,2,0,3,1,2,T intersection,2,50,Arterial Other
T20120008260,2012-04-07,15:50:00,1,Collision with vehicle,7,Saturday,131,LEFT REAR,1,36326,2,0,0,1,1,2,2,1,Cross intersection,3,999,Arterial Other
T20120008212,2012-04-07,03:00:00,4,Collision with a fixed object,7,Saturday,171,LEFT OFF CARRIAGEWAY INTO OBJECT/PARKED VEHICLE,5,254416,1,0,0,1,0,1,1,5,Not at intersection,3,110,Freeway
T20120008660,2012-04-07,09:30:00,8,No collision and no object struck,7,Saturday,174,OUT OF CONTROL ON CARRIAGEWAY (ON STRAIGHT),1,251057,1,0,0,1,0,1,2,5,Not at intersection,3,100,Local Road
T20120010088,2012-04-07,14:00:00,8,No collision and no object struck,7,Saturday,174,OUT OF CONTROL ON CARRIAGEWAY (ON STRAIGHT),1,251530,1,0,1,0,0,1,2,5,Not at intersection,2,999,Arterial Other
T20120008431,2012-04-07,07:30:00,2,Struck Pedestrian,7,Saturday,104,PED WALKING WITH TRAFFIC,9,253903,1,0,0,1,1,2,2,5,Not at intersection,3,999,Local Road
T20120009587,2012-04-07,13:30:00,1,Collision with vehicle,7,Saturday,130,REAR END(VEHICLES IN SAME LANE),1,36816,2,0,0,4,1,5,2,1,Cross intersection,3,80,Arterial Other
T20120008258,2012-04-07,10:50:00,1,Collision with vehicle,7,Saturday,113,RIGHT NEAR (INTERSECTIONS ONLY),1,43593,2,0,0,2,1,3,1,2,T intersection,3,80,Arterial Highway
T20120008257,2012-04-07,10:52:00,1,Collision with vehicle,7,Saturday,120,HEAD ON (NOT OVERTAKING),1,251179,2,0,1,1,1,3,1,5,Not at intersection,2,80,Arterial Highway
T20120008253,2012-04-07,15:40:00,1,Collision with vehicle,7,Saturday,121,RIGHT THROUGH,1,251540,2,0,1,0,1,2,1,5,Not at intersection,2,50,Local Road
T20120008248,2012-04-07,14:28:00,1,Collision with vehicle,7,Saturday,121,RIGHT THROUGH,1,49838,3,0,0,1,6,7,1,2,T intersection,3,100,Arterial Highway
T20120008320,2012-04-08,15:35:00,4,Collision with a fixed object,1,Sunday,173,RIGHT OFF CARRIAGEWAY INTO OBJECT/PARKED VEHICLE,1,251984,1,0,1,0,0,1,1,2,T intersection,2,60,Local Road
T20120009905,2012-04-08,18:00:00,4,Collision with a fixed object,1,Sunday,171,LEFT OFF CARRIAGEWAY INTO OBJECT/PARKED VEHICLE,5,251512,1,0,0,1,0,1,2,2,T intersection,3,100,Local Road
T20120008321,2012-04-08,20:00:00,6,Vehicle overturned (no collision),1,Sunday,174,OUT OF CONTROL ON CARRIAGEWAY (ON STRAIGHT),3,41732,2,0,0,1,1,2,2,2,T intersection,3,70,Arterial Other
T20120008312,2012-04-08,16:35:00,1,Collision with vehicle,0,Sunday,130,REAR END(VEHICLES IN SAME LANE),1,278503,2,0,0,1,1,2,1,2,T intersection,3,60,Local Road
T20120008323,2012-04-08,19:20:00,1,Collision with vehicle,1,Sunday,140,U TURN,3,251985,2,0,1,0,2,3,1,5,Not at intersection,2,40,Arterial Other
T20120008325,2012-04-08,22:10:00,1,Collision with vehicle,1,Sunday,160,VEHICLE COLLIDES WITH VEHICLE PARKED ON LEFT OF ROAD,3,251058,3,0,0,1,0,1,1,1,Cross intersection,3,50,Local Road
T20120008327,2012-04-08,21:30:00,1,Collision with vehicle,1,Sunday,171,LEFT OFF CARRIAGEWAY INTO OBJECT/PARKED VEHICLE,3,251062,4,0,0,1,1,2,1,5,Not at intersection,3,40,Local Road
T20120008429,2012-04-08,17:00:00,1,Collision with vehicle,1,Sunday,113,RIGHT NEAR (INTERSECTIONS ONLY),1,43609,2,0,0,4,0,4,2,2,T intersection,3,999,Arterial Other
T20120008328,2012-04-08,22:50:00,4,Collision with a fixed object,1,Sunday,171,LEFT OFF CARRIAGEWAY INTO OBJECT/PARKED VEHICLE,3,250221,1,1,0,0,0,1,1,5,Not at intersection,1,80,Arterial Other
T20120008297,2012-04-08,03:15:00,4,Collision with a fixed object,1,Sunday,171,LEFT OFF CARRIAGEWAY INTO OBJECT/PARKED VEHICLE,5,251184,1,0,0,1,0,1,1,5,Not at intersection,3,100,Local Road
T20120008311,2012-04-08,10:28:00,8,No collision and no object struck,1,Sunday,174,OUT OF CONTROL ON CARRIAGEWAY (ON STRAIGHT),1,251378,1,0,0,1,0,1,1,5,Not at intersection,3,100,Local Road
T20120008466,2012-04-08,18:30:00,3,Struck animal,1,Sunday,167,STRUCK ANIMAL,2,251249,1,0,0,1,0,1,2,5,Not at intersection,3,80,Local Road
T20120008315,2012-04-08,16:10:00,4,Collision with a fixed object,1,Sunday,171,LEFT OFF CARRIAGEWAY INTO OBJECT/PARKED VEHICLE,1,251222,1,0,1,0,0,1,1,5,Not at intersection,2,60,Local Road
T20120008317,2012-04-08,18:30:00,1,Collision with vehicle,1,Sunday,135,LANE CHANGE LEFT (NOT OVERTAKING),5,251054,2,0,1,0,1,2,2,2,T intersection,2,100,Arterial Highway
T20120009299,2012-04-08,09:30:00,4,Collision with a fixed object,1,Sunday,183,OFF LEFT BEND INTO OBJECT/PARKED VEHICLE,9,251262,1,0,0,1,0,1,2,2,T intersection,3,999,Local Road
T20120008309,2012-04-08,13:37:00,2,Struck Pedestrian,1,Sunday,100,PED NEAR SIDE. PED HIT BY VEHICLE FROM THE RIGHT.,1,251193,1,0,1,0,2,3,1,5,Not at intersection,2,50,Local Road
T20120022178,2012-04-08,20:00:00,1,Collision with vehicle,0,Sunday,110,CROSS TRAFFIC(INTERSECTIONS ONLY),3,1190,2,0,0,1,1,2,1,4,Multiple intersection,3,60,Local Road
T20120008313,2012-04-08,08:45:00,4,Collision with a fixed object,1,Sunday,181,OFF RIGHT BEND INTO OBJECT/PARKED VEHICLE,1,251219,1,0,0,1,0,1,1,5,Not at intersection,3,60,Arterial Other
T20120008397,2012-04-08,22:25:00,4,Collision with a fixed object,1,Sunday,171,LEFT OFF CARRIAGEWAY INTO OBJECT/PARKED VEHICLE,5,52354,1,0,1,0,0,1,1,2,T intersection,2,60,Local Road
T20120008290,2012-04-08,09:38:00,1,Collision with vehicle,1,Sunday,131,LEFT REAR,1,51953,4,0,1,0,1,2,1,1,Cross intersection,2,50,Arterial Highway
T20120008286,2012-04-08,10:00:00,4,Collision with a fixed object,1,Sunday,173,RIGHT OFF CARRIAGEWAY INTO OBJECT/PARKED VEHICLE,1,251332,1,0,1,0,0,1,1,5,Not at intersection,2,60,Arterial Other
T20120013253,2012-04-08,03:00:00,4,Collision with a fixed object,1,Sunday,171,LEFT OFF CARRIAGEWAY INTO OBJECT/PARKED VEHICLE,3,252662,1,0,0,1,0,1,2,5,Not at intersection,3,80,Freeway
T20120008285,2012-04-08,04:15:00,1,Collision with vehicle,1,Sunday,162,ACCIDENT OR BROKEN DOWN,5,251983,2,0,0,1,1,2,1,5,Not at intersection,3,80,Freeway
T20120008283,2012-04-08,00:18:00,1,Collision with vehicle,1,Sunday,121,RIGHT THROUGH,3,221792,2,0,1,1,4,6,1,5,Not at intersection,2,80,Freeway
T20120008308,2012-04-08,14:20:00,4,Collision with a fixed object,1,Sunday,181,OFF RIGHT BEND INTO OBJECT/PARKED VEHICLE,1,251192,1,0,1,0,0,1,1,5,Not at intersection,2,100,
T20120008307,2012-04-08,14:00:00,4,Collision with a fixed object,1,Sunday,181,OFF RIGHT BEND INTO OBJECT/PARKED VEHICLE,1,252183,1,0,1,0,0,1,1,5,Not at intersection,2,100,Local Road
T20120008314,2012-04-08,17:30:00,8,No collision and no object struck,1,Sunday,170,OFF CARRIAGEWAY TO LEFT,1,251220,1,0,0,1,0,1,1,5,Not at intersection,3,100,
T20120008303,2012-04-08,13:05:00,1,Collision with vehicle,1,Sunday,121,RIGHT THROUGH,1,42055,2,0,1,0,1,2,1,2,T intersection,2,60,Arterial Other
T20120008302,2012-04-08,12:42:00,2,Struck Pedestrian,1,Sunday,108,PED STRUCK WALKING TO/FROM OR BOARDING/ALIGHTING VEHICLE.,1,253294,1,0,0,1,1,2,1,5,Not at intersection,3,40,Local Road
T20120008301,2012-04-08,06:04:00,4,Collision with a fixed object,1,Sunday,173,RIGHT OFF CARRIAGEWAY INTO OBJECT/PARKED VEHICLE,2,253316,2,0,0,1,2,3,1,5,Not at intersection,3,80,Local Road
T20120008294,2012-04-08,09:45:00,1,Collision with vehicle,1,Sunday,152,PULLING OUT (OVERTAKING),1,251541,2,0,1,3,3,7,1,5,Not at intersection,2,100,Arterial Other
T20120008398,2012-04-08,22:55:00,4,Collision with a fixed object,1,Sunday,173,RIGHT OFF CARRIAGEWAY INTO OBJECT/PARKED VEHICLE,3,49803,1,0,1,0,5,6,1,1,Cross intersection,2,50,Arterial Highway
T20120008300,2012-04-08,08:30:00,4,Collision with a fixed object,1,Sunday,171,LEFT OFF CARRIAGEWAY INTO OBJECT/PARKED VEHICLE,1,43250,1,0,0,2,0,2,1,1,Cross intersection,3,80,Arterial Other
T20120008478,2012-04-08,09:30:00,5,collision with some other object,1,Sunday,166,STRUCK OBJECT ON CARRIAGEWAY,1,251254,1,0,0,1,0,1,2,5,Not at intersection,3,100,Local Road
T20120008419,2012-04-08,16:15:00,4,Collision with a fixed object,1,Sunday,146,REVERSING INTO FIXED OBJECT/PARKED VEHICLE,1,251034,1,0,1,0,0,1,1,5,Not at intersection,2,50,Local Road
T20120008945,2012-04-09,12:40:00,1,Collision with vehicle,2,Monday,113,RIGHT NEAR (INTERSECTIONS ONLY),1,53286,2,0,1,0,1,2,1,2,T intersection,2,60,Arterial Highway
T20120008331,2012-04-09,01:50:00,2,Struck Pedestrian,2,Monday,100,PED NEAR SIDE. PED HIT BY VEHICLE FROM THE RIGHT.,3,36505,1,0,0,1,1,2,1,2,T intersection,3,60,Local Road
T20120008482,2012-04-09,23:30:00,2,Struck Pedestrian,2,Monday,109,ANY MANOEUVRE INVOLVING PED NOT INCLUDED IN DCAs 100-108.,3,252184,1,0,0,2,1,3,1,5,Not at intersection,3,50,Local Road
T20120008332,2012-04-09,03:00:00,4,Collision with a fixed object,2,Monday,173,RIGHT OFF CARRIAGEWAY INTO OBJECT/PARKED VEHICLE,5,251379,1,0,1,0,0,1,1,5,Not at intersection,2,80,Local Road
T20120008334,2012-04-09,03:15:00,4,Collision with a fixed object,2,Monday,171,LEFT OFF CARRIAGEWAY INTO OBJECT/PARKED VEHICLE,3,62975,1,0,0,1,0,1,1,2,T intersection,3,50,Arterial Other
T20120008338,2012-04-09,03:00:00,4,Collision with a fixed object,2,Monday,171,LEFT OFF CARRIAGEWAY INTO OBJECT/PARKED VEHICLE,5,251069,1,0,2,0,0,2,1,5,Not at intersection,2,100,Arterial Other
T20120008330,2012-04-09,04:22:00,1,Collision with vehicle,2,Monday,160,VEHICLE COLLIDES WITH VEHICLE PARKED ON LEFT OF ROAD,3,251064,2,0,0,1,0,1,2,5,Not at intersection,3,50,Local Road
T20120011298,2012-04-09,04:45:00,4,Collision with a fixed object,2,Monday,183,OFF LEFT BEND INTO OBJECT/PARKED VEHICLE,5,252036,1,0,0,1,0,1,2,5,Not at intersection,3,999,
T20120008499,2012-04-09,12:00:00,1,Collision with vehicle,2,Monday,130,REAR END(VEHICLES IN SAME LANE),1,251266,2,0,0,1,6,7,2,5,Not at intersection,3,999,Arterial Highway
T20120028684,2012-04-09,18:00:00,4,Collision with a fixed object,2,Monday,179,OTHER ACCIDENTS-OFF STRAIGHT NOT INCLUDED IN DCAs 170-175,6,257388,1,0,0,1,0,1,2,1,Cross intersection,3,50,Local Road
T20120016899,2012-04-09,13:15:00,1,Collision with vehicle,2,Monday,130,REAR END(VEHICLES IN SAME LANE),1,48600,2,0,0,1,1,2,2,2,T intersection,3,70,Local Road
T20120009661,2012-04-09,20:39:00,1,Collision with vehicle,2,Monday,121,RIGHT THROUGH,3,37903,2,0,0,1,1,2,1,2,T intersection,3,60,Arterial Other
T20120008346,2012-04-09,10:05:00,1,Collision with vehicle,2,Monday,113,RIGHT NEAR (INTERSECTIONS ONLY),1,48627,2,0,1,0,1,2,1,2,T intersection,2,60,Arterial Other
T20120008347,2012-04-09,08:10:00,4,Collision with a fixed object,2,Monday,171,LEFT OFF CARRIAGEWAY INTO OBJECT/PARKED VEHICLE,1,251070,1,0,0,1,0,1,1,5,Not at intersection,3,100,Freeway
T20120008356,2012-04-09,10:55:00,2,Struck Pedestrian,2,Monday,102,FAR SIDE. PED HIT BY VEHICLE FROM THE LEFT,1,251076,1,0,1,0,1,2,1,5,Not at intersection,2,60,Local Road
T20120008357,2012-04-09,11:15:00,1,Collision with vehicle,2,Monday,130,REAR END(VEHICLES IN SAME LANE),1,251077,5,0,0,1,5,6,1,5,Not at intersection,3,80,Arterial Highway
T20120008364,2012-04-09,12:45:00,1,Collision with vehicle,2,Monday,121,RIGHT THROUGH,1,64734,2,0,0,2,2,4,1,2,T intersection,3,60,Arterial Other
T20120008365,2012-04-09,13:45:00,4,Collision with a fixed object,2,Monday,146,REVERSING INTO FIXED OBJECT/PARKED VEHICLE,1,251542,1,0,0,1,0,1,1,5,Not at intersection,3,50,Local Road
T20120008366,2012-04-09,09:50:00,6,Vehicle overturned (no collision),2,Monday,180,OFF CARRIAGEWAY ON RIGHT BEND,1,251544,1,0,1,0,0,1,1,5,Not at intersection,2,100,Arterial Other
T20120008370,2012-04-09,13:50:00,1,Collision with vehicle,2,Monday,110,CROSS TRAFFIC(INTERSECTIONS ONLY),1,38220,2,0,0,1,1,2,2,1,Cross intersection,3,999,Arterial Other
T20120008373,2012-04-09,12:50:00,4,Collision with a fixed object,2,Monday,183,OFF LEFT BEND INTO OBJECT/PARKED VEHICLE,1,251079,1,0,1,0,0,1,1,5,Not at intersection,2,100,Arterial Highway
T20120008374,2012-04-09,13:10:00,1,Collision with vehicle,2,Monday,130,REAR END(VEHICLES IN SAME LANE),1,252361,4,0,1,0,8,9,1,5,Not at intersection,2,80,Freeway
T20120008376,2012-04-09,11:20:00,6,Vehicle overturned (no collision),2,Monday,172,OFF CARRIAGEWAY TO RIGHT,1,52559,1,0,1,0,0,1,1,2,T intersection,2,90,Arterial Other
T20120009114,2012-04-09,15:30:00,6,Vehicle overturned (no collision),2,Monday,170,OFF CARRIAGEWAY TO LEFT,1,251408,1,0,1,0,0,1,1,5,Not at intersection,2,100,Arterial Other
T20120008393,2012-04-09,20:47:00,1,Collision with vehicle,2,Monday,147,VEHICLE STRIKES ANOTHER VEH WHILE EMERGING FROM DRIVEWAY,3,29486,2,0,1,0,2,3,1,1,Cross intersection,2,70,Arterial Highway
T20120008394,2012-04-09,21:35:00,4,Collision with a fixed object,2,Monday,181,OFF RIGHT BEND INTO OBJECT/PARKED VEHICLE,5,248617,1,0,0,3,2,5,1,2,T intersection,3,80,Arterial Highway
T20120008378,2012-04-09,15:55:00,1,Collision with vehicle,2,Monday,130,REAR END(VEHICLES IN SAME LANE),1,496,3,0,1,3,4,8,1,2,T intersection,2,50,Arterial Other
T20120008396,2012-04-09,06:13:00,4,Collision with a fixed object,2,Monday,171,LEFT OFF CARRIAGEWAY INTO OBJECT/PARKED VEHICLE,2,251085,1,0,0,1,0,1,1,5,Not at intersection,3,80,Local Road
T20120008379,2012-04-09,16:55:00,1,Collision with vehicle,2,Monday,110,CROSS TRAFFIC(INTERSECTIONS ONLY),1,50905,2,0,0,1,2,3,1,1,Cross intersection,3,50,Local Road
T20120008407,2012-04-09,12:00:00,1,Collision with vehicle,2,Monday,120,HEAD ON (NOT OVERTAKING),1,251092,2,0,1,0,1,2,1,5,Not at intersection,2,70,
T20120008414,2012-04-09,17:05:00,1,Collision with vehicle,2,Monday,121,RIGHT THROUGH,2,251031,2,0,1,2,2,5,1,1,Cross intersection,2,50,Local Road
T20120008380,2012-04-09,14:00:00,1,Collision with vehicle,2,Monday,130,REAR END(VEHICLES IN SAME LANE),1,41021,3,0,0,2,3,5,1,2,T intersection,3,60,Arterial Other
T20120008428,2012-04-09,11:10:00,4,Collision with a fixed object,2,Monday,181,OFF RIGHT BEND INTO OBJECT/PARKED VEHICLE,1,251383,1,0,1,0,0,1,1,5,Not at intersection,2,60,Arterial Other
T20120008384,2012-04-09,16:55:00,4,Collision with a fixed object,2,Monday,181,OFF RIGHT BEND INTO OBJECT/PARKED VEHICLE,2,251084,1,0,1,0,0,1,1,5,Not at intersection,2,100,Arterial Highway
T20120008377,2012-04-09,14:01:00,4,Collision with a fixed object,2,Monday,171,LEFT OFF CARRIAGEWAY INTO OBJECT/PARKED VEHICLE,1,251081,1,0,1,0,0,1,1,5,Not at intersection,2,60,Local Road
T20120008461,2012-04-09,15:45:00,4,Collision with a fixed object,2,Monday,171,LEFT OFF CARRIAGEWAY INTO OBJECT/PARKED VEHICLE,1,251244,1,0,1,0,0,1,1,5,Not at intersection,2,100,Arterial Other
T20120011737,2012-04-09,09:30:00,3,Struck animal,2,Monday,167,STRUCK ANIMAL,1,251976,1,0,1,0,0,1,1,2,T intersection,2,80,Arterial Highway
T20120008385,2012-04-09,15:00:00,4,Collision with a fixed object,2,Monday,173,RIGHT OFF CARRIAGEWAY INTO OBJECT/PARKED VEHICLE,1,35718,3,0,0,2,4,6,1,2,T intersection,3,50,Arterial Other
T20120008827,2012-04-09,15:30:00,8,No collision and no object struck,2,Monday,175,OFF END OF ROAD/T-INTERSECTION.,1,254307,1,0,1,0,1,2,1,2,T intersection,2,100,Arterial Other
T20120008667,2012-04-09,15:15:00,4,Collision with a fixed object,2,Monday,171,LEFT OFF CARRIAGEWAY INTO OBJECT/PARKED VEHICLE,1,251065,1,0,1,0,0,1,1,5,Not at intersection,2,80,Arterial Other
T20120008403,2012-04-09,22:26:00,4,Collision with a fixed object,2,Monday,173,RIGHT OFF CARRIAGEWAY INTO OBJECT/PARKED VEHICLE,5,253844,3,0,3,0,4,7,1,5,Not at intersection,2,110,Freeway
T20120008617,2012-04-09,02:00:00,2,Struck Pedestrian,2,Monday,109,ANY MANOEUVRE INVOLVING PED NOT INCLUDED IN DCAs 100-108.,3,251138,1,0,0,1,1,2,2,5,Not at intersection,3,80,Local Road
T20120010942,2012-04-09,18:50:00,8,No collision and no object struck,2,Monday,190,FELL IN/FROM VEHICLE,1,29427,2,0,0,1,2,3,2,1,Cross intersection,3,60,Local Road
T20120008390,2012-04-09,20:03:00,1,Collision with vehicle,2,Monday,110,CROSS TRAFFIC(INTERSECTIONS ONLY),3,45303,2,0,0,2,1,3,2,1,Cross intersection,3,60,Arterial Other
T20120014144,2012-04-10,09:30:00,2,Struck Pedestrian,3,Tuesday,102,FAR SIDE. PED HIT BY VEHICLE FROM THE LEFT,1,70551,1,0,0,1,1,2,2,2,T intersection,3,50,Local Road
T20120010733,2012-04-10,07:15:00,1,Collision with vehicle,3,Tuesday,130,REAR END(VEHICLES IN SAME LANE),1,251768,2,0,0,1,1,2,2,5,Not at intersection,3,70,Arterial Other