ACCIDENT_NO,ACCIDENT_DATE,ACCIDENT_TIME,ACCIDENT_TYPE,ACCIDENT_TYPE_DESC,DAY_OF_WEEK,DAY_WEEK_DESC,DCA_CODE,DCA_DESC,LIGHT_CONDITION,NODE_ID,NO_OF_VEHICLES,NO_PERSONS_KILLED,NO_PERSONS_INJ_2,NO_PERSONS_INJ_3,NO_PERSONS_NOT_INJ,NO_PERSONS,POLICE_ATTEND,ROAD_GEOMETRY,ROAD_GEOMETRY_DESC,SEVERITY,SPEED_ZONE,RMA
T20120008434,2012-04-10,13:30:00,1,Collision with vehicle,3,Tuesday,113,RIGHT NEAR (INTERSECTIONS ONLY),1,37583,2,0,0,1,1,2,1,2,T intersection,3,60,Arterial Other
T20120008435,2012-04-10,12:35:00,4,Collision with a fixed object,3,Tuesday,171,LEFT OFF CARRIAGEWAY INTO OBJECT/PARKED VEHICLE,1,251232,1,0,0,1,0,1,1,5,Not at intersection,3,100,Arterial Other
T20120008441,2012-04-10,13:15:00,6,Vehicle overturned (no collision),3,Tuesday,170,OFF CARRIAGEWAY TO LEFT,1,251234,1,0,1,1,0,2,1,5,Not at intersection,2,80,Local Road
T20120008497,2012-04-10,17:30:00,1,Collision with vehicle,2,Tuesday,133,LANE SIDE SWIPE (VEHICLES IN PARALLEL LANES),2,251265,2,0,0,1,1,2,2,5,Not at intersection,3,999,Arterial Other
T20120008442,2012-04-10,10:00:00,1,Collision with vehicle,3,Tuesday,121,RIGHT THROUGH,1,45652,2,0,1,2,0,3,1,2,T intersection,2,70,Arterial Other
T20120008445,2012-04-10,15:45:00,1,Collision with vehicle,3,Tuesday,140,U TURN,1,251235,2,0,0,1,1,2,1,5,Not at intersection,3,60,Arterial Other
T20120008458,2012-04-10,19:00:00,1,Collision with vehicle,3,Tuesday,130,REAR END(VEHICLES IN SAME LANE),1,57552,2,0,0,2,0,2,2,1,Cross intersection,3,60,Arterial Highway
T20120008460,2012-04-10,17:30:00,1,Collision with vehicle,3,Tuesday,135,LANE CHANGE LEFT (NOT OVERTAKING),1,251243,2,0,1,0,1,2,1,5,Not at intersection,2,50,
T20120008946,2012-04-10,13:20:00,1,Collision with vehicle,3,Tuesday,117,LEFT/RIGHT FAR (INTERSECTIONS ONLY),1,46118,2,0,0,1,1,2,2,1,Cross intersection,3,60,Local Road
T20120008462,2012-04-10,17:10:00,1,Collision with vehicle,3,Tuesday,110,CROSS TRAFFIC(INTERSECTIONS ONLY),1,40512,2,0,0,1,1,2,1,1,Cross intersection,3,40,Local Road
T20120008473,2012-04-10,22:55:00,1,Collision with vehicle,3,Tuesday,121,RIGHT THROUGH,3,626,2,0,0,1,3,4,1,1,Cross intersection,3,60,Arterial Other
T20120008785,2012-04-10,20:30:00,2,Struck Pedestrian,3,Tuesday,109,ANY MANOEUVRE INVOLVING PED NOT INCLUDED IN DCAs 100-108.,5,254414,1,0,1,0,1,2,1,5,Not at intersection,2,100,Local Road
T20120008467,2012-04-10,21:23:00,1,Collision with vehicle,3,Tuesday,146,REVERSING INTO FIXED OBJECT/PARKED VEHICLE,1,251250,2,0,1,0,0,1,1,5,Not at intersection,2,50,Local Road
T20120012639,2012-04-10,14:30:00,4,Collision with a fixed object,3,Tuesday,171,LEFT OFF CARRIAGEWAY INTO OBJECT/PARKED VEHICLE,9,56154,1,0,0,2,0,2,2,2,T intersection,3,50,Local Road
T20120008470,2012-04-10,20:40:00,4,Collision with a fixed object,3,Tuesday,181,OFF RIGHT BEND INTO OBJECT/PARKED VEHICLE,3,251251,1,0,1,0,0,1,1,2,T intersection,2,50,Local Road
T20120008471,2012-04-10,22:00:00,8,No collision and no object struck,3,Tuesday,172,OFF CARRIAGEWAY TO RIGHT,3,251253,1,0,0,1,0,1,1,5,Not at intersection,3,100,Arterial Other
T20120008415,2012-04-10,05:18:00,4,Collision with a fixed object,3,Tuesday,173,RIGHT OFF CARRIAGEWAY INTO OBJECT/PARKED VEHICLE,5,251696,1,0,1,0,0,1,1,5,Not at intersection,2,80,Arterial Other
T20120008416,2012-04-10,08:15:00,7,Fall from or in moving vehicle,3,Tuesday,174,OUT OF CONTROL ON CARRIAGEWAY (ON STRAIGHT),1,251032,1,0,1,0,0,1,2,1,Cross intersection,2,50,Local Road
T20120008406,2012-04-10,02:25:00,4,Collision with a fixed object,3,Tuesday,181,OFF RIGHT BEND INTO OBJECT/PARKED VEHICLE,3,62695,1,0,0,2,0,2,1,2,T intersection,3,60,Arterial Other
T20120008423,2012-04-10,09:49:00,1,Collision with vehicle,3,Tuesday,113,RIGHT NEAR (INTERSECTIONS ONLY),1,40731,2,0,2,0,1,3,1,2,T intersection,2,70,Arterial Highway
T20120008427,2012-04-10,11:30:00,6,Vehicle overturned (no collision),3,Tuesday,182,OFF CARRIAGEWAY ON LEFT BEND,1,251099,1,0,0,1,0,1,1,5,Not at intersection,3,100,Local Road
T20120008514,2012-04-11,17:35:00,4,Collision with a fixed object,4,Wednesday,171,LEFT OFF CARRIAGEWAY INTO OBJECT/PARKED VEHICLE,1,251269,1,0,0,1,5,6,1,5,Not at intersection,3,100,Arterial Other
T20120008513,2012-04-11,17:45:00,1,Collision with vehicle,4,Wednesday,130,REAR END(VEHICLES IN SAME LANE),2,251268,4,0,2,1,2,5,1,5,Not at intersection,2,80,Arterial Other
T20120008511,2012-04-11,16:15:00,1,Collision with vehicle,4,Wednesday,147,VEHICLE STRIKES ANOTHER VEH WHILE EMERGING FROM DRIVEWAY,1,249163,2,0,1,0,1,2,1,5,Not at intersection,2,80,Arterial Highway
T20120008508,2012-04-11,13:05:00,1,Collision with vehicle,4,Wednesday,110,CROSS TRAFFIC(INTERSECTIONS ONLY),1,44312,2,0,1,0,1,2,1,1,Cross intersection,2,70,Arterial Other
T20120008507,2012-04-11,16:50:00,1,Collision with vehicle,4,Wednesday,130,REAR END(VEHICLES IN SAME LANE),1,251267,2,0,0,1,1,2,1,5,Not at intersection,3,100,Freeway
T20120008505,2012-04-11,15:30:00,4,Collision with a fixed object,4,Wednesday,175,OFF END OF ROAD/T-INTERSECTION.,1,251384,1,0,1,0,0,1,1,2,T intersection,2,100,Arterial Other
T20130001509,2012-04-11,15:25:00,1,Collision with vehicle,4,Wednesday,130,REAR END(VEHICLES IN SAME LANE),1,38858,2,0,0,1,1,2,2,2,T intersection,3,60,Arterial Other
T20120008696,2012-04-11,21:00:00,3,Struck animal,4,Wednesday,167,STRUCK ANIMAL,5,251469,1,0,0,1,0,1,2,5,Not at intersection,3,100,Arterial Other
T20120013254,2012-04-11,19:30:00,4,Collision with a fixed object,4,Wednesday,171,LEFT OFF CARRIAGEWAY INTO OBJECT/PARKED VEHICLE,5,252664,1,0,0,1,0,1,2,5,Not at intersection,3,100,
T20120008498,2012-04-11,12:23:00,8,No collision and no object struck,4,Wednesday,174,OUT OF CONTROL ON CARRIAGEWAY (ON STRAIGHT),1,29377,2,0,0,1,1,2,1,1,Cross intersection,3,60,Arterial Other
T20120009047,2012-04-11,17:38:00,1,Collision with vehicle,4,Wednesday,137,LEFT TURN SIDESWIPE,1,251256,2,0,0,1,1,2,2,1,Cross intersection,3,60,Arterial Other
T20120008490,2012-04-11,10:20:00,1,Collision with vehicle,4,Wednesday,121,RIGHT THROUGH,1,251258,2,0,1,0,1,2,1,2,T intersection,2,60,Local Road
T20120008488,2012-04-11,10:25:00,1,Collision with vehicle,4,Wednesday,137,LEFT TURN SIDESWIPE,1,244068,2,0,0,1,2,3,1,2,T intersection,3,60,Arterial Other
T20120008487,2012-04-11,08:45:00,1,Collision with vehicle,4,Wednesday,113,RIGHT NEAR (INTERSECTIONS ONLY),1,241125,2,0,0,1,1,2,1,2,T intersection,3,100,Arterial Other
T20130008283,2012-04-11,13:40:00,1,Collision with vehicle,4,Wednesday,121,RIGHT THROUGH,1,43531,2,0,1,0,1,2,1,2,T intersection,2,80,Arterial Other
T20120008735,2012-04-11,17:30:00,1,Collision with vehicle,3,Wednesday,133,LANE SIDE SWIPE (VEHICLES IN PARALLEL LANES),1,251174,2,0,0,1,1,2,2,5,Not at intersection,3,60,
T20120008480,2012-04-11,07:05:00,1,Collision with vehicle,4,Wednesday,132,RIGHT REAR.,1,36869,3,0,0,1,3,4,1,2,T intersection,3,60,Arterial Other
T20120016500,2012-04-11,07:40:00,6,Vehicle overturned (no collision),3,Wednesday,172,OFF CARRIAGEWAY TO RIGHT,1,354603,1,0,1,0,0,1,1,5,Not at intersection,2,80,Local Road
T20120008542,2012-04-11,05:30:00,4,Collision with a fixed object,3,Wednesday,173,RIGHT OFF CARRIAGEWAY INTO OBJECT/PARKED VEHICLE,5,278504,1,0,0,1,0,1,1,5,Not at intersection,3,110,Freeway
T20120009658,2012-04-11,06:25:00,1,Collision with vehicle,4,Wednesday,121,RIGHT THROUGH,1,84,2,0,1,1,0,2,1,1,Cross intersection,2,60,Arterial Highway
T20120008537,2012-04-11,18:10:00,1,Collision with vehicle,4,Wednesday,121,RIGHT THROUGH,3,39316,2,0,0,1,3,4,1,1,Cross intersection,3,50,Arterial Highway
T20120008530,2012-04-11,19:10:00,1,Collision with vehicle,4,Wednesday,121,RIGHT THROUGH,3,40287,2,0,1,0,2,3,1,2,T intersection,2,60,Arterial Other
T20120008634,2012-04-11,07:30:00,1,Collision with vehicle,4,Wednesday,132,RIGHT REAR.,1,36056,2,0,1,1,0,2,2,2,T intersection,2,999,
T20120008629,2012-04-11,17:45:00,4,Collision with a fixed object,4,Wednesday,173,RIGHT OFF CARRIAGEWAY INTO OBJECT/PARKED VEHICLE,2,251143,1,0,1,0,0,1,1,5,Not at intersection,2,40,Local Road
T20120008528,2012-04-11,19:30:00,1,Collision with vehicle,4,Wednesday,147,VEHICLE STRIKES ANOTHER VEH WHILE EMERGING FROM DRIVEWAY,3,251111,2,0,0,1,1,2,1,3,Y intersection,3,50,Local Road
T20120008526,2012-04-11,16:07:00,1,Collision with vehicle,4,Wednesday,132,RIGHT REAR.,1,43541,2,0,1,0,1,2,1,2,T intersection,2,60,Local Road
T20120008981,2012-04-11,16:00:00,1,Collision with vehicle,4,Wednesday,130,REAR END(VEHICLES IN SAME LANE),1,977,2,0,1,1,2,4,2,1,Cross intersection,2,50,Arterial Other
T20120008681,2012-04-11,13:20:00,2,Struck Pedestrian,4,Wednesday,100,PED NEAR SIDE. PED HIT BY VEHICLE FROM THE RIGHT.,1,996,1,0,0,1,1,2,1,1,Cross intersection,3,60,Arterial Other
T20120008518,2012-04-11,18:16:00,1,Collision with vehicle,4,Wednesday,130,REAR END(VEHICLES IN SAME LANE),2,251270,2,0,0,1,2,3,2,5,Not at intersection,3,999,Arterial Highway
T20120008549,2012-04-11,10:47:00,1,Collision with vehicle,4,Wednesday,147,VEHICLE STRIKES ANOTHER VEH WHILE EMERGING FROM DRIVEWAY,1,252370,2,0,0,1,1,2,1,5,Not at intersection,3,80,Arterial Highway
T20120008545,2012-04-12,00:03:00,4,Collision with a fixed object,5,Thursday,183,OFF LEFT BEND INTO OBJECT/PARKED VEHICLE,5,251117,1,0,0,1,0,1,1,5,Not at intersection,3,999,Arterial Other
T20120009759,2012-04-12,17:15:00,7,Fall from or in moving vehicle,5,Thursday,174,OUT OF CONTROL ON CARRIAGEWAY (ON STRAIGHT),1,251586,2,0,1,0,2,3,2,1,Cross intersection,2,50,Local Road
T20130001599,2012-04-12,17:30:00,1,Collision with vehicle,5,Thursday,130,REAR END(VEHICLES IN SAME LANE),1,257315,2,0,0,1,1,2,2,5,Not at intersection,3,100,Freeway
T20120008730,2012-04-12,12:45:00,1,Collision with vehicle,5,Thursday,147,VEHICLE STRIKES ANOTHER VEH WHILE EMERGING FROM DRIVEWAY,1,252241,2,0,1,0,1,2,2,5,Not at intersection,2,999,Local Road
T20120008643,2012-04-12,19:30:00,7,Fall from or in moving vehicle,5,Thursday,174,OUT OF CONTROL ON CARRIAGEWAY (ON STRAIGHT),3,251145,1,0,0,1,0,1,2,5,Not at intersection,3,30,Local Road
T20120008644,2012-04-12,15:00:00,6,Vehicle overturned (no collision),5,Thursday,170,OFF CARRIAGEWAY TO LEFT,1,251146,1,0,0,2,0,2,1,5,Not at intersection,3,100,
T20120008849,2012-04-12,10:16:00,1,Collision with vehicle,5,Thursday,137,LEFT TURN SIDESWIPE,1,251307,2,0,0,1,1,2,2,2,T intersection,3,60,Local Road
T20120017065,2012-04-12,10:00:00,1,Collision with vehicle,5,Thursday,130,REAR END(VEHICLES IN SAME LANE),9,35642,2,0,0,2,0,2,2,1,Cross intersection,3,80,Arterial Highway
T20120019467,2012-04-12,17:45:00,1,Collision with vehicle,5,Thursday,130,REAR END(VEHICLES IN SAME LANE),1,229065,2,0,0,1,1,2,2,1,Cross intersection,3,50,Local Road
T20120008929,2012-04-12,15:00:00,2,Struck Pedestrian,5,Thursday,100,PED NEAR SIDE. PED HIT BY VEHICLE FROM THE RIGHT.,1,38766,1,0,0,1,1,2,2,1,Cross intersection,3,50,Local Road
T20120008991,2012-04-12,21:25:00,1,Collision with vehicle,5,Thursday,120,HEAD ON (NOT OVERTAKING),3,355330,2,0,1,0,2,3,1,2,T intersection,2,60,Arterial Other
T20120008558,2012-04-12,10:02:00,1,Collision with vehicle,5,Thursday,110,CROSS TRAFFIC(INTERSECTIONS ONLY),1,61611,2,0,0,1,2,3,1,1,Cross intersection,3,80,Arterial Other
T20120008563,2012-04-12,10:00:00,1,Collision with vehicle,5,Thursday,121,RIGHT THROUGH,1,278925,2,0,0,3,2,5,1,4,Multiple intersection,3,70,Arterial Other
T20120008544,2012-04-12,01:10:00,4,Collision with a fixed object,5,Thursday,183,OFF LEFT BEND INTO OBJECT/PARKED VEHICLE,3,251116,1,0,1,0,0,1,1,5,Not at intersection,2,50,Local Road
T20120008548,2012-04-12,08:20:00,1,Collision with vehicle,5,Thursday,137,LEFT TURN SIDESWIPE,1,36573,2,0,1,0,2,3,1,1,Cross intersection,2,50,Local Road
T20120008550,2012-04-12,08:00:00,1,Collision with vehicle,5,Thursday,121,RIGHT THROUGH,1,65851,2,0,0,1,1,2,1,1,Cross intersection,3,50,Arterial Other
T20120008564,2012-04-12,10:27:00,1,Collision with vehicle,5,Thursday,121,RIGHT THROUGH,1,36576,2,0,0,1,1,2,1,2,T intersection,3,60,Arterial Other
T20120008565,2012-04-12,08:20:00,1,Collision with vehicle,5,Thursday,110,CROSS TRAFFIC(INTERSECTIONS ONLY),1,43949,2,0,0,1,4,5,1,1,Cross intersection,3,80,Arterial Other
T20120018725,2012-04-12,11:45:00,8,No collision and no object struck,5,Thursday,174,OUT OF CONTROL ON CARRIAGEWAY (ON STRAIGHT),1,253814,1,0,1,0,0,1,2,5,Not at intersection,2,999,Local Road
T20120008566,2012-04-12,11:00:00,2,Struck Pedestrian,5,Thursday,109,ANY MANOEUVRE INVOLVING PED NOT INCLUDED IN DCAs 100-108.,1,251120,1,0,0,1,2,3,2,5,Not at intersection,3,50,Local Road
T20120008567,2012-04-12,08:45:00,1,Collision with vehicle,5,Thursday,137,LEFT TURN SIDESWIPE,1,37730,2,0,1,0,1,2,1,2,T intersection,2,40,Arterial Other
T20120008573,2012-04-12,11:40:00,4,Collision with a fixed object,5,Thursday,171,LEFT OFF CARRIAGEWAY INTO OBJECT/PARKED VEHICLE,1,278992,1,0,1,0,0,1,1,5,Not at intersection,2,100,Freeway
T20120008579,2012-04-12,13:10:00,2,Struck Pedestrian,5,Thursday,100,PED NEAR SIDE. PED HIT BY VEHICLE FROM THE RIGHT.,1,251123,1,0,1,0,2,3,1,5,Not at intersection,2,60,Arterial Highway
T20120008585,2012-04-12,11:20:00,4,Collision with a fixed object,5,Thursday,171,LEFT OFF CARRIAGEWAY INTO OBJECT/PARKED VEHICLE,1,251124,1,0,0,2,0,2,1,5,Not at intersection,3,60,
T20120008587,2012-04-12,13:50:00,1,Collision with vehicle,5,Thursday,121,RIGHT THROUGH,1,52857,2,0,0,1,1,2,1,1,Cross intersection,3,50,Arterial Highway
T20120008600,2012-04-12,16:00:00,4,Collision with a fixed object,5,Thursday,171,LEFT OFF CARRIAGEWAY INTO OBJECT/PARKED VEHICLE,1,251126,1,0,1,0,0,1,1,1,Cross intersection,2,70,Arterial Other
T20120008605,2012-04-12,15:30:00,4,Collision with a fixed object,5,Thursday,181,OFF RIGHT BEND INTO OBJECT/PARKED VEHICLE,1,251127,1,0,1,0,0,1,1,5,Not at intersection,2,80,Local Road
T20120008608,2012-04-12,17:00:00,4,Collision with a fixed object,5,Thursday,173,RIGHT OFF CARRIAGEWAY INTO OBJECT/PARKED VEHICLE,1,251128,2,0,1,0,2,3,1,5,Not at intersection,2,80,
T20120008609,2012-04-12,12:00:00,1,Collision with vehicle,5,Thursday,133,LANE SIDE SWIPE (VEHICLES IN PARALLEL LANES),1,36986,2,0,1,0,1,2,1,2,T intersection,2,999,Local Road
T20120010399,2012-04-12,11:47:00,1,Collision with vehicle,5,Thursday,132,RIGHT REAR.,1,56103,2,0,0,1,1,2,2,2,T intersection,3,60,Local Road
T20120008610,2012-04-12,14:40:00,1,Collision with vehicle,5,Thursday,121,RIGHT THROUGH,1,39235,2,0,0,3,0,3,1,2,T intersection,3,60,Arterial Other
T20120010355,2012-04-12,15:00:00,4,Collision with a fixed object,5,Thursday,173,RIGHT OFF CARRIAGEWAY INTO OBJECT/PARKED VEHICLE,9,72616,1,0,0,1,0,1,2,2,T intersection,3,999,Arterial Other
T20120008612,2012-04-12,18:00:00,1,Collision with vehicle,5,Thursday,121,RIGHT THROUGH,2,54679,2,0,1,3,0,4,1,1,Cross intersection,2,70,Arterial Highway
T20120008614,2012-04-12,17:45:00,1,Collision with vehicle,4,Thursday,110,CROSS TRAFFIC(INTERSECTIONS ONLY),2,253740,3,0,1,0,2,3,1,1,Cross intersection,2,100,Arterial Other
T20120008616,2012-04-12,17:59:00,1,Collision with vehicle,5,Thursday,135,LANE CHANGE LEFT (NOT OVERTAKING),2,36370,2,0,1,0,1,2,1,1,Cross intersection,2,50,Local Road
T20120008623,2012-04-12,14:51:00,1,Collision with vehicle,5,Thursday,121,RIGHT THROUGH,1,851,3,0,0,1,2,3,1,1,Cross intersection,3,60,Arterial Other
T20120009016,2012-04-12,17:00:00,2,Struck Pedestrian,5,Thursday,104,PED WALKING WITH TRAFFIC,1,251245,1,0,0,1,1,2,2,5,Not at intersection,3,100,
T20120009839,2012-04-13,19:51:00,1,Collision with vehicle,6,Friday,121,RIGHT THROUGH,3,37966,2,0,0,1,1,2,1,1,Cross intersection,3,60,Local Road
T20130015425,2012-04-13,14:30:00,1,Collision with vehicle,6,Friday,130,REAR END(VEHICLES IN SAME LANE),1,38090,2,0,0,2,3,5,2,1,Cross intersection,3,60,Arterial Other
T20120009182,2012-04-13,13:15:00,8,No collision and no object struck,6,Friday,189,OTHER ACCIDENTS ON CURVE NOT INCLUDED IN DCAs 180-184,1,251426,1,0,0,1,0,1,2,5,Not at intersection,3,999,Arterial Other
T20120008682,2012-04-13,10:45:00,1,Collision with vehicle,6,Friday,130,REAR END(VEHICLES IN SAME LANE),1,251078,2,0,1,0,1,2,1,5,Not at intersection,2,70,Arterial Highway
T20120008630,2012-04-13,05:40:00,1,Collision with vehicle,6,Friday,130,REAR END(VEHICLES IN SAME LANE),2,57914,2,0,1,0,1,2,1,3,Y intersection,2,70,Arterial Highway
T20120008675,2012-04-13,10:27:00,1,Collision with vehicle,6,Friday,139,OTHER SAME DIRECTION-MANOUEVRES NOT INCLUDED IN DCAs 130-137,1,221405,3,0,1,0,2,3,1,2,T intersection,2,80,Arterial Other
T20120011483,2012-04-13,15:00:00,8,No collision and no object struck,6,Friday,174,OUT OF CONTROL ON CARRIAGEWAY (ON STRAIGHT),1,251913,1,0,0,1,0,1,2,1,Cross intersection,3,100,Arterial Highway
T20120008678,2012-04-13,13:47:00,2,Struck Pedestrian,6,Friday,100,PED NEAR SIDE. PED HIT BY VEHICLE FROM THE RIGHT.,1,251074,1,0,1,0,3,4,1,5,Not at intersection,2,50,Local Road
T20130006061,2012-04-13,13:06:00,7,Fall from or in moving vehicle,6,Friday,190,FELL IN/FROM VEHICLE,1,260619,1,0,0,1,1,2,2,5,Not at intersection,3,60,Arterial Other
T20120010760,2012-04-13,20:20:00,8,No collision and no object struck,6,Friday,174,OUT OF CONTROL ON CARRIAGEWAY (ON STRAIGHT),1,251831,1,0,1,0,0,1,2,2,T intersection,2,60,Local Road
T20120008680,2012-04-13,12:38:00,1,Collision with vehicle,6,Friday,121,RIGHT THROUGH,1,32495,2,0,1,0,3,4,1,2,T intersection,2,60,Arterial Other
T20120008688,2012-04-13,13:28:00,1,Collision with vehicle,6,Friday,133,LANE SIDE SWIPE (VEHICLES IN PARALLEL LANES),1,251337,3,0,1,1,2,4,1,5,Not at intersection,2,100,Freeway
T20120008689,2012-04-13,15:24:00,1,Collision with vehicle,6,Friday,132,RIGHT REAR.,1,40231,2,0,1,0,1,2,1,2,T intersection,2,60,Local Road
T20120008690,2012-04-13,16:03:00,1,Collision with vehicle,6,Friday,160,VEHICLE COLLIDES WITH VEHICLE PARKED ON LEFT OF ROAD,1,251082,3,0,0,1,0,1,1,5,Not at intersection,3,60,Local Road
T20120008692,2012-04-13,14:01:00,2,Struck Pedestrian,6,Friday,108,PED STRUCK WALKING TO/FROM OR BOARDING/ALIGHTING VEHICLE.,1,45581,1,0,0,1,1,2,1,2,T intersection,3,60,Arterial Other
T20120008698,2012-04-13,17:20:00,1,Collision with vehicle,6,Friday,121,RIGHT THROUGH,1,45643,2,0,0,1,1,2,1,1,Cross intersection,3,60,Arterial Other
T20120008702,2012-04-13,09:20:00,1,Collision with vehicle,6,Friday,130,REAR END(VEHICLES IN SAME LANE),1,262457,2,0,0,1,1,2,2,5,Not at intersection,3,60,Local Road
T20120008704,2012-04-13,20:40:00,7,Fall from or in moving vehicle,6,Friday,190,FELL IN/FROM VEHICLE,6,253195,1,0,0,1,1,2,2,2,T intersection,3,999,Local Road
T20120008705,2012-04-13,15:40:00,1,Collision with vehicle,6,Friday,120,HEAD ON (NOT OVERTAKING),1,251732,2,1,2,0,0,3,1,5,Not at intersection,1,100,Local Road
T20120008706,2012-04-13,15:30:00,2,Struck Pedestrian,6,Friday,101,PED EMERGES FROM IN FRONT OF PARKED OR STATIONARY VEHICLE,1,251150,1,0,0,1,1,2,2,5,Not at intersection,3,50,Local Road
T20120009216,2012-04-13,06:37:00,1,Collision with vehicle,6,Friday,131,LEFT REAR,1,22510,2,0,0,1,2,3,2,1,Cross intersection,3,60,Arterial Other
T20120009034,2012-04-13,08:30:00,1,Collision with vehicle,6,Friday,130,REAR END(VEHICLES IN SAME LANE),1,44585,3,0,1,1,2,4,2,1,Cross intersection,2,60,Arterial Other
T20120008708,2012-04-13,20:00:00,1,Collision with vehicle,6,Friday,113,RIGHT NEAR (INTERSECTIONS ONLY),3,38762,2,0,1,0,1,2,1,2,T intersection,2,50,Local Road
T20120008709,2012-04-13,20:35:00,4,Collision with a fixed object,6,Friday,173,RIGHT OFF CARRIAGEWAY INTO OBJECT/PARKED VEHICLE,3,252362,1,0,1,0,0,1,1,2,T intersection,2,70,Arterial Other
T20120008710,2012-04-13,21:15:00,4,Collision with a fixed object,6,Friday,171,LEFT OFF CARRIAGEWAY INTO OBJECT/PARKED VEHICLE,3,251160,1,0,0,1,0,1,1,5,Not at intersection,3,50,Local Road
T20120008711,2012-04-13,15:55:00,1,Collision with vehicle,6,Friday,160,VEHICLE COLLIDES WITH VEHICLE PARKED ON LEFT OF ROAD,1,251161,2,0,0,1,0,1,1,5,Not at intersection,3,50,Local Road
T20120008712,2012-04-13,18:00:00,1,Collision with vehicle,6,Friday,121,RIGHT THROUGH,2,57050,3,0,0,3,3,6,1,2,T intersection,3,60,Local Road
T20120008716,2012-04-13,22:31:00,1,Collision with vehicle,6,Friday,136,RIGHT TURN SIDESWIPE,3,36128,2,0,0,1,1,2,1,1,Cross intersection,3,60,Local Road
T20130009082,2012-04-13,16:45:00,1,Collision with vehicle,6,Friday,132,RIGHT REAR.,1,273078,2,0,0,1,1,2,2,5,Not at intersection,3,60,Arterial Other
T20120008723,2012-04-13,22:30:00,4,Collision with a fixed object,6,Friday,171,LEFT OFF CARRIAGEWAY INTO OBJECT/PARKED VEHICLE,3,251987,1,0,0,1,0,1,1,5,Not at intersection,3,50,Local Road
T20120009966,2012-04-13,11:15:00,1,Collision with vehicle,6,Friday,133,LANE SIDE SWIPE (VEHICLES IN PARALLEL LANES),1,251621,2,0,0,2,1,3,1,5,Not at intersection,3,100,Freeway
T20120008909,2012-04-13,17:25:00,2,Struck Pedestrian,6,Friday,107,PED ON FOOTHPATH STRUCK BY VEHENTERING/LEAVING DRIVEWAY.,1,251206,1,0,1,0,1,2,2,5,Not at intersection,2,50,Local Road
T20120009945,2012-04-13,01:00:00,4,Collision with a fixed object,6,Friday,171,LEFT OFF CARRIAGEWAY INTO OBJECT/PARKED VEHICLE,3,251813,1,0,1,0,0,1,2,5,Not at intersection,2,80,Arterial Highway
T20120008635,2012-04-13,08:00:00,2,Struck Pedestrian,6,Friday,100,PED NEAR SIDE. PED HIT BY VEHICLE FROM THE RIGHT.,1,488,1,0,0,1,1,2,1,1,Cross intersection,3,50,Arterial Other
T20120008685,2012-04-13,13:37:00,2,Struck Pedestrian,6,Friday,109,ANY MANOEUVRE INVOLVING PED NOT INCLUDED IN DCAs 100-108.,1,46064,1,0,0,1,1,2,1,2,T intersection,3,50,Local Road
T20120008640,2012-04-13,07:35:00,1,Collision with vehicle,6,Friday,110,CROSS TRAFFIC(INTERSECTIONS ONLY),1,41956,2,0,1,0,1,2,1,1,Cross intersection,2,50,Local Road
T20120008725,2012-04-13,23:45:00,1,Collision with vehicle,6,Friday,133,LANE SIDE SWIPE (VEHICLES IN PARALLEL LANES),3,251163,2,0,1,0,0,1,1,5,Not at intersection,2,50,Local Road
T20120008645,2012-04-13,07:47:00,4,Collision with a fixed object,6,Friday,173,RIGHT OFF CARRIAGEWAY INTO OBJECT/PARKED VEHICLE,1,57858,1,0,1,0,0,1,1,3,Y intersection,2,70,Local Road
T20120008647,2012-04-13,07:40:00,1,Collision with vehicle,6,Friday,130,REAR END(VEHICLES IN SAME LANE),1,36675,2,0,0,2,1,3,1,2,T intersection,3,70,Arterial Other
T20120008648,2012-04-13,06:45:00,1,Collision with vehicle,5,Friday,133,LANE SIDE SWIPE (VEHICLES IN PARALLEL LANES),2,252901,2,0,0,1,1,2,2,5,Not at intersection,3,100,Arterial Other
T20120008726,2012-04-13,16:00:00,1,Collision with vehicle,6,Friday,136,RIGHT TURN SIDESWIPE,1,278539,2,0,1,0,1,2,1,2,T intersection,2,80,Arterial Highway
T20120008649,2012-04-13,07:50:00,1,Collision with vehicle,6,Friday,137,LEFT TURN SIDESWIPE,1,37297,2,0,0,1,1,2,2,2,T intersection,3,60,Arterial Other
T20120008627,2012-04-13,03:28:00,5,collision with some other object,6,Friday,166,STRUCK OBJECT ON CARRIAGEWAY,3,50026,1,0,0,1,0,1,1,2,T intersection,3,60,Local Road
T20120008650,2012-04-13,10:40:00,1,Collision with vehicle,6,Friday,119,OTHER ADJACENT (INTERSECTIONS ONLY),1,251048,2,0,0,1,1,2,1,3,Y intersection,3,40,Local Road