ACCIDENT_NO,ACCIDENT_DATE,ACCIDENT_TIME,ACCIDENT_TYPE,ACCIDENT_TYPE_DESC,DAY_OF_WEEK,DAY_WEEK_DESC,DCA_CODE,DCA_DESC,LIGHT_CONDITION,NODE_ID,NO_OF_VEHICLES,NO_PERSONS_KILLED,NO_PERSONS_INJ_2,NO_PERSONS_INJ_3,NO_PERSONS_NOT_INJ,NO_PERSONS,POLICE_ATTEND,ROAD_GEOMETRY,ROAD_GEOMETRY_DESC,SEVERITY,SPEED_ZONE,RMA
T20120008686,2012-04-13,15:05:00,1,Collision with vehicle,6,Friday,110,CROSS TRAFFIC(INTERSECTIONS ONLY),1,50425,2,0,0,1,2,3,1,1,Cross intersection,3,60,Local Road
T20120008654,2012-04-13,10:40:00,2,Struck Pedestrian,6,Friday,100,PED NEAR SIDE. PED HIT BY VEHICLE FROM THE RIGHT.,1,251051,1,0,0,1,1,2,1,5,Not at intersection,3,60,Arterial Highway
T20120008658,2012-04-13,09:45:00,1,Collision with vehicle,6,Friday,147,VEHICLE STRIKES ANOTHER VEH WHILE EMERGING FROM DRIVEWAY,1,251053,2,0,0,1,1,2,1,5,Not at intersection,3,70,Arterial Other
T20120008670,2012-04-13,10:30:00,8,No collision and no object struck,6,Friday,180,OFF CARRIAGEWAY ON RIGHT BEND,1,251066,1,0,1,0,0,1,1,3,Y intersection,2,100,Arterial Other
T20120008792,2012-04-14,18:00:00,4,Collision with a fixed object,7,Saturday,183,OFF LEFT BEND INTO OBJECT/PARKED VEHICLE,5,251293,1,0,1,2,0,3,1,5,Not at intersection,2,100,
T20120010980,2012-04-14,11:30:00,8,No collision and no object struck,7,Saturday,174,OUT OF CONTROL ON CARRIAGEWAY (ON STRAIGHT),1,59740,1,0,0,1,0,1,2,2,T intersection,3,999,Local Road
T20120008793,2012-04-14,17:45:00,4,Collision with a fixed object,7,Saturday,171,LEFT OFF CARRIAGEWAY INTO OBJECT/PARKED VEHICLE,1,251294,1,0,0,1,0,1,1,5,Not at intersection,3,80,Arterial Other
T20120008794,2012-04-14,17:25:00,1,Collision with vehicle,7,Saturday,120,HEAD ON (NOT OVERTAKING),1,251884,2,0,1,0,1,2,1,5,Not at intersection,2,80,Arterial Other
T20120008796,2012-04-14,17:40:00,1,Collision with vehicle,7,Saturday,133,LANE SIDE SWIPE (VEHICLES IN PARALLEL LANES),1,67236,2,0,1,0,2,3,1,2,T intersection,2,60,Local Road
T20120026398,2012-04-14,11:30:00,8,No collision and no object struck,7,Saturday,182,OFF CARRIAGEWAY ON LEFT BEND,1,255288,1,0,0,1,0,1,2,5,Not at intersection,3,999,Arterial Other
T20120008799,2012-04-14,18:00:00,8,No collision and no object struck,7,Saturday,174,OUT OF CONTROL ON CARRIAGEWAY (ON STRAIGHT),3,251295,1,0,0,1,0,1,1,5,Not at intersection,3,60,Arterial Other
T20120013281,2012-04-14,14:30:00,1,Collision with vehicle,6,Saturday,131,LEFT REAR,1,36146,2,0,0,1,1,2,2,2,T intersection,3,60,Arterial Other
T20120012688,2012-04-14,19:10:00,1,Collision with vehicle,7,Saturday,130,REAR END(VEHICLES IN SAME LANE),3,252269,3,0,1,0,4,5,2,5,Not at intersection,2,100,Freeway
T20120008800,2012-04-14,16:40:00,1,Collision with vehicle,7,Saturday,160,VEHICLE COLLIDES WITH VEHICLE PARKED ON LEFT OF ROAD,1,273598,2,0,2,0,1,3,1,5,Not at intersection,2,100,Freeway
T20120008802,2012-04-14,21:12:00,8,No collision and no object struck,7,Saturday,170,OFF CARRIAGEWAY TO LEFT,3,70744,1,0,0,1,1,2,1,2,T intersection,3,60,Arterial Highway
T20120008928,2012-04-14,12:05:00,8,No collision and no object struck,7,Saturday,182,OFF CARRIAGEWAY ON LEFT BEND,1,251167,1,0,1,0,0,1,2,5,Not at intersection,2,100,Arterial Other
T20120009385,2012-04-14,10:35:00,1,Collision with vehicle,7,Saturday,140,U TURN,1,251324,2,0,1,0,1,2,1,2,T intersection,2,50,Local Road
T20120009999,2012-04-14,15:00:00,4,Collision with a fixed object,7,Saturday,171,LEFT OFF CARRIAGEWAY INTO OBJECT/PARKED VEHICLE,1,253711,1,0,0,1,0,1,2,5,Not at intersection,3,100,Local Road
T20120008856,2012-04-14,17:00:00,1,Collision with vehicle,7,Saturday,121,RIGHT THROUGH,1,36253,2,0,1,0,1,2,1,2,T intersection,2,999,Arterial Other
T20120008853,2012-04-14,16:45:00,6,Vehicle overturned (no collision),7,Saturday,174,OUT OF CONTROL ON CARRIAGEWAY (ON STRAIGHT),1,251802,1,0,0,1,0,1,2,5,Not at intersection,3,100,Local Road
T20120008944,2012-04-14,09:45:00,6,Vehicle overturned (no collision),7,Saturday,179,OTHER ACCIDENTS-OFF STRAIGHT NOT INCLUDED IN DCAs 170-175,1,251178,1,0,1,0,0,1,2,5,Not at intersection,2,999,
T20120008846,2012-04-14,15:40:00,6,Vehicle overturned (no collision),7,Saturday,172,OFF CARRIAGEWAY TO RIGHT,1,251306,1,0,1,0,0,1,1,2,T intersection,2,100,Local Road
T20120008829,2012-04-14,11:30:00,6,Vehicle overturned (no collision),7,Saturday,179,OTHER ACCIDENTS-OFF STRAIGHT NOT INCLUDED IN DCAs 170-175,1,251300,1,0,0,1,0,1,2,5,Not at intersection,3,999,Local Road
T20120009332,2012-04-14,10:30:00,7,Fall from or in moving vehicle,7,Saturday,184,OUT OF CONTROL ON CARRIAGEWAY (ON BEND),1,251302,1,0,0,1,0,1,2,5,Not at intersection,3,999,Local Road
T20120008823,2012-04-14,21:20:00,4,Collision with a fixed object,7,Saturday,164,PERMANENT OBSTRUCTION ON CARRIAGEWAY,3,251298,1,0,1,0,0,1,1,5,Not at intersection,2,50,
T20120008809,2012-04-14,18:02:00,1,Collision with vehicle,7,Saturday,149,OTHER MANOEUVRING NOT INCLUDED IN DCAs 140-148,1,251296,2,0,1,0,4,5,1,5,Not at intersection,2,80,Local Road
T20120008807,2012-04-14,03:10:00,4,Collision with a fixed object,7,Saturday,183,OFF LEFT BEND INTO OBJECT/PARKED VEHICLE,5,252371,1,0,0,1,0,1,1,5,Not at intersection,3,100,Arterial Other
T20120015309,2012-04-14,16:00:00,6,Vehicle overturned (no collision),7,Saturday,174,OUT OF CONTROL ON CARRIAGEWAY (ON STRAIGHT),1,253009,2,0,1,0,1,2,1,5,Not at intersection,2,100,
T20120016801,2012-04-14,20:15:00,1,Collision with vehicle,7,Saturday,121,RIGHT THROUGH,3,61818,2,0,0,1,1,2,1,4,Multiple intersection,3,60,Freeway
T20120008845,2012-04-14,18:10:00,1,Collision with vehicle,7,Saturday,121,RIGHT THROUGH,3,40119,2,0,1,2,0,3,1,2,T intersection,2,60,Local Road
T20120008948,2012-04-14,16:00:00,8,No collision and no object struck,7,Saturday,184,OUT OF CONTROL ON CARRIAGEWAY (ON BEND),1,251185,1,0,1,0,0,1,2,5,Not at intersection,2,80,Arterial Other
T20120008803,2012-04-14,19:45:00,1,Collision with vehicle,7,Saturday,121,RIGHT THROUGH,3,44929,2,0,0,4,0,4,1,2,T intersection,3,60,Local Road
T20120009244,2012-04-14,14:35:00,4,Collision with a fixed object,7,Saturday,183,OFF LEFT BEND INTO OBJECT/PARKED VEHICLE,1,251990,1,0,0,2,0,2,1,5,Not at intersection,3,100,Arterial Other
T20120010192,2012-04-14,11:00:00,8,No collision and no object struck,7,Saturday,174,OUT OF CONTROL ON CARRIAGEWAY (ON STRAIGHT),1,251623,1,0,0,1,0,1,2,5,Not at intersection,3,100,Local Road
T20120009202,2012-04-14,23:30:00,1,Collision with vehicle,7,Saturday,133,LANE SIDE SWIPE (VEHICLES IN PARALLEL LANES),6,252952,2,0,0,1,1,2,2,5,Not at intersection,3,999,Local Road
T20120024370,2012-04-14,07:37:00,1,Collision with vehicle,7,Saturday,111,RIGHT FAR (INTERSECTIONS ONLY),1,73093,2,0,0,1,1,2,1,1,Cross intersection,3,50,Local Road
T20120028662,2012-04-14,14:30:00,7,Fall from or in moving vehicle,7,Saturday,174,OUT OF CONTROL ON CARRIAGEWAY (ON STRAIGHT),1,256068,1,0,0,1,0,1,2,5,Not at intersection,3,100,Freeway
T20120009529,2012-04-14,12:30:00,5,collision with some other object,7,Saturday,166,STRUCK OBJECT ON CARRIAGEWAY,1,251381,1,0,1,0,0,1,2,5,Not at intersection,2,110,Arterial Highway
T20120008724,2012-04-14,04:15:00,4,Collision with a fixed object,7,Saturday,183,OFF LEFT BEND INTO OBJECT/PARKED VEHICLE,3,277388,1,0,1,0,0,1,1,5,Not at intersection,2,60,Freeway
T20120008732,2012-04-14,08:03:00,1,Collision with vehicle,7,Saturday,113,RIGHT NEAR (INTERSECTIONS ONLY),1,45463,2,0,0,1,3,4,1,2,T intersection,3,60,Arterial Other
T20120008733,2012-04-14,07:35:00,1,Collision with vehicle,7,Saturday,110,CROSS TRAFFIC(INTERSECTIONS ONLY),1,48378,2,0,1,0,1,2,1,1,Cross intersection,2,50,Local Road
T20120008738,2012-04-14,09:10:00,8,No collision and no object struck,7,Saturday,184,OUT OF CONTROL ON CARRIAGEWAY (ON BEND),1,251194,1,0,0,1,0,1,1,5,Not at intersection,3,60,Arterial Highway
T20120008740,2012-04-14,07:15:00,4,Collision with a fixed object,7,Saturday,173,RIGHT OFF CARRIAGEWAY INTO OBJECT/PARKED VEHICLE,1,251196,1,0,1,0,0,1,1,5,Not at intersection,2,100,
T20120008762,2012-04-14,12:20:00,4,Collision with a fixed object,7,Saturday,171,LEFT OFF CARRIAGEWAY INTO OBJECT/PARKED VEHICLE,1,251280,1,0,0,1,0,1,1,5,Not at intersection,3,80,Local Road
T20120008746,2012-04-14,11:37:00,1,Collision with vehicle,7,Saturday,142,LEAVING PARKING,1,78156,2,0,1,0,3,4,1,5,Not at intersection,2,40,Arterial Other
T20120008752,2012-04-14,09:35:00,1,Collision with vehicle,7,Saturday,136,RIGHT TURN SIDESWIPE,1,29883,2,0,1,0,1,2,1,4,Multiple intersection,2,50,Local Road
T20120008755,2012-04-14,11:05:00,4,Collision with a fixed object,7,Saturday,173,RIGHT OFF CARRIAGEWAY INTO OBJECT/PARKED VEHICLE,1,251271,1,0,1,0,0,1,1,5,Not at intersection,2,100,Local Road
T20120008756,2012-04-14,12:00:00,4,Collision with a fixed object,7,Saturday,173,RIGHT OFF CARRIAGEWAY INTO OBJECT/PARKED VEHICLE,1,251272,1,0,1,0,0,1,1,5,Not at intersection,2,100,Arterial Other
T20120008757,2012-04-14,11:15:00,4,Collision with a fixed object,7,Saturday,181,OFF RIGHT BEND INTO OBJECT/PARKED VEHICLE,1,251274,1,0,2,0,0,2,1,5,Not at intersection,2,100,Local Road
T20120008758,2012-04-14,10:30:00,1,Collision with vehicle,7,Saturday,160,VEHICLE COLLIDES WITH VEHICLE PARKED ON LEFT OF ROAD,1,251278,2,0,0,1,0,1,1,5,Not at intersection,3,50,Local Road
T20120008760,2012-04-14,11:30:00,6,Vehicle overturned (no collision),7,Saturday,170,OFF CARRIAGEWAY TO LEFT,1,251279,1,0,0,1,2,3,1,5,Not at intersection,3,100,Arterial Other
T20120008761,2012-04-14,13:21:00,1,Collision with vehicle,7,Saturday,121,RIGHT THROUGH,1,35722,2,0,0,1,1,2,1,4,Multiple intersection,3,60,Freeway
T20120008763,2012-04-14,01:05:00,8,No collision and no object struck,7,Saturday,174,OUT OF CONTROL ON CARRIAGEWAY (ON STRAIGHT),3,251883,1,0,1,0,0,1,1,5,Not at intersection,2,50,Local Road
T20120008765,2012-04-14,13:30:00,1,Collision with vehicle,7,Saturday,121,RIGHT THROUGH,1,37890,2,0,0,1,2,3,1,2,T intersection,3,70,Arterial Highway
T20120008769,2012-04-14,14:10:00,2,Struck Pedestrian,7,Saturday,109,ANY MANOEUVRE INVOLVING PED NOT INCLUDED IN DCAs 100-108.,1,251281,1,0,1,0,1,2,1,5,Not at intersection,2,50,Local Road
T20120008770,2012-04-14,13:59:00,1,Collision with vehicle,7,Saturday,130,REAR END(VEHICLES IN SAME LANE),1,253907,6,0,1,1,10,12,1,5,Not at intersection,2,80,Freeway
T20120008771,2012-04-14,12:50:00,1,Collision with vehicle,7,Saturday,130,REAR END(VEHICLES IN SAME LANE),1,251284,4,0,0,1,6,7,1,5,Not at intersection,3,60,Local Road
T20120008772,2012-04-14,09:50:00,1,Collision with vehicle,7,Saturday,148,VEHICLE OFF FOOTPATH STRIKES VEH ON CARRIAGEWAY,1,-10,2,0,0,1,1,2,1,5,Not at intersection,3,80,
T20120008777,2012-04-14,11:45:00,4,Collision with a fixed object,7,Saturday,181,OFF RIGHT BEND INTO OBJECT/PARKED VEHICLE,1,251800,1,0,1,1,0,2,2,5,Not at intersection,2,100,Arterial Other
T20120008779,2012-04-14,15:15:00,4,Collision with a fixed object,7,Saturday,171,LEFT OFF CARRIAGEWAY INTO OBJECT/PARKED VEHICLE,1,277102,1,0,2,0,0,2,1,5,Not at intersection,2,100,
T20120008782,2012-04-14,14:30:00,4,Collision with a fixed object,7,Saturday,183,OFF LEFT BEND INTO OBJECT/PARKED VEHICLE,1,251292,1,0,0,2,5,7,1,5,Not at intersection,3,100,Arterial Other
T20120008787,2012-04-14,17:30:00,1,Collision with vehicle,7,Saturday,121,RIGHT THROUGH,1,37016,2,0,1,0,2,3,1,1,Cross intersection,2,50,Local Road
T20120008790,2012-04-14,16:50:00,1,Collision with vehicle,7,Saturday,111,RIGHT FAR (INTERSECTIONS ONLY),1,35832,2,0,0,5,0,5,1,1,Cross intersection,3,100,Arterial Highway
T20120008884,2012-04-15,05:10:00,6,Vehicle overturned (no collision),1,Sunday,174,OUT OF CONTROL ON CARRIAGEWAY (ON STRAIGHT),5,251346,1,0,1,0,0,1,1,5,Not at intersection,2,100,Arterial Other
T20120008883,2012-04-15,23:05:00,1,Collision with vehicle,1,Sunday,121,RIGHT THROUGH,5,237569,2,0,1,2,0,3,1,2,T intersection,2,80,Arterial Other
T20120008869,2012-04-15,16:45:00,1,Collision with vehicle,1,Sunday,121,RIGHT THROUGH,1,55417,2,0,0,3,1,4,1,2,T intersection,3,80,Arterial Highway
T20120008881,2012-04-15,21:45:00,4,Collision with a fixed object,1,Sunday,183,OFF LEFT BEND INTO OBJECT/PARKED VEHICLE,5,251344,1,0,1,0,0,1,1,5,Not at intersection,2,100,Arterial Other
T20120008880,2012-04-15,20:00:00,1,Collision with vehicle,1,Sunday,140,U TURN,5,251988,2,0,0,1,1,2,1,5,Not at intersection,3,100,Arterial Other
T20120008825,2012-04-15,10:09:00,8,No collision and no object struck,1,Sunday,174,OUT OF CONTROL ON CARRIAGEWAY (ON STRAIGHT),1,251299,1,0,1,0,0,1,1,5,Not at intersection,2,80,Arterial Other
T20120008878,2012-04-15,20:58:00,1,Collision with vehicle,1,Sunday,160,VEHICLE COLLIDES WITH VEHICLE PARKED ON LEFT OF ROAD,3,251343,2,0,1,0,0,1,1,5,Not at intersection,2,60,Arterial Other
T20120011242,2012-04-15,17:30:00,1,Collision with vehicle,1,Sunday,130,REAR END(VEHICLES IN SAME LANE),2,252007,2,0,0,1,1,2,2,5,Not at intersection,3,60,Arterial Other
T20120008855,2012-04-15,14:10:00,8,No collision and no object struck,1,Sunday,174,OUT OF CONTROL ON CARRIAGEWAY (ON STRAIGHT),1,251338,1,0,1,0,0,1,1,4,Multiple intersection,2,60,Arterial Other
T20120008914,2012-04-15,18:00:00,1,Collision with vehicle,1,Sunday,110,CROSS TRAFFIC(INTERSECTIONS ONLY),3,29653,2,0,0,1,4,5,1,1,Cross intersection,3,50,Arterial Highway
T20120008859,2012-04-15,14:15:00,4,Collision with a fixed object,1,Sunday,181,OFF RIGHT BEND INTO OBJECT/PARKED VEHICLE,1,251339,1,0,1,0,0,1,1,2,T intersection,2,100,Local Road
T20120009231,2012-04-15,12:00:00,1,Collision with vehicle,1,Sunday,131,LEFT REAR,1,39749,2,0,0,1,1,2,2,2,T intersection,3,70,Arterial Other
T20120008999,2012-04-15,02:30:00,2,Struck Pedestrian,1,Sunday,100,PED NEAR SIDE. PED HIT BY VEHICLE FROM THE RIGHT.,3,67446,1,0,0,1,1,2,2,1,Cross intersection,3,60,Arterial Other
T20120008814,2012-04-15,00:03:00,6,Vehicle overturned (no collision),1,Sunday,174,OUT OF CONTROL ON CARRIAGEWAY (ON STRAIGHT),5,251297,1,0,1,0,0,1,1,5,Not at intersection,2,100,Arterial Other
T20120008811,2012-04-15,03:15:00,1,Collision with vehicle,1,Sunday,169,OTHER ON PATH,3,45286,2,0,0,1,1,2,1,2,T intersection,3,60,Arterial Other
T20120009294,2012-04-15,14:00:00,1,Collision with vehicle,1,Sunday,113,RIGHT NEAR (INTERSECTIONS ONLY),1,41871,2,0,0,1,1,2,2,2,T intersection,3,80,Arterial Highway
T20120008850,2012-04-15,12:45:00,4,Collision with a fixed object,1,Sunday,181,OFF RIGHT BEND INTO OBJECT/PARKED VEHICLE,1,251309,1,0,0,1,0,1,1,5,Not at intersection,3,80,Local Road
T20120008858,2012-04-15,12:00:00,1,Collision with vehicle,1,Sunday,130,REAR END(VEHICLES IN SAME LANE),1,251803,3,0,1,1,4,6,1,5,Not at intersection,2,60,Arterial Other
T20120008873,2012-04-15,15:15:00,8,No collision and no object struck,1,Sunday,174,OUT OF CONTROL ON CARRIAGEWAY (ON STRAIGHT),1,253417,1,0,1,0,0,1,1,5,Not at intersection,2,60,Freeway
T20120008879,2012-04-15,15:15:00,1,Collision with vehicle,1,Sunday,130,REAR END(VEHICLES IN SAME LANE),1,47355,2,0,1,0,1,2,1,2,T intersection,2,80,Arterial Other
T20120009198,2012-04-15,14:30:00,1,Collision with vehicle,1,Sunday,130,REAR END(VEHICLES IN SAME LANE),1,254033,2,0,0,2,1,3,2,5,Not at intersection,3,60,Freeway
T20120008815,2012-04-15,04:16:00,4,Collision with a fixed object,1,Sunday,173,RIGHT OFF CARRIAGEWAY INTO OBJECT/PARKED VEHICLE,5,250015,1,1,1,0,0,2,1,5,Not at intersection,1,70,
T20120021041,2012-04-15,13:00:00,1,Collision with vehicle,1,Sunday,132,RIGHT REAR.,1,53644,2,0,0,1,2,3,2,2,T intersection,3,60,Arterial Highway
T20120008840,2012-04-15,10:58:00,1,Collision with vehicle,1,Sunday,132,RIGHT REAR.,1,251305,2,0,0,3,1,4,1,5,Not at intersection,3,60,Arterial Other
T20120008839,2012-04-15,12:20:00,2,Struck Pedestrian,1,Sunday,100,PED NEAR SIDE. PED HIT BY VEHICLE FROM THE RIGHT.,1,37939,1,0,0,1,1,2,1,2,T intersection,3,40,Local Road
T20120009598,2012-04-15,21:50:00,1,Collision with vehicle,1,Sunday,121,RIGHT THROUGH,3,39047,2,0,1,0,1,2,1,1,Cross intersection,2,60,Arterial Other
T20120008832,2012-04-15,12:00:00,1,Collision with vehicle,1,Sunday,132,RIGHT REAR.,1,478,2,0,0,1,1,2,1,4,Multiple intersection,3,60,Arterial Other
T20120008903,2012-04-15,10:30:00,1,Collision with vehicle,1,Sunday,113,RIGHT NEAR (INTERSECTIONS ONLY),1,44311,2,0,1,1,1,3,1,2,T intersection,2,60,Arterial Other
T20120008871,2012-04-15,18:20:00,1,Collision with vehicle,0,Sunday,121,RIGHT THROUGH,3,965,2,0,1,0,1,2,1,2,T intersection,2,60,Local Road
T20120008882,2012-04-16,00:05:00,4,Collision with a fixed object,2,Monday,183,OFF LEFT BEND INTO OBJECT/PARKED VEHICLE,5,251345,1,0,0,1,4,5,1,5,Not at intersection,3,80,Arterial Other
T20120011312,2012-04-16,17:50:00,1,Collision with vehicle,2,Monday,145,REVERSING IN STREAM OF TRAFFIC,1,36082,2,0,0,1,1,2,1,2,T intersection,3,50,Local Road
T20120008936,2012-04-16,14:15:00,1,Collision with vehicle,2,Monday,147,VEHICLE STRIKES ANOTHER VEH WHILE EMERGING FROM DRIVEWAY,1,38073,2,0,0,1,1,2,1,1,Cross intersection,3,60,Arterial Other
T20120008941,2012-04-16,17:33:00,4,Collision with a fixed object,2,Monday,171,LEFT OFF CARRIAGEWAY INTO OBJECT/PARKED VEHICLE,6,61270,1,0,0,1,0,1,2,1,Cross intersection,3,999,Arterial Other
T20120008927,2012-04-16,10:59:00,1,Collision with vehicle,2,Monday,130,REAR END(VEHICLES IN SAME LANE),1,43090,3,1,0,2,4,7,1,1,Cross intersection,1,60,Arterial Highway
T20120008947,2012-04-16,18:11:00,2,Struck Pedestrian,2,Monday,100,PED NEAR SIDE. PED HIT BY VEHICLE FROM THE RIGHT.,3,37192,1,0,0,2,0,2,1,1,Cross intersection,3,50,Arterial Other
T20120009030,2012-04-16,16:00:00,1,Collision with vehicle,1,Monday,130,REAR END(VEHICLES IN SAME LANE),1,251252,3,0,1,0,2,3,2,5,Not at intersection,2,90,Freeway
T20120009052,2012-04-16,16:45:00,1,Collision with vehicle,2,Monday,139,OTHER SAME DIRECTION-MANOUEVRES NOT INCLUDED IN DCAs 130-137,1,42240,2,0,0,2,0,2,2,1,Cross intersection,3,70,Arterial Other
T20120009013,2012-04-16,16:45:00,1,Collision with vehicle,2,Monday,135,LANE CHANGE LEFT (NOT OVERTAKING),1,252694,2,0,0,1,1,2,2,5,Not at intersection,3,100,Freeway
T20120008969,2012-04-16,20:13:00,2,Struck Pedestrian,2,Monday,102,FAR SIDE. PED HIT BY VEHICLE FROM THE LEFT,3,251189,1,0,1,0,1,2,1,5,Not at intersection,2,50,Local Road
T20120008967,2012-04-16,20:58:00,2,Struck Pedestrian,2,Monday,104,PED WALKING WITH TRAFFIC,5,252999,1,0,0,1,1,2,1,5,Not at intersection,3,60,Local Road
T20120008974,2012-04-16,15:20:00,1,Collision with vehicle,2,Monday,163,VEHICLE STRIKES DOOR OF PARKED/STATIONARY VEHICLE,1,65245,2,0,0,1,1,2,1,2,T intersection,3,40,Local Road
T20120008965,2012-04-16,17:47:00,4,Collision with a fixed object,2,Monday,183,OFF LEFT BEND INTO OBJECT/PARKED VEHICLE,1,250089,1,1,0,0,0,1,1,5,Not at intersection,1,60,Arterial Other
T20120008894,2012-04-16,07:30:00,1,Collision with vehicle,2,Monday,110,CROSS TRAFFIC(INTERSECTIONS ONLY),1,251348,2,0,0,3,0,3,1,1,Cross intersection,3,80,Local Road
T20120015160,2012-04-16,17:30:00,1,Collision with vehicle,2,Monday,130,REAR END(VEHICLES IN SAME LANE),3,253008,2,0,0,1,1,2,1,5,Not at intersection,3,60,Arterial Highway
T20120008916,2012-04-16,06:30:00,1,Collision with vehicle,2,Monday,130,REAR END(VEHICLES IN SAME LANE),2,251153,4,0,2,0,2,4,1,5,Not at intersection,2,80,Freeway
T20120008960,2012-04-16,19:10:00,1,Collision with vehicle,2,Monday,110,CROSS TRAFFIC(INTERSECTIONS ONLY),3,59607,2,0,0,1,1,2,1,1,Cross intersection,3,60,Arterial Other
T20120008901,2012-04-16,11:35:00,8,No collision and no object struck,2,Monday,174,OUT OF CONTROL ON CARRIAGEWAY (ON STRAIGHT),1,41804,2,0,0,1,1,2,2,2,T intersection,3,70,Arterial Other
T20120008958,2012-04-16,16:10:00,1,Collision with vehicle,2,Monday,121,RIGHT THROUGH,1,51593,2,0,0,2,3,5,1,1,Cross intersection,3,60,Arterial Other
T20120008988,2012-04-16,16:40:00,4,Collision with a fixed object,2,Monday,173,RIGHT OFF CARRIAGEWAY INTO OBJECT/PARKED VEHICLE,1,251213,1,0,1,0,0,1,1,5,Not at intersection,2,80,Arterial Other
T20120008923,2012-04-16,09:08:00,1,Collision with vehicle,2,Monday,110,CROSS TRAFFIC(INTERSECTIONS ONLY),1,19402,2,0,4,0,0,4,1,1,Cross intersection,2,100,Arterial Other
T20120008982,2012-04-16,19:00:00,1,Collision with vehicle,2,Monday,137,LEFT TURN SIDESWIPE,3,36085,2,0,0,1,1,2,2,1,Cross intersection,3,60,Arterial Other
T20120008902,2012-04-16,08:00:00,1,Collision with vehicle,1,Monday,130,REAR END(VEHICLES IN SAME LANE),1,38692,2,0,0,1,1,2,2,2,T intersection,3,60,Arterial Other
T20120008911,2012-04-16,11:25:00,4,Collision with a fixed object,2,Monday,183,OFF LEFT BEND INTO OBJECT/PARKED VEHICLE,1,251207,1,0,0,1,0,1,1,5,Not at intersection,3,50,Local Road
T20120014180,2012-04-16,12:45:00,1,Collision with vehicle,2,Monday,163,VEHICLE STRIKES DOOR OF PARKED/STATIONARY VEHICLE,1,252619,2,0,0,2,0,2,2,5,Not at intersection,3,60,
T20120009004,2012-04-16,16:35:00,2,Struck Pedestrian,2,Monday,100,PED NEAR SIDE. PED HIT BY VEHICLE FROM THE RIGHT.,1,43349,2,0,1,0,2,3,1,2,T intersection,2,70,Arterial Highway
T20120008924,2012-04-16,13:50:00,2,Struck Pedestrian,2,Monday,109,ANY MANOEUVRE INVOLVING PED NOT INCLUDED IN DCAs 100-108.,1,251164,2,0,0,1,3,4,1,2,T intersection,3,50,Local Road
T20120008921,2012-04-16,13:36:00,1,Collision with vehicle,2,Monday,147,VEHICLE STRIKES ANOTHER VEH WHILE EMERGING FROM DRIVEWAY,1,36908,2,0,0,1,1,2,1,1,Cross intersection,3,60,Local Road
T20120008957,2012-04-16,18:00:00,1,Collision with vehicle,2,Monday,131,LEFT REAR,3,39259,2,0,1,2,0,3,1,1,Cross intersection,2,60,Arterial Other
T20120008938,2012-04-16,15:40:00,2,Struck Pedestrian,2,Monday,101,PED EMERGES FROM IN FRONT OF PARKED OR STATIONARY VEHICLE,1,251173,1,0,0,1,1,2,1,5,Not at intersection,3,50,Local Road
T20120008887,2012-04-16,05:47:00,4,Collision with a fixed object,2,Monday,183,OFF LEFT BEND INTO OBJECT/PARKED VEHICLE,2,36324,1,0,1,0,0,1,1,2,T intersection,2,60,Arterial Other
T20120008888,2012-04-16,06:45:00,1,Collision with vehicle,2,Monday,121,RIGHT THROUGH,2,251347,2,0,1,0,1,2,1,2,T intersection,2,60,Arterial Other
T20120008896,2012-04-16,07:15:00,1,Collision with vehicle,2,Monday,147,VEHICLE STRIKES ANOTHER VEH WHILE EMERGING FROM DRIVEWAY,1,256779,2,0,0,1,1,2,1,5,Not at intersection,3,80,Arterial Other
T20120008973,2012-04-16,01:00:00,8,No collision and no object struck,2,Monday,174,OUT OF CONTROL ON CARRIAGEWAY (ON STRAIGHT),5,84685,1,0,1,0,0,1,1,5,Not at intersection,2,70,Arterial Other
T20120008897,2012-04-16,09:15:00,1,Collision with vehicle,2,Monday,116,LEFT NEAR (INTERSECTIONS ONLY),1,49625,2,0,1,0,1,2,1,2,T intersection,2,80,Local Road
T20120008898,2012-04-16,07:05:00,1,Collision with vehicle,2,Monday,130,REAR END(VEHICLES IN SAME LANE),6,251349,2,0,0,1,1,2,2,5,Not at intersection,3,80,Arterial Other
T20120009122,2012-04-16,12:45:00,6,Vehicle overturned (no collision),2,Monday,180,OFF CARRIAGEWAY ON RIGHT BEND,1,252186,1,0,1,0,0,1,1,5,Not at intersection,2,100,Arterial Other
T20120009566,2012-04-16,16:30:00,1,Collision with vehicle,2,Monday,130,REAR END(VEHICLES IN SAME LANE),1,85899,4,0,2,0,5,7,2,5,Not at intersection,2,80,Arterial Other