ACCIDENT_NO,ACCIDENT_DATE,ACCIDENT_TIME,ACCIDENT_TYPE,ACCIDENT_TYPE_DESC,DAY_OF_WEEK,DAY_WEEK_DESC,DCA_CODE,DCA_DESC,LIGHT_CONDITION,NODE_ID,NO_OF_VEHICLES,NO_PERSONS_KILLED,NO_PERSONS_INJ_2,NO_PERSONS_INJ_3,NO_PERSONS_NOT_INJ,NO_PERSONS,POLICE_ATTEND,ROAD_GEOMETRY,ROAD_GEOMETRY_DESC,SEVERITY,SPEED_ZONE,RMA
T20120009007,2012-04-17,12:47:00,6,Vehicle overturned (no collision),3,Tuesday,180,OFF CARRIAGEWAY ON RIGHT BEND,1,251233,1,0,0,1,0,1,1,5,Not at intersection,3,100,Local Road
T20120009005,2012-04-17,09:55:00,1,Collision with vehicle,3,Tuesday,121,RIGHT THROUGH,1,279264,2,0,3,0,1,4,1,4,Multiple intersection,2,70,Freeway
T20120009001,2012-04-17,10:50:00,1,Collision with vehicle,3,Tuesday,133,LANE SIDE SWIPE (VEHICLES IN PARALLEL LANES),1,251226,2,0,0,1,3,4,2,5,Not at intersection,3,80,Arterial Other
T20120009000,2012-04-17,11:35:00,8,No collision and no object struck,3,Tuesday,172,OFF CARRIAGEWAY TO RIGHT,1,251225,1,0,1,0,0,1,1,5,Not at intersection,2,60,Arterial Other
T20120009041,2012-04-17,16:50:00,1,Collision with vehicle,3,Tuesday,130,REAR END(VEHICLES IN SAME LANE),1,43117,2,0,0,1,1,2,1,1,Cross intersection,3,60,Arterial Highway
T20120009200,2012-04-17,09:30:00,1,Collision with vehicle,3,Tuesday,133,LANE SIDE SWIPE (VEHICLES IN PARALLEL LANES),1,38026,2,0,1,0,1,2,2,1,Cross intersection,2,60,Local Road
T20120015044,2012-04-17,13:30:00,4,Collision with a fixed object,3,Tuesday,173,RIGHT OFF CARRIAGEWAY INTO OBJECT/PARKED VEHICLE,1,253006,1,0,0,1,0,1,1,5,Not at intersection,3,100,Freeway
T20120011525,2012-04-17,16:30:00,1,Collision with vehicle,3,Tuesday,133,LANE SIDE SWIPE (VEHICLES IN PARALLEL LANES),2,44501,2,0,1,0,1,2,2,2,T intersection,2,60,Local Road
T20120009399,2012-04-17,09:00:00,1,Collision with vehicle,3,Tuesday,114,TWO RIGHT TURNING (INTERSECTIONS ONLY),1,65801,2,0,1,0,1,2,2,2,T intersection,2,60,Local Road
T20120009053,2012-04-17,19:10:00,1,Collision with vehicle,3,Tuesday,110,CROSS TRAFFIC(INTERSECTIONS ONLY),3,35953,2,0,0,1,1,2,1,1,Cross intersection,3,80,Arterial Highway
T20120009054,2012-04-17,20:05:00,4,Collision with a fixed object,3,Tuesday,171,LEFT OFF CARRIAGEWAY INTO OBJECT/PARKED VEHICLE,5,251257,1,0,0,1,0,1,1,5,Not at intersection,3,80,Arterial Other
T20120009059,2012-04-17,17:50:00,2,Struck Pedestrian,3,Tuesday,100,PED NEAR SIDE. PED HIT BY VEHICLE FROM THE RIGHT.,2,43349,1,0,0,1,1,2,1,2,T intersection,3,60,Arterial Highway
T20120009061,2012-04-17,21:05:00,4,Collision with a fixed object,3,Tuesday,171,LEFT OFF CARRIAGEWAY INTO OBJECT/PARKED VEHICLE,3,53961,1,0,1,0,0,1,1,4,Multiple intersection,2,60,Arterial Highway
T20120009065,2012-04-17,21:18:00,1,Collision with vehicle,3,Tuesday,133,LANE SIDE SWIPE (VEHICLES IN PARALLEL LANES),3,229659,3,0,0,1,4,5,1,1,Cross intersection,3,80,Arterial Highway
T20120009066,2012-04-17,23:40:00,1,Collision with vehicle,3,Tuesday,121,RIGHT THROUGH,3,12655,2,0,2,1,1,4,1,4,Multiple intersection,2,60,Freeway
T20120008971,2012-04-17,03:18:00,1,Collision with vehicle,3,Tuesday,121,RIGHT THROUGH,3,47504,2,0,0,1,1,2,1,2,T intersection,3,80,Arterial Other
T20120009082,2012-04-17,17:45:00,1,Collision with vehicle,3,Tuesday,130,REAR END(VEHICLES IN SAME LANE),2,251353,2,0,0,1,1,2,2,5,Not at intersection,3,60,Arterial Other
T20120009303,2012-04-17,10:00:00,1,Collision with vehicle,3,Tuesday,120,HEAD ON (NOT OVERTAKING),1,44570,2,0,0,1,1,2,2,1,Cross intersection,3,50,Arterial Other
T20120017004,2012-04-17,22:00:00,2,Struck Pedestrian,3,Tuesday,101,PED EMERGES FROM IN FRONT OF PARKED OR STATIONARY VEHICLE,6,254310,1,0,0,2,0,2,2,5,Not at intersection,3,999,Local Road
T20120009040,2012-04-17,18:08:00,1,Collision with vehicle,3,Tuesday,132,RIGHT REAR.,3,41477,2,0,0,3,0,3,1,2,T intersection,3,60,Arterial Highway
T20120008996,2012-04-17,11:56:00,1,Collision with vehicle,3,Tuesday,139,OTHER SAME DIRECTION-MANOUEVRES NOT INCLUDED IN DCAs 130-137,1,57453,2,0,0,1,1,2,1,2,T intersection,3,60,Arterial Other
T20120008992,2012-04-17,09:05:00,1,Collision with vehicle,3,Tuesday,130,REAR END(VEHICLES IN SAME LANE),1,251223,2,0,0,1,3,4,1,5,Not at intersection,3,80,Arterial Highway
T20120008980,2012-04-17,08:25:00,1,Collision with vehicle,3,Tuesday,130,REAR END(VEHICLES IN SAME LANE),1,251209,6,0,1,1,4,6,1,5,Not at intersection,2,70,Arterial Highway
T20120008972,2012-04-17,02:10:00,1,Collision with vehicle,3,Tuesday,130,REAR END(VEHICLES IN SAME LANE),3,39063,2,0,1,0,1,2,1,1,Cross intersection,2,60,Arterial Other
T20120008970,2012-04-17,01:15:00,4,Collision with a fixed object,3,Tuesday,171,LEFT OFF CARRIAGEWAY INTO OBJECT/PARKED VEHICLE,3,251191,1,0,0,1,0,1,1,5,Not at intersection,3,80,Local Road
T20120009644,2012-04-17,14:30:00,8,No collision and no object struck,3,Tuesday,174,OUT OF CONTROL ON CARRIAGEWAY (ON STRAIGHT),1,236,1,0,0,1,0,1,2,1,Cross intersection,3,50,Local Road
T20120009233,2012-04-17,15:55:00,1,Collision with vehicle,3,Tuesday,137,LEFT TURN SIDESWIPE,1,36573,2,0,0,1,1,2,2,1,Cross intersection,3,50,Local Road
T20120009037,2012-04-17,16:30:00,1,Collision with vehicle,3,Tuesday,136,RIGHT TURN SIDESWIPE,1,36990,2,0,1,0,1,2,1,1,Cross intersection,2,50,Local Road
T20120009003,2012-04-17,13:00:00,7,Fall from or in moving vehicle,3,Tuesday,174,OUT OF CONTROL ON CARRIAGEWAY (ON STRAIGHT),9,253568,1,0,0,1,0,1,2,5,Not at intersection,3,50,Local Road
T20120009031,2012-04-17,16:30:00,1,Collision with vehicle,3,Tuesday,130,REAR END(VEHICLES IN SAME LANE),1,38301,2,0,1,0,1,2,1,1,Cross intersection,2,70,Arterial Other
T20120009029,2012-04-17,14:35:00,1,Collision with vehicle,3,Tuesday,135,LANE CHANGE LEFT (NOT OVERTAKING),1,36232,2,0,1,0,1,2,1,2,T intersection,2,50,Arterial Other
T20120009028,2012-04-17,16:00:00,2,Struck Pedestrian,3,Tuesday,107,PED ON FOOTHPATH STRUCK BY VEHENTERING/LEAVING DRIVEWAY.,1,62995,1,0,0,1,1,2,2,2,T intersection,3,999,Arterial Other
T20120009027,2012-04-17,14:00:00,1,Collision with vehicle,3,Tuesday,132,RIGHT REAR.,1,251248,2,0,0,1,1,2,1,2,T intersection,3,60,Arterial Highway
T20120009026,2012-04-17,14:57:00,1,Collision with vehicle,3,Tuesday,130,REAR END(VEHICLES IN SAME LANE),1,251247,2,0,0,1,1,2,1,5,Not at intersection,3,60,Arterial Other
T20120009017,2012-04-17,12:20:00,2,Struck Pedestrian,3,Tuesday,109,ANY MANOEUVRE INVOLVING PED NOT INCLUDED IN DCAs 100-108.,1,278993,1,0,0,1,1,2,1,5,Not at intersection,3,50,
T20120009014,2012-04-17,13:51:00,1,Collision with vehicle,3,Tuesday,111,RIGHT FAR (INTERSECTIONS ONLY),1,801,2,0,0,2,0,2,1,2,T intersection,3,80,Arterial Highway
T20120009042,2012-04-17,17:45:00,1,Collision with vehicle,3,Tuesday,121,RIGHT THROUGH,1,251255,2,0,0,1,1,2,1,2,T intersection,3,60,Arterial Other
T20120009045,2012-04-17,16:45:00,1,Collision with vehicle,3,Tuesday,121,RIGHT THROUGH,1,51649,2,0,0,1,1,2,1,1,Cross intersection,3,50,Local Road
T20120009035,2012-04-17,16:35:00,1,Collision with vehicle,3,Tuesday,121,RIGHT THROUGH,1,39160,2,0,1,0,1,2,1,2,T intersection,2,60,Arterial Other
T20120009048,2012-04-17,15:00:00,1,Collision with vehicle,3,Tuesday,120,HEAD ON (NOT OVERTAKING),1,251006,2,1,0,1,0,2,1,5,Not at intersection,1,100,Arterial Highway
T20120009010,2012-04-17,13:05:00,1,Collision with vehicle,3,Tuesday,120,HEAD ON (NOT OVERTAKING),1,251239,2,0,1,0,1,2,1,5,Not at intersection,2,80,Arterial Other
T20120009033,2012-04-17,11:35:00,8,No collision and no object struck,3,Tuesday,199,UNKNOWN-NO DETAILS ON MANOEUVRES OF ROAD-USERS IN ACCIDENT,1,28439,1,0,0,1,0,1,1,1,Cross intersection,3,50,Local Road
T20120009032,2012-04-17,14:30:00,1,Collision with vehicle,3,Tuesday,120,HEAD ON (NOT OVERTAKING),1,243194,2,0,0,1,1,2,1,2,T intersection,3,50,Local Road
T20120009175,2012-04-18,10:10:00,2,Struck Pedestrian,4,Wednesday,109,ANY MANOEUVRE INVOLVING PED NOT INCLUDED IN DCAs 100-108.,1,49963,1,0,0,1,1,2,1,1,Cross intersection,3,50,Local Road
T20120009860,2012-04-18,11:30:00,1,Collision with vehicle,4,Wednesday,130,REAR END(VEHICLES IN SAME LANE),1,249,2,0,0,1,2,3,2,1,Cross intersection,3,60,Freeway
T20120009124,2012-04-18,15:25:00,1,Collision with vehicle,4,Wednesday,113,RIGHT NEAR (INTERSECTIONS ONLY),1,71750,2,0,0,2,0,2,1,1,Cross intersection,3,60,Arterial Other
T20120009094,2012-04-18,10:40:00,1,Collision with vehicle,4,Wednesday,132,RIGHT REAR.,1,42012,2,0,0,1,1,2,1,2,T intersection,3,60,Arterial Other
T20120009573,2012-04-18,07:00:00,1,Collision with vehicle,3,Wednesday,132,RIGHT REAR.,2,37610,2,0,0,1,1,2,2,1,Cross intersection,3,60,Arterial Highway
T20120009069,2012-04-18,06:45:00,1,Collision with vehicle,4,Wednesday,130,REAR END(VEHICLES IN SAME LANE),1,251350,2,0,1,0,1,2,1,5,Not at intersection,2,100,Freeway
T20120009126,2012-04-18,13:40:00,4,Collision with a fixed object,4,Wednesday,171,LEFT OFF CARRIAGEWAY INTO OBJECT/PARKED VEHICLE,1,252513,1,0,2,0,0,2,1,5,Not at intersection,2,50,Local Road
T20120009095,2012-04-18,05:20:00,4,Collision with a fixed object,4,Wednesday,171,LEFT OFF CARRIAGEWAY INTO OBJECT/PARKED VEHICLE,3,251399,1,0,2,0,0,2,1,5,Not at intersection,2,70,Arterial Other
T20120009132,2012-04-18,14:10:00,1,Collision with vehicle,4,Wednesday,130,REAR END(VEHICLES IN SAME LANE),1,253528,3,0,2,1,0,3,1,5,Not at intersection,2,60,Arterial Other
T20120009134,2012-04-18,16:00:00,4,Collision with a fixed object,4,Wednesday,171,LEFT OFF CARRIAGEWAY INTO OBJECT/PARKED VEHICLE,1,254031,1,0,1,0,0,1,1,5,Not at intersection,2,100,
T20120009112,2012-04-18,11:00:00,4,Collision with a fixed object,4,Wednesday,171,LEFT OFF CARRIAGEWAY INTO OBJECT/PARKED VEHICLE,1,251406,2,0,1,0,0,1,1,5,Not at intersection,2,80,Arterial Other
T20120009183,2012-04-18,13:45:00,4,Collision with a fixed object,4,Wednesday,173,RIGHT OFF CARRIAGEWAY INTO OBJECT/PARKED VEHICLE,1,251428,1,0,0,2,0,2,1,5,Not at intersection,3,100,Freeway
T20120009113,2012-04-18,14:10:00,1,Collision with vehicle,4,Wednesday,120,HEAD ON (NOT OVERTAKING),1,41137,2,0,0,1,1,2,1,1,Cross intersection,3,60,Arterial Other
T20120009115,2012-04-18,13:40:00,1,Collision with vehicle,4,Wednesday,110,CROSS TRAFFIC(INTERSECTIONS ONLY),1,35357,2,0,0,3,2,5,1,1,Cross intersection,3,50,Local Road
T20120009136,2012-04-18,17:11:00,2,Struck Pedestrian,4,Wednesday,100,PED NEAR SIDE. PED HIT BY VEHICLE FROM THE RIGHT.,1,56097,1,0,1,0,2,3,1,1,Cross intersection,2,60,Local Road
T20120009137,2012-04-18,16:50:00,1,Collision with vehicle,4,Wednesday,130,REAR END(VEHICLES IN SAME LANE),1,251413,2,0,0,1,1,2,1,5,Not at intersection,3,70,Arterial Other
T20120009138,2012-04-18,18:40:00,6,Vehicle overturned (no collision),4,Wednesday,179,OTHER ACCIDENTS-OFF STRAIGHT NOT INCLUDED IN DCAs 170-175,2,109,1,0,1,0,0,1,2,1,Cross intersection,2,60,Local Road
T20120009140,2012-04-18,18:35:00,1,Collision with vehicle,4,Wednesday,113,RIGHT NEAR (INTERSECTIONS ONLY),3,29561,2,0,1,0,1,2,1,1,Cross intersection,2,50,Arterial Other
T20120009143,2012-04-18,18:43:00,1,Collision with vehicle,4,Wednesday,110,CROSS TRAFFIC(INTERSECTIONS ONLY),3,41423,2,0,1,0,1,2,1,1,Cross intersection,2,60,Local Road
T20120009145,2012-04-18,10:30:00,1,Collision with vehicle,4,Wednesday,137,LEFT TURN SIDESWIPE,1,37948,2,0,0,1,1,2,2,2,T intersection,3,50,Arterial Other
T20120009397,2012-04-18,08:00:00,2,Struck Pedestrian,4,Wednesday,100,PED NEAR SIDE. PED HIT BY VEHICLE FROM THE RIGHT.,1,251330,1,0,0,1,1,2,2,2,T intersection,3,50,Local Road
T20120009149,2012-04-18,20:30:00,1,Collision with vehicle,3,Wednesday,133,LANE SIDE SWIPE (VEHICLES IN PARALLEL LANES),3,53184,2,0,0,1,1,2,1,4,Multiple intersection,3,50,Arterial Other
T20130001063,2012-04-18,19:15:00,1,Collision with vehicle,4,Wednesday,130,REAR END(VEHICLES IN SAME LANE),9,258106,2,0,0,1,1,2,1,5,Not at intersection,3,70,Arterial Other
T20120009150,2012-04-18,20:48:00,1,Collision with vehicle,4,Wednesday,135,LANE CHANGE LEFT (NOT OVERTAKING),9,253804,2,0,0,1,1,2,2,5,Not at intersection,3,999,Arterial Other
T20120009151,2012-04-18,15:35:00,1,Collision with vehicle,4,Wednesday,132,RIGHT REAR.,1,44884,2,0,0,1,1,2,2,2,T intersection,3,60,Local Road
T20120009123,2012-04-18,14:20:00,1,Collision with vehicle,4,Wednesday,121,RIGHT THROUGH,1,32826,2,0,0,1,1,2,1,2,T intersection,3,50,Local Road
T20120009098,2012-04-18,10:20:00,4,Collision with a fixed object,4,Wednesday,171,LEFT OFF CARRIAGEWAY INTO OBJECT/PARKED VEHICLE,1,252907,1,0,1,0,0,1,1,5,Not at intersection,2,80,Local Road
T20120009079,2012-04-18,07:40:00,1,Collision with vehicle,4,Wednesday,140,U TURN,1,251352,2,0,0,1,1,2,1,5,Not at intersection,3,50,Local Road
T20120009083,2012-04-18,09:05:00,1,Collision with vehicle,4,Wednesday,147,VEHICLE STRIKES ANOTHER VEH WHILE EMERGING FROM DRIVEWAY,1,246926,2,0,0,1,2,3,1,2,T intersection,3,60,Arterial Other
T20120009204,2012-04-18,07:30:00,1,Collision with vehicle,3,Wednesday,160,VEHICLE COLLIDES WITH VEHICLE PARKED ON LEFT OF ROAD,1,355333,2,0,1,0,0,1,2,5,Not at intersection,2,60,Local Road
T20120009220,2012-04-18,21:20:00,4,Collision with a fixed object,4,Wednesday,173,RIGHT OFF CARRIAGEWAY INTO OBJECT/PARKED VEHICLE,5,251806,1,0,1,1,0,2,1,5,Not at intersection,2,50,Local Road
T20120009174,2012-04-18,18:50:00,4,Collision with a fixed object,4,Wednesday,171,LEFT OFF CARRIAGEWAY INTO OBJECT/PARKED VEHICLE,3,257384,1,0,1,0,0,1,1,5,Not at intersection,2,80,Freeway
T20130008726,2012-04-18,16:45:00,1,Collision with vehicle,4,Wednesday,130,REAR END(VEHICLES IN SAME LANE),9,41096,3,0,0,1,2,3,9,2,T intersection,3,60,Arterial Other
T20120009173,2012-04-18,23:00:00,4,Collision with a fixed object,4,Wednesday,181,OFF RIGHT BEND INTO OBJECT/PARKED VEHICLE,3,253795,1,0,1,0,0,1,1,5,Not at intersection,2,50,Local Road
T20120009169,2012-04-18,22:36:00,4,Collision with a fixed object,4,Wednesday,181,OFF RIGHT BEND INTO OBJECT/PARKED VEHICLE,5,251422,1,0,0,1,1,2,1,5,Not at intersection,3,60,Local Road
T20120009188,2012-04-18,17:10:00,1,Collision with vehicle,4,Wednesday,150,HEAD ON(OVERTAKING),1,251429,2,0,1,2,0,3,1,2,T intersection,2,80,Local Road
T20120009152,2012-04-18,15:30:00,2,Struck Pedestrian,4,Wednesday,100,PED NEAR SIDE. PED HIT BY VEHICLE FROM THE RIGHT.,1,251415,1,0,0,1,1,2,1,5,Not at intersection,3,60,Arterial Other
T20120010759,2012-04-18,09:20:00,1,Collision with vehicle,4,Wednesday,130,REAR END(VEHICLES IN SAME LANE),1,251830,2,0,0,1,1,2,2,5,Not at intersection,3,50,Local Road
T20120009166,2012-04-18,23:48:00,6,Vehicle overturned (no collision),4,Wednesday,174,OUT OF CONTROL ON CARRIAGEWAY (ON STRAIGHT),5,251421,1,0,0,1,0,1,1,5,Not at intersection,3,60,Arterial Other
T20120009165,2012-04-18,23:20:00,4,Collision with a fixed object,4,Wednesday,181,OFF RIGHT BEND INTO OBJECT/PARKED VEHICLE,3,254032,1,0,1,0,0,1,1,5,Not at intersection,2,70,Arterial Other
T20120009076,2012-04-18,08:45:00,2,Struck Pedestrian,4,Wednesday,102,FAR SIDE. PED HIT BY VEHICLE FROM THE LEFT,1,251351,1,0,0,1,1,2,1,2,T intersection,3,50,Local Road
T20120009161,2012-04-18,18:50:00,1,Collision with vehicle,4,Wednesday,121,RIGHT THROUGH,2,29869,2,0,1,1,1,3,1,2,T intersection,2,70,Arterial Other
T20120009160,2012-04-18,18:30:00,1,Collision with vehicle,4,Wednesday,147,VEHICLE STRIKES ANOTHER VEH WHILE EMERGING FROM DRIVEWAY,3,251420,2,0,0,1,3,4,1,5,Not at intersection,3,50,Local Road
T20120009159,2012-04-18,16:00:00,1,Collision with vehicle,4,Wednesday,137,LEFT TURN SIDESWIPE,1,42022,2,0,0,1,1,2,1,2,T intersection,3,50,Arterial Other
T20120009157,2012-04-18,18:50:00,1,Collision with vehicle,4,Wednesday,121,RIGHT THROUGH,3,37735,2,0,0,1,1,2,1,2,T intersection,3,50,Arterial Other
T20120009118,2012-04-18,10:45:00,6,Vehicle overturned (no collision),4,Wednesday,184,OUT OF CONTROL ON CARRIAGEWAY (ON BEND),1,251410,1,0,1,0,0,1,1,5,Not at intersection,2,100,Arterial Other
T20120010900,2012-04-18,15:42:00,1,Collision with vehicle,4,Wednesday,130,REAR END(VEHICLES IN SAME LANE),1,40350,2,0,0,2,0,2,2,2,T intersection,3,60,Arterial Other
T20120009156,2012-04-18,16:08:00,2,Struck Pedestrian,4,Wednesday,100,PED NEAR SIDE. PED HIT BY VEHICLE FROM THE RIGHT.,2,44393,1,0,1,0,1,2,1,1,Cross intersection,2,60,Arterial Other
T20120009075,2012-04-18,06:52:00,1,Collision with vehicle,4,Wednesday,110,CROSS TRAFFIC(INTERSECTIONS ONLY),1,36261,2,0,0,1,1,2,1,1,Cross intersection,3,50,Arterial Other
T20120009178,2012-04-18,21:55:00,4,Collision with a fixed object,4,Wednesday,173,RIGHT OFF CARRIAGEWAY INTO OBJECT/PARKED VEHICLE,3,19517,1,0,1,0,0,1,1,2,T intersection,2,50,Arterial Other
T20120009476,2012-04-18,04:50:00,4,Collision with a fixed object,4,Wednesday,171,LEFT OFF CARRIAGEWAY INTO OBJECT/PARKED VEHICLE,6,52383,1,0,0,1,0,1,2,2,T intersection,3,80,Local Road
T20120009074,2012-04-18,07:50:00,1,Collision with vehicle,4,Wednesday,132,RIGHT REAR.,1,43617,3,0,1,2,1,4,1,2,T intersection,2,80,Local Road
T20120015666,2012-04-18,20:30:00,1,Collision with vehicle,4,Wednesday,136,RIGHT TURN SIDESWIPE,9,262479,2,0,0,1,1,2,2,5,Not at intersection,3,80,Arterial Other
T20120009102,2012-04-18,11:30:00,1,Collision with vehicle,4,Wednesday,130,REAR END(VEHICLES IN SAME LANE),1,36519,2,0,0,1,1,2,1,1,Cross intersection,3,80,Arterial Other
T20120009103,2012-04-18,12:10:00,1,Collision with vehicle,4,Wednesday,120,HEAD ON (NOT OVERTAKING),1,251404,2,0,1,0,1,2,1,5,Not at intersection,2,40,Local Road
T20120013177,2012-04-18,16:25:00,1,Collision with vehicle,4,Wednesday,110,CROSS TRAFFIC(INTERSECTIONS ONLY),1,72883,2,0,0,2,0,2,2,1,Cross intersection,3,60,Local Road
T20120009091,2012-04-18,10:20:00,1,Collision with vehicle,4,Wednesday,130,REAR END(VEHICLES IN SAME LANE),1,251805,3,0,0,1,2,3,1,5,Not at intersection,3,80,Arterial Highway
T20120009119,2012-04-18,06:20:00,1,Collision with vehicle,4,Wednesday,137,LEFT TURN SIDESWIPE,2,35536,2,0,0,1,1,2,1,1,Cross intersection,3,60,Arterial Other
T20120009080,2012-04-18,09:10:00,1,Collision with vehicle,4,Wednesday,136,RIGHT TURN SIDESWIPE,1,36882,2,0,1,0,2,3,1,1,Cross intersection,2,50,Local Road
T20120009092,2012-04-18,10:05:00,1,Collision with vehicle,4,Wednesday,121,RIGHT THROUGH,1,29855,2,0,1,0,2,3,1,4,Multiple intersection,2,80,Arterial Highway
T20120009302,2012-04-19,17:30:00,1,Collision with vehicle,4,Thursday,133,LANE SIDE SWIPE (VEHICLES IN PARALLEL LANES),2,251704,2,0,0,1,1,2,2,5,Not at intersection,3,60,Arterial Other
T20120009269,2012-04-19,05:45:00,5,collision with some other object,5,Thursday,166,STRUCK OBJECT ON CARRIAGEWAY,2,197884,1,0,1,0,0,1,1,5,Not at intersection,2,60,Arterial Other
T20120009176,2012-04-19,06:20:00,1,Collision with vehicle,5,Thursday,140,U TURN,2,251424,2,0,0,2,2,4,1,5,Not at intersection,3,50,Local Road
T20120009191,2012-04-19,06:55:00,1,Collision with vehicle,5,Thursday,132,RIGHT REAR.,2,250235,2,0,1,1,0,2,1,2,T intersection,2,80,Arterial Highway
T20120009189,2012-04-19,08:00:00,2,Struck Pedestrian,5,Thursday,100,PED NEAR SIDE. PED HIT BY VEHICLE FROM THE RIGHT.,1,44923,1,0,0,1,1,2,1,2,T intersection,3,60,Arterial Other
T20120011642,2012-04-19,12:15:00,4,Collision with a fixed object,5,Thursday,173,RIGHT OFF CARRIAGEWAY INTO OBJECT/PARKED VEHICLE,1,251962,1,0,0,1,0,1,2,5,Not at intersection,3,110,Arterial Other
T20120010095,2012-04-19,16:30:00,1,Collision with vehicle,5,Thursday,147,VEHICLE STRIKES ANOTHER VEH WHILE EMERGING FROM DRIVEWAY,1,251534,2,0,0,1,1,2,2,5,Not at intersection,3,50,Arterial Highway
T20120009190,2012-04-19,09:15:00,1,Collision with vehicle,5,Thursday,121,RIGHT THROUGH,1,57308,2,0,0,1,2,3,1,2,T intersection,3,60,Local Road
T20120009440,2012-04-19,15:41:00,6,Vehicle overturned (no collision),5,Thursday,180,OFF CARRIAGEWAY ON RIGHT BEND,1,251453,1,0,1,0,0,1,1,5,Not at intersection,2,100,Arterial Highway
T20120011550,2012-04-19,19:00:00,1,Collision with vehicle,5,Thursday,140,U TURN,3,251928,2,0,0,1,1,2,2,5,Not at intersection,3,40,Arterial Other
T20120009318,2012-04-19,13:40:00,6,Vehicle overturned (no collision),5,Thursday,179,OTHER ACCIDENTS-OFF STRAIGHT NOT INCLUDED IN DCAs 170-175,1,82,1,0,0,1,0,1,1,2,T intersection,3,80,Arterial Highway
T20120009814,2012-04-19,12:45:00,1,Collision with vehicle,5,Thursday,130,REAR END(VEHICLES IN SAME LANE),1,35558,2,0,0,1,2,3,2,1,Cross intersection,3,40,Arterial Highway
T20120009246,2012-04-19,17:22:00,1,Collision with vehicle,5,Thursday,110,CROSS TRAFFIC(INTERSECTIONS ONLY),1,41701,2,0,0,1,1,2,1,1,Cross intersection,3,50,Local Road
T20120009203,2012-04-19,11:10:00,4,Collision with a fixed object,5,Thursday,173,RIGHT OFF CARRIAGEWAY INTO OBJECT/PARKED VEHICLE,1,251433,1,0,1,1,1,3,1,5,Not at intersection,2,50,Local Road
T20120012497,2012-04-19,18:00:00,4,Collision with a fixed object,5,Thursday,194,PARKED CAR RUN AWAY,2,252232,1,0,1,0,0,1,2,2,T intersection,2,50,Local Road
T20120009201,2012-04-19,11:05:00,1,Collision with vehicle,5,Thursday,121,RIGHT THROUGH,1,513,2,0,0,1,1,2,1,1,Cross intersection,3,60,Local Road
T20120024523,2012-04-19,17:45:00,1,Collision with vehicle,5,Thursday,130,REAR END(VEHICLES IN SAME LANE),3,37748,2,0,0,1,2,3,2,1,Cross intersection,3,60,Arterial Other
T20120009206,2012-04-19,09:29:00,2,Struck Pedestrian,5,Thursday,102,FAR SIDE. PED HIT BY VEHICLE FROM THE LEFT,1,54535,1,1,0,0,1,2,1,1,Cross intersection,1,60,Local Road
T20120009207,2012-04-19,07:35:00,1,Collision with vehicle,5,Thursday,120,HEAD ON (NOT OVERTAKING),1,253624,2,0,1,0,1,2,1,5,Not at intersection,2,60,Local Road
T20120009239,2012-04-19,16:10:00,1,Collision with vehicle,5,Thursday,147,VEHICLE STRIKES ANOTHER VEH WHILE EMERGING FROM DRIVEWAY,1,251450,2,0,1,2,0,3,1,5,Not at intersection,2,80,
T20120009235,2012-04-19,14:55:00,6,Vehicle overturned (no collision),5,Thursday,172,OFF CARRIAGEWAY TO RIGHT,1,252972,1,0,1,2,0,3,1,5,Not at intersection,2,110,Freeway
T20120009262,2012-04-19,21:00:00,1,Collision with vehicle,5,Thursday,121,RIGHT THROUGH,3,207,2,0,0,1,1,2,1,1,Cross intersection,3,60,Arterial Other
T20120009212,2012-04-19,11:58:00,1,Collision with vehicle,5,Thursday,130,REAR END(VEHICLES IN SAME LANE),1,251438,5,0,0,1,4,5,1,5,Not at intersection,3,60,Arterial Highway
T20120009213,2012-04-19,13:20:00,1,Collision with vehicle,5,Thursday,132,RIGHT REAR.,1,103566,2,0,0,2,0,2,1,5,Not at intersection,3,60,Arterial Highway
T20120009205,2012-04-19,08:40:00,4,Collision with a fixed object,5,Thursday,171,LEFT OFF CARRIAGEWAY INTO OBJECT/PARKED VEHICLE,1,251434,2,0,0,1,1,2,1,5,Not at intersection,3,50,Local Road
T20120009230,2012-04-19,12:21:00,1,Collision with vehicle,5,Thursday,121,RIGHT THROUGH,1,83,2,0,2,1,0,3,1,1,Cross intersection,2,50,Arterial Other
T20120009180,2012-04-19,07:40:00,1,Collision with vehicle,5,Thursday,121,RIGHT THROUGH,1,251425,2,0,0,1,1,2,2,5,Not at intersection,3,40,Arterial Other
T20120009181,2012-04-19,07:45:00,1,Collision with vehicle,5,Thursday,110,CROSS TRAFFIC(INTERSECTIONS ONLY),1,206,2,0,0,1,5,6,1,1,Cross intersection,3,50,Arterial Other
T20120009229,2012-04-19,12:50:00,5,collision with some other object,5,Thursday,191,LOAD OR MISSILE STRUCK VEHICLE,1,251449,4,0,0,1,3,4,1,5,Not at intersection,3,80,Freeway