ACCIDENT_NO,ACCIDENT_DATE,ACCIDENT_TIME,ACCIDENT_TYPE,ACCIDENT_TYPE_DESC,DAY_OF_WEEK,DAY_WEEK_DESC,DCA_CODE,DCA_DESC,LIGHT_CONDITION,NODE_ID,NO_OF_VEHICLES,NO_PERSONS_KILLED,NO_PERSONS_INJ_2,NO_PERSONS_INJ_3,NO_PERSONS_NOT_INJ,NO_PERSONS,POLICE_ATTEND,ROAD_GEOMETRY,ROAD_GEOMETRY_DESC,SEVERITY,SPEED_ZONE,RMA
T20120009228,2012-04-19,06:17:00,1,Collision with vehicle,5,Thursday,130,REAR END(VEHICLES IN SAME LANE),3,251448,3,0,1,0,2,3,1,5,Not at intersection,2,80,Freeway
T20120014791,2012-04-19,11:50:00,1,Collision with vehicle,5,Thursday,130,REAR END(VEHICLES IN SAME LANE),1,253205,2,0,0,1,1,2,2,5,Not at intersection,3,100,Freeway
T20120009223,2012-04-19,12:35:00,1,Collision with vehicle,5,Thursday,120,HEAD ON (NOT OVERTAKING),1,251446,2,0,3,0,0,3,1,5,Not at intersection,2,60,Local Road
T20120009217,2012-04-19,12:50:00,1,Collision with vehicle,5,Thursday,121,RIGHT THROUGH,1,251443,2,0,0,1,1,2,1,2,T intersection,3,60,Local Road
T20120009219,2012-04-19,09:55:00,1,Collision with vehicle,5,Thursday,163,VEHICLE STRIKES DOOR OF PARKED/STATIONARY VEHICLE,1,251445,2,0,0,1,1,2,1,5,Not at intersection,3,60,Arterial Other
T20120009214,2012-04-19,11:23:00,2,Struck Pedestrian,5,Thursday,100,PED NEAR SIDE. PED HIT BY VEHICLE FROM THE RIGHT.,1,45527,1,0,1,0,1,2,1,1,Cross intersection,2,50,Arterial Other
T20120009258,2012-04-19,19:50:00,1,Collision with vehicle,5,Thursday,121,RIGHT THROUGH,3,35841,2,0,0,1,5,6,1,1,Cross intersection,3,70,Arterial Highway
T20120009254,2012-04-19,19:00:00,8,No collision and no object struck,5,Thursday,151,OUT OF CONTROL (OVERTAKING),5,253148,2,0,0,2,1,3,1,5,Not at intersection,3,100,Arterial Highway
T20120009253,2012-04-19,19:21:00,1,Collision with vehicle,5,Thursday,154,PULLING OUT -REAR END,3,251205,2,0,0,1,1,2,2,5,Not at intersection,3,40,Local Road
T20120009252,2012-04-19,17:40:00,4,Collision with a fixed object,5,Thursday,181,OFF RIGHT BEND INTO OBJECT/PARKED VEHICLE,1,251203,1,0,0,1,2,3,1,2,T intersection,3,50,Local Road
T20120009248,2012-04-19,17:15:00,8,No collision and no object struck,5,Thursday,180,OFF CARRIAGEWAY ON RIGHT BEND,1,36450,1,0,0,1,0,1,1,2,T intersection,3,60,Arterial Other
T20120009209,2012-04-19,11:19:00,4,Collision with a fixed object,5,Thursday,173,RIGHT OFF CARRIAGEWAY INTO OBJECT/PARKED VEHICLE,1,56445,1,0,0,1,0,1,1,1,Cross intersection,3,50,
T20120009268,2012-04-19,21:54:00,1,Collision with vehicle,5,Thursday,130,REAR END(VEHICLES IN SAME LANE),3,251211,4,0,0,3,4,7,1,5,Not at intersection,3,70,Arterial Other
T20120009243,2012-04-19,16:00:00,1,Collision with vehicle,5,Thursday,132,RIGHT REAR.,1,39755,2,0,0,1,1,2,1,2,T intersection,3,50,Arterial Other
T20120010777,2012-04-19,08:15:00,1,Collision with vehicle,5,Thursday,121,RIGHT THROUGH,1,569,2,0,0,3,0,3,1,1,Cross intersection,3,60,Local Road
T20120012024,2012-04-19,15:45:00,1,Collision with vehicle,5,Thursday,130,REAR END(VEHICLES IN SAME LANE),1,252522,2,0,0,1,1,2,2,5,Not at intersection,3,60,Freeway
T20120009242,2012-04-19,16:35:00,4,Collision with a fixed object,5,Thursday,181,OFF RIGHT BEND INTO OBJECT/PARKED VEHICLE,1,251451,1,0,1,0,0,1,1,2,T intersection,2,50,Local Road
T20120009241,2012-04-19,15:35:00,1,Collision with vehicle,5,Thursday,160,VEHICLE COLLIDES WITH VEHICLE PARKED ON LEFT OF ROAD,1,251989,2,0,0,1,0,1,1,2,T intersection,3,60,Arterial Other
T20120009282,2012-04-20,07:27:00,1,Collision with vehicle,6,Friday,132,RIGHT REAR.,1,42333,3,0,0,1,3,4,1,2,T intersection,3,60,Arterial Highway
T20120009577,2012-04-20,15:30:00,1,Collision with vehicle,6,Friday,121,RIGHT THROUGH,1,29554,2,0,0,2,1,3,2,1,Cross intersection,3,60,Arterial Other
T20120009574,2012-04-20,15:00:00,1,Collision with vehicle,6,Friday,113,RIGHT NEAR (INTERSECTIONS ONLY),1,251419,2,0,0,1,1,2,1,2,T intersection,3,60,Arterial Highway
T20120009734,2012-04-20,19:15:00,2,Struck Pedestrian,6,Friday,102,FAR SIDE. PED HIT BY VEHICLE FROM THE LEFT,3,251573,1,0,0,2,1,3,2,5,Not at intersection,3,60,Arterial Other
T20120013610,2012-04-20,09:50:00,1,Collision with vehicle,5,Friday,130,REAR END(VEHICLES IN SAME LANE),1,355378,2,0,1,1,1,3,1,5,Not at intersection,2,80,Arterial Other
T20130003590,2012-04-20,08:30:00,8,No collision and no object struck,6,Friday,174,OUT OF CONTROL ON CARRIAGEWAY (ON STRAIGHT),1,36569,1,0,0,1,0,1,2,2,T intersection,3,999,Local Road
T20120009301,2012-04-20,07:45:00,4,Collision with a fixed object,6,Friday,171,LEFT OFF CARRIAGEWAY INTO OBJECT/PARKED VEHICLE,1,253317,1,0,1,0,0,1,1,5,Not at intersection,2,60,Arterial Other
T20120009692,2012-04-20,23:41:00,1,Collision with vehicle,6,Friday,130,REAR END(VEHICLES IN SAME LANE),3,251996,2,0,0,1,1,2,1,5,Not at intersection,3,40,Freeway
T20120009297,2012-04-20,12:40:00,1,Collision with vehicle,6,Friday,130,REAR END(VEHICLES IN SAME LANE),1,251261,3,0,0,1,2,3,2,5,Not at intersection,3,80,Freeway
T20120009291,2012-04-20,10:05:00,1,Collision with vehicle,6,Friday,130,REAR END(VEHICLES IN SAME LANE),1,251242,3,0,1,0,2,3,1,5,Not at intersection,2,60,Arterial Other
T20120009278,2012-04-20,07:50:00,1,Collision with vehicle,6,Friday,147,VEHICLE STRIKES ANOTHER VEH WHILE EMERGING FROM DRIVEWAY,1,251221,2,0,0,1,1,2,1,5,Not at intersection,3,50,Local Road
T20120009277,2012-04-20,06:30:00,1,Collision with vehicle,6,Friday,116,LEFT NEAR (INTERSECTIONS ONLY),3,42068,2,0,1,0,1,2,1,2,T intersection,2,50,Arterial Other
T20120009276,2012-04-20,07:40:00,1,Collision with vehicle,6,Friday,110,CROSS TRAFFIC(INTERSECTIONS ONLY),1,44344,2,0,0,2,0,2,1,1,Cross intersection,3,60,Arterial Other
T20120009274,2012-04-20,02:28:00,4,Collision with a fixed object,6,Friday,173,RIGHT OFF CARRIAGEWAY INTO OBJECT/PARKED VEHICLE,3,251217,1,0,1,0,0,1,1,5,Not at intersection,2,80,Arterial Highway
T20120009272,2012-04-20,00:30:00,6,Vehicle overturned (no collision),6,Friday,172,OFF CARRIAGEWAY TO RIGHT,5,251215,1,0,1,0,0,1,1,5,Not at intersection,2,100,Arterial Highway
T20120009315,2012-04-20,13:13:00,1,Collision with vehicle,6,Friday,130,REAR END(VEHICLES IN SAME LANE),1,252372,4,0,1,0,3,4,1,5,Not at intersection,2,60,Arterial Highway
T20120009289,2012-04-20,09:55:00,1,Collision with vehicle,6,Friday,121,RIGHT THROUGH,1,49284,2,0,0,1,2,3,1,1,Cross intersection,3,60,Arterial Other
T20120009288,2012-04-20,09:00:00,1,Collision with vehicle,5,Friday,133,LANE SIDE SWIPE (VEHICLES IN PARALLEL LANES),1,251240,2,0,0,1,1,2,2,5,Not at intersection,3,60,Arterial Other
T20120009286,2012-04-20,08:10:00,1,Collision with vehicle,6,Friday,113,RIGHT NEAR (INTERSECTIONS ONLY),1,251238,2,0,0,3,9,12,1,2,T intersection,3,60,Local Road
T20120009284,2012-04-20,08:35:00,1,Collision with vehicle,6,Friday,113,RIGHT NEAR (INTERSECTIONS ONLY),1,40441,2,0,1,2,3,6,1,3,Y intersection,2,60,Arterial Other
T20120009317,2012-04-20,12:45:00,4,Collision with a fixed object,6,Friday,181,OFF RIGHT BEND INTO OBJECT/PARKED VEHICLE,1,251282,1,0,0,1,0,1,1,5,Not at intersection,3,60,Arterial Other
T20120009619,2012-04-20,14:30:00,8,No collision and no object struck,6,Friday,174,OUT OF CONTROL ON CARRIAGEWAY (ON STRAIGHT),1,253733,1,0,1,0,0,1,1,5,Not at intersection,2,100,
T20120009319,2012-04-20,10:18:00,1,Collision with vehicle,6,Friday,110,CROSS TRAFFIC(INTERSECTIONS ONLY),1,49392,2,1,0,3,0,4,1,1,Cross intersection,1,60,Arterial Other
T20120009320,2012-04-20,13:40:00,1,Collision with vehicle,6,Friday,147,VEHICLE STRIKES ANOTHER VEH WHILE EMERGING FROM DRIVEWAY,1,251285,2,0,0,1,1,2,1,5,Not at intersection,3,70,Arterial Other
T20120009321,2012-04-20,13:20:00,4,Collision with a fixed object,6,Friday,173,RIGHT OFF CARRIAGEWAY INTO OBJECT/PARKED VEHICLE,1,251290,1,0,0,3,0,3,1,5,Not at intersection,3,70,Local Road
T20120009326,2012-04-20,15:05:00,1,Collision with vehicle,6,Friday,131,LEFT REAR,1,53353,2,0,0,1,1,2,1,2,T intersection,3,60,Arterial Other
T20120009331,2012-04-20,15:45:00,1,Collision with vehicle,6,Friday,132,RIGHT REAR.,1,251301,2,0,0,2,0,2,1,5,Not at intersection,3,70,
T20120009337,2012-04-20,16:10:00,6,Vehicle overturned (no collision),6,Friday,182,OFF CARRIAGEWAY ON LEFT BEND,1,251304,1,0,0,1,0,1,1,5,Not at intersection,3,100,
T20120009338,2012-04-20,15:00:00,1,Collision with vehicle,6,Friday,121,RIGHT THROUGH,1,42256,2,0,0,2,0,2,1,2,T intersection,3,60,Arterial Other
T20120009339,2012-04-20,12:45:00,6,Vehicle overturned (no collision),6,Friday,174,OUT OF CONTROL ON CARRIAGEWAY (ON STRAIGHT),1,251308,1,0,0,1,0,1,2,5,Not at intersection,3,50,Local Road
T20120009345,2012-04-20,16:07:00,2,Struck Pedestrian,6,Friday,100,PED NEAR SIDE. PED HIT BY VEHICLE FROM THE RIGHT.,1,37505,1,0,0,1,1,2,1,1,Cross intersection,3,50,Local Road
T20120009346,2012-04-20,06:45:00,4,Collision with a fixed object,6,Friday,183,OFF LEFT BEND INTO OBJECT/PARKED VEHICLE,2,251315,1,0,0,1,0,1,1,5,Not at intersection,3,100,Arterial Highway
T20120009314,2012-04-20,13:00:00,4,Collision with a fixed object,6,Friday,171,LEFT OFF CARRIAGEWAY INTO OBJECT/PARKED VEHICLE,1,45906,1,0,1,0,0,1,1,2,T intersection,2,60,Arterial Other
T20120009357,2012-04-20,15:00:00,1,Collision with vehicle,6,Friday,148,VEHICLE OFF FOOTPATH STRIKES VEH ON CARRIAGEWAY,1,251316,2,0,0,1,1,2,2,5,Not at intersection,3,50,Local Road
T20120009358,2012-04-20,20:35:00,7,Fall from or in moving vehicle,6,Friday,190,FELL IN/FROM VEHICLE,5,252322,1,0,0,1,2,3,1,5,Not at intersection,3,50,Local Road
T20120009365,2012-04-20,22:10:00,4,Collision with a fixed object,6,Friday,181,OFF RIGHT BEND INTO OBJECT/PARKED VEHICLE,3,-10,1,0,1,0,1,2,1,5,Not at intersection,2,80,
T20120009366,2012-04-20,22:15:00,4,Collision with a fixed object,6,Friday,183,OFF LEFT BEND INTO OBJECT/PARKED VEHICLE,5,251318,1,0,1,0,0,1,1,5,Not at intersection,2,100,Local Road
T20120010151,2012-04-20,10:30:00,1,Collision with vehicle,6,Friday,120,HEAD ON (NOT OVERTAKING),1,251566,2,0,0,1,2,3,2,5,Not at intersection,3,100,Local Road
T20120009637,2012-04-20,15:45:00,1,Collision with vehicle,6,Friday,131,LEFT REAR,1,62697,2,0,0,1,1,2,2,2,T intersection,3,50,Arterial Other
T20120009380,2012-04-20,11:20:00,1,Collision with vehicle,6,Friday,121,RIGHT THROUGH,1,251322,2,0,0,1,1,2,1,1,Cross intersection,3,50,Local Road
T20120009313,2012-04-20,13:30:00,2,Struck Pedestrian,6,Friday,109,ANY MANOEUVRE INVOLVING PED NOT INCLUDED IN DCAs 100-108.,1,38884,1,0,0,1,1,2,1,2,T intersection,3,60,Arterial Other
T20120009593,2012-04-20,10:05:00,7,Fall from or in moving vehicle,6,Friday,174,OUT OF CONTROL ON CARRIAGEWAY (ON STRAIGHT),1,251432,1,0,0,1,0,1,2,5,Not at intersection,3,50,Local Road
T20120013030,2012-04-20,05:36:00,1,Collision with vehicle,6,Friday,120,HEAD ON (NOT OVERTAKING),1,252486,2,0,1,0,1,2,1,5,Not at intersection,2,100,Local Road
T20120009386,2012-04-20,07:00:00,3,Struck animal,6,Friday,167,STRUCK ANIMAL,1,251325,1,0,0,1,1,2,2,2,T intersection,3,999,Local Road
T20120009310,2012-04-20,11:35:00,1,Collision with vehicle,6,Friday,162,ACCIDENT OR BROKEN DOWN,1,251277,3,0,1,1,2,4,1,5,Not at intersection,2,100,Freeway
T20120009327,2012-04-20,12:10:00,1,Collision with vehicle,6,Friday,120,HEAD ON (NOT OVERTAKING),1,251705,3,0,0,2,1,3,1,5,Not at intersection,3,50,Local Road
T20120009606,2012-04-20,06:20:00,1,Collision with vehicle,6,Friday,130,REAR END(VEHICLES IN SAME LANE),3,251444,3,0,0,1,2,3,2,5,Not at intersection,3,80,Arterial Other
T20120009605,2012-04-20,17:00:00,1,Collision with vehicle,6,Friday,130,REAR END(VEHICLES IN SAME LANE),1,251441,2,0,0,1,1,2,2,1,Cross intersection,3,999,Local Road
T20120009309,2012-04-20,11:04:00,1,Collision with vehicle,6,Friday,130,REAR END(VEHICLES IN SAME LANE),1,251275,3,0,1,1,1,3,1,5,Not at intersection,2,80,Arterial Highway
T20120009307,2012-04-20,10:52:00,1,Collision with vehicle,6,Friday,130,REAR END(VEHICLES IN SAME LANE),1,251273,2,0,0,1,2,3,1,2,T intersection,3,80,Arterial Highway
T20120009402,2012-04-20,16:05:00,1,Collision with vehicle,6,Friday,130,REAR END(VEHICLES IN SAME LANE),1,252187,2,0,0,2,1,3,2,5,Not at intersection,3,50,Local Road
T20120009592,2012-04-20,16:45:00,1,Collision with vehicle,6,Friday,131,LEFT REAR,1,1303,2,0,0,1,1,2,2,1,Cross intersection,3,100,Arterial Other
T20120009746,2012-04-20,18:10:00,1,Collision with vehicle,6,Friday,130,REAR END(VEHICLES IN SAME LANE),2,40882,2,0,0,1,1,2,2,1,Cross intersection,3,80,Arterial Other
T20120009589,2012-04-20,16:00:00,1,Collision with vehicle,6,Friday,130,REAR END(VEHICLES IN SAME LANE),2,57648,4,0,0,2,7,9,1,2,T intersection,3,80,Arterial Other
T20120009669,2012-04-21,13:45:00,5,collision with some other object,7,Saturday,166,STRUCK OBJECT ON CARRIAGEWAY,1,251514,1,0,1,0,0,1,1,5,Not at intersection,2,999,Local Road
T20120009372,2012-04-21,02:30:00,1,Collision with vehicle,7,Saturday,130,REAR END(VEHICLES IN SAME LANE),3,252480,2,0,1,2,0,3,1,5,Not at intersection,2,80,Freeway
T20120009374,2012-04-21,03:30:00,1,Collision with vehicle,7,Saturday,121,RIGHT THROUGH,3,36335,2,0,1,0,1,2,2,1,Cross intersection,2,50,Arterial Other
T20120009376,2012-04-21,03:33:00,1,Collision with vehicle,7,Saturday,120,HEAD ON (NOT OVERTAKING),3,251808,5,0,1,1,6,8,1,5,Not at intersection,2,40,Local Road
T20120009379,2012-04-21,00:10:00,1,Collision with vehicle,7,Saturday,121,RIGHT THROUGH,3,36796,2,0,1,0,2,3,1,1,Cross intersection,2,60,Arterial Other
T20120009388,2012-04-21,08:58:00,4,Collision with a fixed object,7,Saturday,171,LEFT OFF CARRIAGEWAY INTO OBJECT/PARKED VEHICLE,1,251327,1,0,0,3,0,3,1,5,Not at intersection,3,100,Local Road
T20120009391,2012-04-21,08:15:00,1,Collision with vehicle,7,Saturday,159,OTHER OVERTAKING MANOEUVRES NOT INCLUDED IN DCAs 150-154,1,253151,2,0,1,0,1,2,1,5,Not at intersection,2,100,Arterial Other
T20120009396,2012-04-21,07:30:00,4,Collision with a fixed object,7,Saturday,173,RIGHT OFF CARRIAGEWAY INTO OBJECT/PARKED VEHICLE,1,251329,1,0,0,1,3,4,1,5,Not at intersection,3,110,Freeway
T20120009405,2012-04-21,09:37:00,1,Collision with vehicle,7,Saturday,110,CROSS TRAFFIC(INTERSECTIONS ONLY),1,50701,2,0,1,0,1,2,1,1,Cross intersection,2,50,Local Road
T20120009409,2012-04-21,13:40:00,1,Collision with vehicle,7,Saturday,110,CROSS TRAFFIC(INTERSECTIONS ONLY),1,41999,2,0,0,1,1,2,2,1,Cross intersection,3,60,Arterial Other
T20120009415,2012-04-21,12:25:00,1,Collision with vehicle,7,Saturday,149,OTHER MANOEUVRING NOT INCLUDED IN DCAs 140-148,1,251333,2,0,0,2,1,3,1,2,T intersection,3,50,Local Road
T20120009416,2012-04-21,14:10:00,1,Collision with vehicle,7,Saturday,130,REAR END(VEHICLES IN SAME LANE),1,251334,3,0,0,2,0,2,1,5,Not at intersection,3,60,Arterial Other
T20120009418,2012-04-21,09:15:00,1,Collision with vehicle,7,Saturday,110,CROSS TRAFFIC(INTERSECTIONS ONLY),1,38025,2,0,0,1,1,2,2,1,Cross intersection,3,50,Local Road
T20120009430,2012-04-21,13:45:00,1,Collision with vehicle,7,Saturday,121,RIGHT THROUGH,1,19668,2,0,0,3,2,5,1,2,T intersection,3,80,Arterial Highway
T20120009431,2012-04-21,15:55:00,1,Collision with vehicle,7,Saturday,130,REAR END(VEHICLES IN SAME LANE),1,29867,4,0,0,1,3,4,1,1,Cross intersection,3,60,Arterial Highway
T20120009432,2012-04-21,15:20:00,4,Collision with a fixed object,7,Saturday,183,OFF LEFT BEND INTO OBJECT/PARKED VEHICLE,1,254417,1,0,2,0,0,2,1,5,Not at intersection,2,80,Freeway
T20120009433,2012-04-21,17:50:00,1,Collision with vehicle,7,Saturday,121,RIGHT THROUGH,1,36285,2,0,1,2,0,3,1,2,T intersection,2,60,Arterial Other
T20120009439,2012-04-21,17:05:00,1,Collision with vehicle,7,Saturday,133,LANE SIDE SWIPE (VEHICLES IN PARALLEL LANES),1,251341,2,0,0,1,1,2,1,5,Not at intersection,3,50,Arterial Other
T20120009443,2012-04-21,15:25:00,1,Collision with vehicle,7,Saturday,147,VEHICLE STRIKES ANOTHER VEH WHILE EMERGING FROM DRIVEWAY,1,251354,2,0,0,1,1,2,1,5,Not at intersection,3,60,Arterial Other
T20120009448,2012-04-21,18:55:00,4,Collision with a fixed object,6,Saturday,181,OFF RIGHT BEND INTO OBJECT/PARKED VEHICLE,5,610315,1,0,1,0,0,1,1,5,Not at intersection,2,50,
T20120009452,2012-04-21,14:40:00,1,Collision with vehicle,7,Saturday,132,RIGHT REAR.,1,43020,2,0,0,5,1,6,1,2,T intersection,3,60,Arterial Other
T20120009628,2012-04-21,21:25:00,1,Collision with vehicle,7,Saturday,121,RIGHT THROUGH,3,243830,2,0,0,3,0,3,1,2,T intersection,3,60,Arterial Other
T20120009585,2012-04-21,14:00:00,8,No collision and no object struck,7,Saturday,174,OUT OF CONTROL ON CARRIAGEWAY (ON STRAIGHT),1,278507,1,0,1,0,0,1,2,5,Not at intersection,2,60,
T20120009453,2012-04-21,18:10:00,1,Collision with vehicle,7,Saturday,110,CROSS TRAFFIC(INTERSECTIONS ONLY),3,43895,2,0,1,1,1,3,1,1,Cross intersection,2,80,Arterial Highway
T20120009454,2012-04-21,19:31:00,1,Collision with vehicle,7,Saturday,121,RIGHT THROUGH,3,38890,2,0,1,0,1,2,2,1,Cross intersection,2,60,Arterial Other
T20120009455,2012-04-21,15:10:00,4,Collision with a fixed object,7,Saturday,171,LEFT OFF CARRIAGEWAY INTO OBJECT/PARKED VEHICLE,1,253249,1,0,0,2,1,3,1,5,Not at intersection,3,60,Arterial Highway
T20120009460,2012-04-21,16:18:00,2,Struck Pedestrian,7,Saturday,102,FAR SIDE. PED HIT BY VEHICLE FROM THE LEFT,1,90284,1,0,0,1,1,2,1,5,Not at intersection,3,60,Arterial Other
T20120009466,2012-04-21,19:15:00,8,No collision and no object struck,7,Saturday,174,OUT OF CONTROL ON CARRIAGEWAY (ON STRAIGHT),3,45308,2,0,0,1,1,2,1,2,T intersection,3,60,Arterial Other
T20120009470,2012-04-21,18:25:00,1,Collision with vehicle,7,Saturday,121,RIGHT THROUGH,3,66852,2,0,0,1,1,2,1,2,T intersection,3,40,Arterial Other
T20120009481,2012-04-21,10:05:00,1,Collision with vehicle,7,Saturday,137,LEFT TURN SIDESWIPE,1,56100,2,0,0,1,1,2,1,2,T intersection,3,60,Arterial Other
T20120009483,2012-04-21,10:30:00,1,Collision with vehicle,7,Saturday,121,RIGHT THROUGH,1,29675,2,0,0,1,1,2,1,2,T intersection,3,60,Arterial Other
T20120009485,2012-04-21,07:45:00,1,Collision with vehicle,7,Saturday,160,VEHICLE COLLIDES WITH VEHICLE PARKED ON LEFT OF ROAD,1,252323,2,0,1,0,0,1,1,5,Not at intersection,2,50,Local Road
T20120009490,2012-04-21,15:30:00,3,Struck animal,7,Saturday,167,STRUCK ANIMAL,1,251478,1,0,0,1,0,1,2,5,Not at intersection,3,100,Arterial Highway
T20120009494,2012-04-21,13:00:00,8,No collision and no object struck,7,Saturday,174,OUT OF CONTROL ON CARRIAGEWAY (ON STRAIGHT),1,251479,1,0,1,0,0,1,2,5,Not at intersection,2,999,Local Road
T20120009507,2012-04-21,17:00:00,4,Collision with a fixed object,7,Saturday,183,OFF LEFT BEND INTO OBJECT/PARKED VEHICLE,1,251482,1,0,0,1,0,1,2,5,Not at intersection,3,100,Local Road
T20120009512,2012-04-21,21:00:00,4,Collision with a fixed object,7,Saturday,183,OFF LEFT BEND INTO OBJECT/PARKED VEHICLE,5,251483,1,0,0,1,1,2,1,5,Not at intersection,3,100,Arterial Highway
T20120009561,2012-04-21,10:30:00,1,Collision with vehicle,7,Saturday,133,LANE SIDE SWIPE (VEHICLES IN PARALLEL LANES),1,251388,2,0,0,1,1,2,1,5,Not at intersection,3,100,
T20120015400,2012-04-21,00:08:00,1,Collision with vehicle,7,Saturday,121,RIGHT THROUGH,3,43282,2,0,1,0,2,3,1,1,Cross intersection,2,80,Arterial Other
T20120009752,2012-04-21,12:05:00,3,Struck animal,7,Saturday,167,STRUCK ANIMAL,1,251581,1,0,1,0,0,1,2,5,Not at intersection,2,100,Arterial Other
T20120009467,2012-04-21,23:00:00,8,No collision and no object struck,7,Saturday,179,OTHER ACCIDENTS-OFF STRAIGHT NOT INCLUDED IN DCAs 170-175,6,70081,2,0,0,2,1,3,1,1,Cross intersection,3,80,Arterial Other
T20120010027,2012-04-21,08:30:00,8,No collision and no object struck,7,Saturday,184,OUT OF CONTROL ON CARRIAGEWAY (ON BEND),1,251648,1,0,0,1,0,1,2,5,Not at intersection,3,50,Arterial Other
T20120011296,2012-04-21,11:30:00,4,Collision with a fixed object,7,Saturday,181,OFF RIGHT BEND INTO OBJECT/PARKED VEHICLE,1,252031,1,0,0,1,0,1,2,5,Not at intersection,3,999,Arterial Other
T20120009525,2012-04-22,18:15:00,1,Collision with vehicle,1,Sunday,142,LEAVING PARKING,3,251487,2,0,0,2,2,4,1,5,Not at intersection,3,50,Local Road
T20120009552,2012-04-22,14:00:00,1,Collision with vehicle,1,Sunday,120,HEAD ON (NOT OVERTAKING),1,251387,2,0,0,1,1,2,2,5,Not at intersection,3,80,
T20120009526,2012-04-22,17:45:00,6,Vehicle overturned (no collision),1,Sunday,170,OFF CARRIAGEWAY TO LEFT,3,35660,1,0,0,1,0,1,1,2,T intersection,3,70,Local Road
T20120009903,2012-04-22,13:00:00,8,No collision and no object struck,1,Sunday,199,UNKNOWN-NO DETAILS ON MANOEUVRES OF ROAD-USERS IN ACCIDENT,1,251511,1,0,0,1,0,1,2,5,Not at intersection,3,999,Arterial Other
T20120009773,2012-04-22,00:15:00,1,Collision with vehicle,1,Sunday,130,REAR END(VEHICLES IN SAME LANE),3,251591,3,0,0,2,2,4,1,5,Not at intersection,3,50,Arterial Other
T20120009546,2012-04-22,17:15:00,4,Collision with a fixed object,1,Sunday,181,OFF RIGHT BEND INTO OBJECT/PARKED VEHICLE,1,251386,1,0,0,1,0,1,1,5,Not at intersection,3,90,Arterial Other
T20120009576,2012-04-22,18:30:00,4,Collision with a fixed object,1,Sunday,183,OFF LEFT BEND INTO OBJECT/PARKED VEHICLE,2,251423,1,0,1,1,0,2,1,5,Not at intersection,2,60,Arterial Other
T20120009527,2012-04-22,17:05:00,1,Collision with vehicle,1,Sunday,113,RIGHT NEAR (INTERSECTIONS ONLY),1,251992,2,0,1,0,3,4,1,2,T intersection,2,50,Local Road
T20120009530,2012-04-22,18:00:00,1,Collision with vehicle,1,Sunday,130,REAR END(VEHICLES IN SAME LANE),2,37749,2,0,0,1,1,2,2,1,Cross intersection,3,60,Arterial Other
T20120009531,2012-04-22,17:50:00,4,Collision with a fixed object,1,Sunday,171,LEFT OFF CARRIAGEWAY INTO OBJECT/PARKED VEHICLE,3,41514,1,0,0,1,0,1,1,1,Cross intersection,3,50,Arterial Other
T20120009560,2012-04-22,17:45:00,1,Collision with vehicle,1,Sunday,120,HEAD ON (NOT OVERTAKING),2,251313,2,1,1,0,1,3,1,5,Not at intersection,1,100,Arterial Highway
T20120009768,2012-04-22,16:20:00,4,Collision with a fixed object,1,Sunday,173,RIGHT OFF CARRIAGEWAY INTO OBJECT/PARKED VEHICLE,1,251589,2,0,0,3,3,6,1,5,Not at intersection,3,80,Local Road
T20120010162,2012-04-22,16:00:00,1,Collision with vehicle,1,Sunday,121,RIGHT THROUGH,1,42238,2,0,0,2,0,2,2,1,Cross intersection,3,60,Arterial Other
T20120018826,2012-04-22,14:15:00,7,Fall from or in moving vehicle,1,Sunday,174,OUT OF CONTROL ON CARRIAGEWAY (ON STRAIGHT),1,254316,1,0,0,1,1,2,2,5,Not at intersection,3,888,Arterial Highway
T20120009693,2012-04-22,00:15:00,1,Collision with vehicle,1,Sunday,160,VEHICLE COLLIDES WITH VEHICLE PARKED ON LEFT OF ROAD,6,251519,2,0,1,0,0,1,1,5,Not at intersection,2,999,Local Road
T20120009498,2012-04-22,12:05:00,1,Collision with vehicle,1,Sunday,130,REAR END(VEHICLES IN SAME LANE),1,251991,5,0,0,1,4,5,1,5,Not at intersection,3,60,Arterial Other
T20120009502,2012-04-22,10:00:00,1,Collision with vehicle,1,Sunday,110,CROSS TRAFFIC(INTERSECTIONS ONLY),1,38098,2,0,0,2,0,2,1,1,Cross intersection,3,70,Arterial Highway
T20120009503,2012-04-22,14:24:00,1,Collision with vehicle,1,Sunday,113,RIGHT NEAR (INTERSECTIONS ONLY),1,37661,2,0,1,0,1,2,1,1,Cross intersection,2,60,Arterial Other