ACCIDENT_NO,ACCIDENT_DATE,ACCIDENT_TIME,ACCIDENT_TYPE,ACCIDENT_TYPE_DESC,DAY_OF_WEEK,DAY_WEEK_DESC,DCA_CODE,DCA_DESC,LIGHT_CONDITION,NODE_ID,NO_OF_VEHICLES,NO_PERSONS_KILLED,NO_PERSONS_INJ_2,NO_PERSONS_INJ_3,NO_PERSONS_NOT_INJ,NO_PERSONS,POLICE_ATTEND,ROAD_GEOMETRY,ROAD_GEOMETRY_DESC,SEVERITY,SPEED_ZONE,RMA
T20120010159,2012-04-30,13:16:00,1,Collision with vehicle,2,Monday,121,RIGHT THROUGH,1,29422,2,0,1,0,1,2,1,1,Cross intersection,2,50,Local Road
T20120013437,2012-04-30,06:30:00,1,Collision with vehicle,2,Monday,130,REAR END(VEHICLES IN SAME LANE),3,252728,2,0,0,1,1,2,2,5,Not at intersection,3,60,Arterial Other
T20120010204,2012-04-30,21:06:00,4,Collision with a fixed object,2,Monday,183,OFF LEFT BEND INTO OBJECT/PARKED VEHICLE,3,11447,2,1,0,0,2,3,1,4,Multiple intersection,1,100,Freeway
T20120010205,2012-04-30,23:20:00,1,Collision with vehicle,2,Monday,130,REAR END(VEHICLES IN SAME LANE),3,37305,2,0,0,1,1,2,1,2,T intersection,3,70,Arterial Other
T20120010307,2012-04-30,12:30:00,6,Vehicle overturned (no collision),2,Monday,184,OUT OF CONTROL ON CARRIAGEWAY (ON BEND),1,252330,1,0,0,1,0,1,2,5,Not at intersection,3,80,Arterial Other
T20120010208,2012-04-30,18:45:00,4,Collision with a fixed object,1,Monday,173,RIGHT OFF CARRIAGEWAY INTO OBJECT/PARKED VEHICLE,5,354525,1,0,1,0,0,1,1,2,T intersection,2,100,
T20120010214,2012-04-30,12:30:00,7,Fall from or in moving vehicle,2,Monday,184,OUT OF CONTROL ON CARRIAGEWAY (ON BEND),1,251659,1,0,0,1,0,1,2,5,Not at intersection,3,100,Local Road
T20120010166,2012-04-30,13:40:00,1,Collision with vehicle,2,Monday,113,RIGHT NEAR (INTERSECTIONS ONLY),1,1115,2,0,0,2,3,5,1,2,T intersection,3,60,Arterial Highway
T20120010168,2012-04-30,15:20:00,2,Struck Pedestrian,2,Monday,106,VEH STRIKES PED ON FOOTPATH/MEDIAN/TRAFFIC ISLAND.,1,29385,1,0,1,1,0,2,1,1,Cross intersection,2,60,Arterial Other
T20120010217,2012-04-30,11:30:00,1,Collision with vehicle,2,Monday,130,REAR END(VEHICLES IN SAME LANE),1,35298,3,0,0,1,2,3,1,1,Cross intersection,3,999,Arterial Other
T20120010171,2012-04-30,16:00:00,1,Collision with vehicle,2,Monday,121,RIGHT THROUGH,1,42452,3,0,1,0,3,4,1,2,T intersection,2,80,Arterial Highway
T20120010178,2012-04-30,14:40:00,1,Collision with vehicle,2,Monday,140,U TURN,1,251611,2,0,1,0,1,2,1,5,Not at intersection,2,40,Arterial Highway
T20120010146,2012-04-30,08:05:00,1,Collision with vehicle,2,Monday,113,RIGHT NEAR (INTERSECTIONS ONLY),1,29772,2,0,0,1,1,2,1,1,Cross intersection,3,50,Arterial Other
T20120010198,2012-04-30,17:40:00,4,Collision with a fixed object,2,Monday,183,OFF LEFT BEND INTO OBJECT/PARKED VEHICLE,1,251635,1,0,0,1,0,1,1,5,Not at intersection,3,50,Local Road
T20120010326,2012-04-30,19:42:00,1,Collision with vehicle,2,Monday,121,RIGHT THROUGH,3,38061,2,0,1,1,3,5,1,1,Cross intersection,2,60,Arterial Other
T20120010179,2012-04-30,18:27:00,1,Collision with vehicle,2,Monday,131,LEFT REAR,3,42591,2,0,0,1,4,5,2,1,Cross intersection,3,999,Arterial Other
T20120010199,2012-04-30,21:15:00,1,Collision with vehicle,2,Monday,110,CROSS TRAFFIC(INTERSECTIONS ONLY),3,1188,2,0,1,0,1,2,1,1,Cross intersection,2,60,Arterial Highway
T20120010148,2012-04-30,10:58:00,1,Collision with vehicle,2,Monday,130,REAR END(VEHICLES IN SAME LANE),1,1238,2,0,1,0,1,2,1,2,T intersection,2,60,Arterial Other
T20120010180,2012-04-30,16:50:00,1,Collision with vehicle,2,Monday,121,RIGHT THROUGH,2,47892,3,0,0,2,1,3,1,1,Cross intersection,3,60,Arterial Highway
T20120010230,2012-04-30,17:00:00,1,Collision with vehicle,2,Monday,120,HEAD ON (NOT OVERTAKING),1,252329,2,0,1,0,2,3,1,5,Not at intersection,2,60,Arterial Other
T20120010200,2012-04-30,04:58:00,4,Collision with a fixed object,2,Monday,175,OFF END OF ROAD/T-INTERSECTION.,3,71373,1,0,1,0,0,1,1,2,T intersection,2,100,Arterial Other
T20120010141,2012-04-30,09:00:00,1,Collision with vehicle,2,Monday,130,REAR END(VEHICLES IN SAME LANE),1,29604,2,0,0,1,1,2,1,2,T intersection,3,60,Arterial Highway
T20120010247,2012-04-30,17:20:00,1,Collision with vehicle,2,Monday,121,RIGHT THROUGH,1,49928,2,0,1,0,1,2,1,1,Cross intersection,2,60,Arterial Other
T20120010266,2012-04-30,17:30:00,1,Collision with vehicle,2,Monday,130,REAR END(VEHICLES IN SAME LANE),1,46898,2,0,0,3,1,4,2,2,T intersection,3,80,Arterial Other
T20120010181,2012-04-30,15:30:00,4,Collision with a fixed object,2,Monday,181,OFF RIGHT BEND INTO OBJECT/PARKED VEHICLE,1,251614,1,0,1,0,0,1,1,5,Not at intersection,2,50,Local Road
T20120012786,2012-04-30,06:30:00,3,Struck animal,2,Monday,167,STRUCK ANIMAL,5,262466,1,0,0,1,0,1,2,5,Not at intersection,3,110,Freeway
T20120014217,2012-04-30,21:30:00,2,Struck Pedestrian,2,Monday,109,ANY MANOEUVRE INVOLVING PED NOT INCLUDED IN DCAs 100-108.,3,252652,1,0,1,0,0,1,2,5,Not at intersection,2,50,Local Road
T20120016371,2012-04-30,08:30:00,1,Collision with vehicle,1,Monday,130,REAR END(VEHICLES IN SAME LANE),9,35566,3,0,0,1,2,3,2,2,T intersection,3,60,Arterial Other
T20120010155,2012-04-30,09:50:00,1,Collision with vehicle,2,Monday,152,PULLING OUT (OVERTAKING),1,251570,2,0,2,1,0,3,1,2,T intersection,2,100,Arterial Other
T20120010157,2012-04-30,13:00:00,1,Collision with vehicle,2,Monday,110,CROSS TRAFFIC(INTERSECTIONS ONLY),1,33879,2,0,0,1,1,2,2,4,Multiple intersection,3,60,Arterial Highway
T20120011100,2012-04-30,15:00:00,1,Collision with vehicle,2,Monday,132,RIGHT REAR.,1,41876,2,0,0,1,1,2,2,1,Cross intersection,3,80,Arterial Highway
T20120010184,2012-04-30,17:16:00,4,Collision with a fixed object,2,Monday,173,RIGHT OFF CARRIAGEWAY INTO OBJECT/PARKED VEHICLE,1,251618,1,0,1,0,0,1,1,1,Cross intersection,2,100,Local Road
T20120010185,2012-04-30,17:45:00,1,Collision with vehicle,2,Monday,130,REAR END(VEHICLES IN SAME LANE),3,47534,3,0,0,1,2,3,1,2,T intersection,3,80,Local Road
T20120010186,2012-04-30,16:15:00,1,Collision with vehicle,2,Monday,120,HEAD ON (NOT OVERTAKING),1,355839,2,0,1,1,1,3,1,5,Not at intersection,2,100,Arterial Other
T20120010167,2012-04-30,13:25:00,1,Collision with vehicle,2,Monday,111,RIGHT FAR (INTERSECTIONS ONLY),1,251601,2,0,1,0,1,2,1,2,T intersection,2,80,Arterial Highway
T20120010323,2012-04-30,14:50:00,1,Collision with vehicle,2,Monday,110,CROSS TRAFFIC(INTERSECTIONS ONLY),1,58663,3,0,1,0,2,3,1,1,Cross intersection,2,50,Local Road
T20120010190,2012-04-30,18:20:00,3,Struck animal,2,Monday,167,STRUCK ANIMAL,5,251619,1,0,0,1,0,1,1,5,Not at intersection,3,100,Arterial Highway
T20120010191,2012-04-30,18:45:00,1,Collision with vehicle,2,Monday,130,REAR END(VEHICLES IN SAME LANE),3,251620,3,0,0,1,2,3,2,5,Not at intersection,3,70,Arterial Other
T20120010193,2012-04-30,18:25:00,1,Collision with vehicle,2,Monday,130,REAR END(VEHICLES IN SAME LANE),3,251627,3,0,1,0,2,3,1,5,Not at intersection,2,60,Arterial Highway
T20120010183,2012-04-30,16:54:00,1,Collision with vehicle,2,Monday,135,LANE CHANGE LEFT (NOT OVERTAKING),1,35957,2,0,0,1,1,2,1,1,Cross intersection,3,60,Local Road
T20120010130,2012-04-30,07:05:00,1,Collision with vehicle,2,Monday,134,LANE CHANGE RIGHT (NOT OVERTAKING),1,251551,2,0,0,1,1,2,1,5,Not at intersection,3,50,Local Road
T20120010195,2012-04-30,16:12:00,2,Struck Pedestrian,2,Monday,109,ANY MANOEUVRE INVOLVING PED NOT INCLUDED IN DCAs 100-108.,1,251630,1,0,1,0,1,2,1,5,Not at intersection,2,50,Local Road
T20120010196,2012-04-30,17:20:00,1,Collision with vehicle,1,Monday,130,REAR END(VEHICLES IN SAME LANE),2,38837,4,0,0,1,3,4,1,1,Cross intersection,3,80,Arterial Other
T20120010614,2012-05-01,14:55:00,1,Collision with vehicle,3,Tuesday,110,CROSS TRAFFIC(INTERSECTIONS ONLY),1,38213,2,0,0,1,1,2,2,1,Cross intersection,3,60,Local Road
T20120010277,2012-05-01,17:45:00,1,Collision with vehicle,3,Tuesday,148,VEHICLE OFF FOOTPATH STRIKES VEH ON CARRIAGEWAY,2,29763,2,0,0,1,1,2,1,2,T intersection,3,70,Arterial Other
T20120010274,2012-05-01,19:15:00,2,Struck Pedestrian,3,Tuesday,102,FAR SIDE. PED HIT BY VEHICLE FROM THE LEFT,3,41325,1,0,1,1,0,2,2,2,T intersection,2,60,Local Road
T20120010271,2012-05-01,12:30:00,1,Collision with vehicle,3,Tuesday,120,HEAD ON (NOT OVERTAKING),1,251754,3,0,0,1,2,3,2,5,Not at intersection,3,60,Local Road
T20120010270,2012-05-01,18:20:00,1,Collision with vehicle,3,Tuesday,110,CROSS TRAFFIC(INTERSECTIONS ONLY),5,251752,2,0,2,5,0,7,1,1,Cross intersection,2,60,Local Road
T20120017494,2012-05-01,16:30:00,1,Collision with vehicle,3,Tuesday,121,RIGHT THROUGH,1,38277,2,0,0,1,1,2,2,1,Cross intersection,3,60,Arterial Other
T20120010268,2012-05-01,18:54:00,1,Collision with vehicle,3,Tuesday,163,VEHICLE STRIKES DOOR OF PARKED/STATIONARY VEHICLE,3,251749,2,0,1,0,2,3,1,5,Not at intersection,2,60,Local Road
T20120010284,2012-05-01,23:45:00,4,Collision with a fixed object,3,Tuesday,173,RIGHT OFF CARRIAGEWAY INTO OBJECT/PARKED VEHICLE,5,251763,1,0,1,0,0,1,1,5,Not at intersection,2,80,
T20120010359,2012-05-01,16:05:00,1,Collision with vehicle,3,Tuesday,120,HEAD ON (NOT OVERTAKING),1,252002,2,0,0,1,3,4,1,5,Not at intersection,3,40,Local Road
T20120010264,2012-05-01,18:35:00,1,Collision with vehicle,3,Tuesday,130,REAR END(VEHICLES IN SAME LANE),3,57525,2,0,0,3,0,3,1,1,Cross intersection,3,80,Arterial Highway
T20120010263,2012-05-01,16:05:00,1,Collision with vehicle,3,Tuesday,130,REAR END(VEHICLES IN SAME LANE),1,253614,2,1,0,0,1,2,1,5,Not at intersection,1,100,Arterial Other
T20120010260,2012-05-01,17:32:00,1,Collision with vehicle,3,Tuesday,163,VEHICLE STRIKES DOOR OF PARKED/STATIONARY VEHICLE,3,251894,2,0,1,0,2,3,1,5,Not at intersection,2,40,Local Road
T20120010295,2012-05-01,16:05:00,4,Collision with a fixed object,3,Tuesday,173,RIGHT OFF CARRIAGEWAY INTO OBJECT/PARKED VEHICLE,1,251767,1,0,1,0,0,1,1,5,Not at intersection,2,100,Freeway
T20120010258,2012-05-01,16:51:00,1,Collision with vehicle,3,Tuesday,160,VEHICLE COLLIDES WITH VEHICLE PARKED ON LEFT OF ROAD,1,251744,2,0,1,0,0,1,1,5,Not at intersection,2,50,Arterial Other
T20120010246,2012-05-01,15:20:00,1,Collision with vehicle,3,Tuesday,121,RIGHT THROUGH,1,38486,2,0,1,0,2,3,1,2,T intersection,2,60,Arterial Highway
T20120010245,2012-05-01,14:50:00,1,Collision with vehicle,3,Tuesday,110,CROSS TRAFFIC(INTERSECTIONS ONLY),1,36370,2,0,0,1,1,2,1,1,Cross intersection,3,60,Local Road
T20120010244,2012-05-01,14:40:00,2,Struck Pedestrian,3,Tuesday,108,PED STRUCK WALKING TO/FROM OR BOARDING/ALIGHTING VEHICLE.,1,253153,2,0,1,0,1,2,1,5,Not at intersection,2,60,Arterial Other
T20120010237,2012-05-01,14:27:00,1,Collision with vehicle,3,Tuesday,110,CROSS TRAFFIC(INTERSECTIONS ONLY),1,50724,2,0,1,0,1,2,1,1,Cross intersection,2,50,Local Road
T20120010308,2012-05-01,17:30:00,1,Collision with vehicle,3,Tuesday,130,REAR END(VEHICLES IN SAME LANE),2,62340,2,0,0,1,1,2,2,1,Cross intersection,3,50,Local Road
T20120010236,2012-05-01,12:20:00,6,Vehicle overturned (no collision),3,Tuesday,170,OFF CARRIAGEWAY TO LEFT,1,251892,1,0,0,1,0,1,2,5,Not at intersection,3,999,Local Road
T20120010235,2012-05-01,12:55:00,1,Collision with vehicle,3,Tuesday,134,LANE CHANGE RIGHT (NOT OVERTAKING),1,251722,2,0,1,0,1,2,1,2,T intersection,2,70,Arterial Other
T20120010234,2012-05-01,13:50:00,1,Collision with vehicle,3,Tuesday,130,REAR END(VEHICLES IN SAME LANE),1,895,2,0,0,1,1,2,1,2,T intersection,3,60,Arterial Highway
T20120010314,2012-05-01,15:25:00,4,Collision with a fixed object,3,Tuesday,173,RIGHT OFF CARRIAGEWAY INTO OBJECT/PARKED VEHICLE,1,252086,1,1,0,0,0,1,1,5,Not at intersection,1,100,Arterial Other
T20120010232,2012-05-01,09:29:00,1,Collision with vehicle,3,Tuesday,113,RIGHT NEAR (INTERSECTIONS ONLY),1,251719,2,0,0,1,1,2,1,2,T intersection,3,50,Local Road
T20120010228,2012-05-01,10:15:00,1,Collision with vehicle,3,Tuesday,130,REAR END(VEHICLES IN SAME LANE),1,37319,3,0,0,1,4,5,1,2,T intersection,3,80,Local Road
T20120010227,2012-05-01,12:30:00,1,Collision with vehicle,3,Tuesday,113,RIGHT NEAR (INTERSECTIONS ONLY),1,49713,2,0,0,1,1,2,1,2,T intersection,3,60,Arterial Other
T20120011580,2012-05-01,10:10:00,2,Struck Pedestrian,2,Tuesday,109,ANY MANOEUVRE INVOLVING PED NOT INCLUDED IN DCAs 100-108.,1,251942,1,0,0,1,1,2,2,5,Not at intersection,3,999,Local Road
T20120010257,2012-05-01,16:20:00,1,Collision with vehicle,3,Tuesday,130,REAR END(VEHICLES IN SAME LANE),1,251740,4,0,0,2,2,4,1,5,Not at intersection,3,50,Arterial Highway
T20120010256,2012-05-01,17:00:00,2,Struck Pedestrian,3,Tuesday,101,PED EMERGES FROM IN FRONT OF PARKED OR STATIONARY VEHICLE,2,251736,1,0,1,0,2,3,1,5,Not at intersection,2,40,Local Road
T20120010336,2012-05-01,12:55:00,4,Collision with a fixed object,3,Tuesday,171,LEFT OFF CARRIAGEWAY INTO OBJECT/PARKED VEHICLE,1,85,1,0,1,0,0,1,1,1,Cross intersection,2,50,Arterial Other
T20120010249,2012-05-01,12:01:00,2,Struck Pedestrian,3,Tuesday,109,ANY MANOEUVRE INVOLVING PED NOT INCLUDED IN DCAs 100-108.,1,222039,1,0,0,1,1,2,1,1,Cross intersection,3,60,Arterial Other
T20120010248,2012-05-01,16:30:00,1,Collision with vehicle,3,Tuesday,121,RIGHT THROUGH,2,52880,2,0,1,0,1,2,1,1,Cross intersection,2,50,Local Road
T20120012380,2012-05-01,15:45:00,1,Collision with vehicle,3,Tuesday,110,CROSS TRAFFIC(INTERSECTIONS ONLY),1,252249,2,0,0,1,1,2,2,1,Cross intersection,3,999,Arterial Other
T20120011167,2012-05-01,17:25:00,1,Collision with vehicle,3,Tuesday,135,LANE CHANGE LEFT (NOT OVERTAKING),2,258117,2,0,0,1,2,3,2,5,Not at intersection,3,100,Freeway
T20120010407,2012-05-01,19:15:00,1,Collision with vehicle,3,Tuesday,121,RIGHT THROUGH,3,243974,2,0,0,1,1,2,1,1,Cross intersection,3,70,Arterial Other
T20120010496,2012-05-01,16:30:00,8,No collision and no object struck,3,Tuesday,174,OUT OF CONTROL ON CARRIAGEWAY (ON STRAIGHT),1,38901,1,0,1,0,0,1,2,2,T intersection,2,999,Arterial Other
T20120010233,2012-05-01,08:02:00,1,Collision with vehicle,3,Tuesday,113,RIGHT NEAR (INTERSECTIONS ONLY),1,29564,2,0,0,1,4,5,1,2,T intersection,3,70,Arterial Other
T20120010339,2012-05-02,15:45:00,2,Struck Pedestrian,4,Wednesday,100,PED NEAR SIDE. PED HIT BY VEHICLE FROM THE RIGHT.,1,251543,1,0,1,0,2,3,1,5,Not at intersection,2,50,Arterial Other
T20120011086,2012-05-02,21:00:00,3,Struck animal,4,Wednesday,167,STRUCK ANIMAL,5,252957,1,0,0,1,0,1,1,5,Not at intersection,3,100,
T20120010403,2012-05-02,21:40:00,3,Struck animal,4,Wednesday,167,STRUCK ANIMAL,5,251590,1,0,0,1,0,1,1,5,Not at intersection,3,100,
T20120011509,2012-05-02,06:45:00,8,No collision and no object struck,4,Wednesday,174,OUT OF CONTROL ON CARRIAGEWAY (ON STRAIGHT),2,251920,2,0,0,1,1,2,2,5,Not at intersection,3,80,Arterial Other
T20120012314,2012-05-02,16:00:00,1,Collision with vehicle,4,Wednesday,147,VEHICLE STRIKES ANOTHER VEH WHILE EMERGING FROM DRIVEWAY,1,252959,2,0,0,1,1,2,2,2,T intersection,3,50,Local Road
T20120010283,2012-05-02,05:30:00,4,Collision with a fixed object,4,Wednesday,171,LEFT OFF CARRIAGEWAY INTO OBJECT/PARKED VEHICLE,3,251761,1,0,1,0,0,1,1,5,Not at intersection,2,100,Freeway
T20120010288,2012-05-02,07:50:00,1,Collision with vehicle,4,Wednesday,140,U TURN,2,251764,2,0,0,2,0,2,1,5,Not at intersection,3,60,Local Road
T20120011616,2012-05-02,18:15:00,8,No collision and no object struck,4,Wednesday,170,OFF CARRIAGEWAY TO LEFT,2,251953,2,0,0,1,1,2,2,5,Not at intersection,3,60,Arterial Other
T20120010291,2012-05-02,09:00:00,8,No collision and no object struck,4,Wednesday,174,OUT OF CONTROL ON CARRIAGEWAY (ON STRAIGHT),1,39216,1,0,1,0,0,1,1,1,Cross intersection,2,60,Local Road
T20120010292,2012-05-02,06:30:00,1,Collision with vehicle,4,Wednesday,120,HEAD ON (NOT OVERTAKING),5,109324,2,0,1,0,1,2,1,5,Not at intersection,2,60,Arterial Highway
T20120010296,2012-05-02,06:40:00,2,Struck Pedestrian,4,Wednesday,100,PED NEAR SIDE. PED HIT BY VEHICLE FROM THE RIGHT.,2,40841,1,0,1,0,1,2,1,2,T intersection,2,80,Arterial Highway
T20120010297,2012-05-02,07:45:00,1,Collision with vehicle,4,Wednesday,120,HEAD ON (NOT OVERTAKING),1,251769,2,0,0,1,1,2,1,5,Not at intersection,3,60,
T20120010299,2012-05-02,09:50:00,2,Struck Pedestrian,4,Wednesday,102,FAR SIDE. PED HIT BY VEHICLE FROM THE LEFT,1,72423,1,0,1,0,1,2,1,2,T intersection,2,50,Local Road
T20120010305,2012-05-02,10:15:00,1,Collision with vehicle,4,Wednesday,110,CROSS TRAFFIC(INTERSECTIONS ONLY),1,251775,2,0,0,1,1,2,2,1,Cross intersection,3,60,Local Road
T20120010306,2012-05-02,06:40:00,2,Struck Pedestrian,4,Wednesday,102,FAR SIDE. PED HIT BY VEHICLE FROM THE LEFT,3,39155,1,0,1,0,1,2,1,1,Cross intersection,2,60,Arterial Other
T20120010309,2012-05-02,10:45:00,1,Collision with vehicle,4,Wednesday,120,HEAD ON (NOT OVERTAKING),1,251779,2,0,0,1,1,2,1,5,Not at intersection,3,60,Local Road
T20120010310,2012-05-02,10:40:00,1,Collision with vehicle,4,Wednesday,130,REAR END(VEHICLES IN SAME LANE),1,48329,2,0,0,2,1,3,1,2,T intersection,3,80,Arterial Other
T20120010312,2012-05-02,10:50:00,1,Collision with vehicle,4,Wednesday,171,LEFT OFF CARRIAGEWAY INTO OBJECT/PARKED VEHICLE,1,72270,4,0,1,0,1,2,1,1,Cross intersection,2,60,
T20120010318,2012-05-02,11:15:00,1,Collision with vehicle,4,Wednesday,147,VEHICLE STRIKES ANOTHER VEH WHILE EMERGING FROM DRIVEWAY,1,41788,3,0,0,3,2,5,1,2,T intersection,3,70,Local Road
T20120010320,2012-05-02,12:40:00,1,Collision with vehicle,4,Wednesday,131,LEFT REAR,1,65219,2,0,1,0,1,2,1,2,T intersection,2,50,Arterial Other
T20120010322,2012-05-02,08:48:00,1,Collision with vehicle,4,Wednesday,130,REAR END(VEHICLES IN SAME LANE),1,252001,3,0,0,1,2,3,1,5,Not at intersection,3,100,Arterial Other
T20120010324,2012-05-02,09:25:00,4,Collision with a fixed object,4,Wednesday,171,LEFT OFF CARRIAGEWAY INTO OBJECT/PARKED VEHICLE,1,10728,1,0,0,1,0,1,1,1,Cross intersection,3,70,Freeway
T20120010332,2012-05-02,13:55:00,4,Collision with a fixed object,4,Wednesday,171,LEFT OFF CARRIAGEWAY INTO OBJECT/PARKED VEHICLE,1,38837,1,0,1,0,0,1,1,1,Cross intersection,2,80,Arterial Other
T20120010333,2012-05-02,11:45:00,1,Collision with vehicle,4,Wednesday,130,REAR END(VEHICLES IN SAME LANE),1,251784,2,0,0,2,0,2,1,5,Not at intersection,3,60,Local Road
T20120010338,2012-05-02,15:35:00,1,Collision with vehicle,4,Wednesday,147,VEHICLE STRIKES ANOTHER VEH WHILE EMERGING FROM DRIVEWAY,1,45201,2,0,0,1,1,2,1,2,T intersection,3,50,Arterial Other
T20130000173,2012-05-02,16:00:00,1,Collision with vehicle,4,Wednesday,140,U TURN,1,222290,2,0,0,1,1,2,2,2,T intersection,3,50,Local Road
T20120013125,2012-05-02,14:00:00,8,No collision and no object struck,3,Wednesday,174,OUT OF CONTROL ON CARRIAGEWAY (ON STRAIGHT),1,277391,1,0,0,1,0,1,2,5,Not at intersection,3,100,
T20120010340,2012-05-02,15:13:00,1,Collision with vehicle,4,Wednesday,113,RIGHT NEAR (INTERSECTIONS ONLY),1,278510,3,0,1,1,1,3,1,1,Cross intersection,2,70,Local Road
T20120010343,2012-05-02,15:55:00,4,Collision with a fixed object,4,Wednesday,171,LEFT OFF CARRIAGEWAY INTO OBJECT/PARKED VEHICLE,1,251895,1,0,0,1,0,1,1,5,Not at intersection,3,90,
T20120010345,2012-05-02,15:30:00,1,Collision with vehicle,4,Wednesday,160,VEHICLE COLLIDES WITH VEHICLE PARKED ON LEFT OF ROAD,1,38897,2,0,0,1,1,2,1,1,Cross intersection,3,50,Local Road
T20120010347,2012-05-02,16:49:00,1,Collision with vehicle,4,Wednesday,132,RIGHT REAR.,2,40687,2,0,0,1,1,2,1,2,T intersection,3,60,Arterial Other
T20120010349,2012-05-02,16:55:00,1,Collision with vehicle,4,Wednesday,110,CROSS TRAFFIC(INTERSECTIONS ONLY),1,64476,2,0,0,1,1,2,1,1,Cross intersection,3,50,Local Road
T20120010350,2012-05-02,16:40:00,1,Collision with vehicle,4,Wednesday,140,U TURN,1,51626,2,0,1,1,0,2,1,1,Cross intersection,2,50,Local Road
T20120010351,2012-05-02,17:19:00,1,Collision with vehicle,4,Wednesday,130,REAR END(VEHICLES IN SAME LANE),2,251552,2,0,0,2,1,3,2,5,Not at intersection,3,70,Arterial Other
T20120010357,2012-05-02,09:30:00,2,Struck Pedestrian,4,Wednesday,109,ANY MANOEUVRE INVOLVING PED NOT INCLUDED IN DCAs 100-108.,1,251554,1,0,0,1,1,2,2,5,Not at intersection,3,50,Local Road
T20120010358,2012-05-02,18:20:00,2,Struck Pedestrian,4,Wednesday,100,PED NEAR SIDE. PED HIT BY VEHICLE FROM THE RIGHT.,4,251557,1,0,1,0,1,2,1,5,Not at intersection,2,70,Arterial Highway
T20120010360,2012-05-02,19:20:00,1,Collision with vehicle,4,Wednesday,112,LEFT FAR (INTERSECTIONS ONLY),3,39191,2,0,0,3,0,3,2,2,T intersection,3,60,Arterial Other
T20120010363,2012-05-02,18:20:00,8,No collision and no object struck,4,Wednesday,174,OUT OF CONTROL ON CARRIAGEWAY (ON STRAIGHT),3,251564,1,0,0,1,0,1,1,5,Not at intersection,3,60,Local Road
T20120010364,2012-05-02,18:20:00,4,Collision with a fixed object,4,Wednesday,171,LEFT OFF CARRIAGEWAY INTO OBJECT/PARKED VEHICLE,3,252483,1,0,1,0,0,1,1,5,Not at intersection,2,80,Arterial Other
T20120010365,2012-05-02,16:30:00,1,Collision with vehicle,4,Wednesday,130,REAR END(VEHICLES IN SAME LANE),1,252783,3,0,0,1,4,5,1,5,Not at intersection,3,80,Arterial Highway
T20120010374,2012-05-02,03:41:00,1,Collision with vehicle,4,Wednesday,173,RIGHT OFF CARRIAGEWAY INTO OBJECT/PARKED VEHICLE,3,253089,2,0,0,1,1,2,1,5,Not at intersection,3,50,Local Road
T20120010375,2012-05-02,13:04:00,1,Collision with vehicle,4,Wednesday,110,CROSS TRAFFIC(INTERSECTIONS ONLY),1,35556,2,0,0,1,2,3,1,1,Cross intersection,3,70,Arterial Highway
T20120010483,2012-05-02,10:30:00,6,Vehicle overturned (no collision),4,Wednesday,174,OUT OF CONTROL ON CARRIAGEWAY (ON STRAIGHT),1,44642,1,0,0,1,0,1,2,4,Multiple intersection,3,50,Local Road
T20120013343,2012-05-02,12:00:00,2,Struck Pedestrian,4,Wednesday,100,PED NEAR SIDE. PED HIT BY VEHICLE FROM THE RIGHT.,9,254000,1,0,0,1,1,2,2,2,T intersection,3,50,Arterial Highway
T20120011564,2012-05-02,15:30:00,2,Struck Pedestrian,4,Wednesday,107,PED ON FOOTHPATH STRUCK BY VEHENTERING/LEAVING DRIVEWAY.,1,251933,1,0,1,0,1,2,2,5,Not at intersection,2,40,Local Road
T20120010599,2012-05-02,18:00:00,1,Collision with vehicle,4,Wednesday,112,LEFT FAR (INTERSECTIONS ONLY),3,251685,2,0,0,1,1,2,1,2,T intersection,3,50,Local Road
T20120010816,2012-05-02,08:15:00,1,Collision with vehicle,4,Wednesday,130,REAR END(VEHICLES IN SAME LANE),1,39226,2,0,0,1,1,2,2,2,T intersection,3,60,Local Road
T20120010280,2012-05-02,02:05:00,4,Collision with a fixed object,4,Wednesday,183,OFF LEFT BEND INTO OBJECT/PARKED VEHICLE,5,251757,1,0,0,1,0,1,1,5,Not at intersection,3,100,Arterial Other
T20120011565,2012-05-02,06:50:00,1,Collision with vehicle,4,Wednesday,140,U TURN,3,251934,2,0,0,1,1,2,2,5,Not at intersection,3,50,Local Road
T20120010737,2012-05-02,15:45:00,1,Collision with vehicle,4,Wednesday,145,REVERSING IN STREAM OF TRAFFIC,1,251770,2,0,0,2,3,5,2,5,Not at intersection,3,60,Local Road
T20120010783,2012-05-02,07:30:00,1,Collision with vehicle,4,Wednesday,110,CROSS TRAFFIC(INTERSECTIONS ONLY),1,50968,2,0,0,1,1,2,2,1,Cross intersection,3,60,Arterial Other
T20120010514,2012-05-02,17:55:00,1,Collision with vehicle,4,Wednesday,147,VEHICLE STRIKES ANOTHER VEH WHILE EMERGING FROM DRIVEWAY,3,44169,2,0,0,4,0,4,1,1,Cross intersection,3,60,Local Road