ACCIDENT_NO,ACCIDENT_DATE,ACCIDENT_TIME,ACCIDENT_TYPE,ACCIDENT_TYPE_DESC,DAY_OF_WEEK,DAY_WEEK_DESC,DCA_CODE,DCA_DESC,LIGHT_CONDITION,NODE_ID,NO_OF_VEHICLES,NO_PERSONS_KILLED,NO_PERSONS_INJ_2,NO_PERSONS_INJ_3,NO_PERSONS_NOT_INJ,NO_PERSONS,POLICE_ATTEND,ROAD_GEOMETRY,ROAD_GEOMETRY_DESC,SEVERITY,SPEED_ZONE,RMA
T20120010427,2012-05-02,20:26:00,1,Collision with vehicle,4,Wednesday,131,LEFT REAR,3,251596,2,0,0,2,1,3,1,5,Not at intersection,3,60,Local Road
T20120012375,2012-05-03,07:35:00,8,No collision and no object struck,5,Thursday,174,OUT OF CONTROL ON CARRIAGEWAY (ON STRAIGHT),1,252247,2,0,0,1,1,2,2,5,Not at intersection,3,60,Arterial Other
T20120010654,2012-05-03,14:30:00,1,Collision with vehicle,5,Thursday,110,CROSS TRAFFIC(INTERSECTIONS ONLY),1,69354,2,0,0,1,1,2,2,1,Cross intersection,3,50,Local Road
T20120012209,2012-05-03,12:30:00,8,No collision and no object struck,5,Thursday,174,OUT OF CONTROL ON CARRIAGEWAY (ON STRAIGHT),1,252079,1,0,0,1,0,1,2,2,T intersection,3,999,Arterial Other
T20120010377,2012-05-03,06:00:00,1,Collision with vehicle,5,Thursday,111,RIGHT FAR (INTERSECTIONS ONLY),5,610314,2,0,1,0,1,2,1,2,T intersection,2,80,Arterial Highway
T20120010379,2012-05-03,05:35:00,4,Collision with a fixed object,5,Thursday,171,LEFT OFF CARRIAGEWAY INTO OBJECT/PARKED VEHICLE,4,251567,1,0,1,0,0,1,1,5,Not at intersection,2,80,Arterial Highway
T20120010382,2012-05-03,07:50:00,8,No collision and no object struck,5,Thursday,174,OUT OF CONTROL ON CARRIAGEWAY (ON STRAIGHT),1,251569,1,0,0,1,0,1,2,5,Not at intersection,3,100,Freeway
T20120010383,2012-05-03,06:55:00,1,Collision with vehicle,5,Thursday,135,LANE CHANGE LEFT (NOT OVERTAKING),1,35331,4,0,1,1,3,5,1,1,Cross intersection,2,80,Arterial Highway
T20120010389,2012-05-03,10:05:00,1,Collision with vehicle,5,Thursday,121,RIGHT THROUGH,1,251575,2,0,0,1,1,2,1,2,T intersection,3,80,Arterial Highway
T20120010390,2012-05-03,09:20:00,1,Collision with vehicle,5,Thursday,130,REAR END(VEHICLES IN SAME LANE),1,251576,2,0,0,1,2,3,1,5,Not at intersection,3,80,Arterial Other
T20120010392,2012-05-03,08:00:00,1,Collision with vehicle,5,Thursday,110,CROSS TRAFFIC(INTERSECTIONS ONLY),1,10986,3,0,0,1,2,3,1,1,Cross intersection,3,999,Arterial Other
T20120010396,2012-05-03,10:10:00,1,Collision with vehicle,5,Thursday,110,CROSS TRAFFIC(INTERSECTIONS ONLY),1,251583,2,0,0,1,5,6,1,1,Cross intersection,3,50,Local Road
T20120010397,2012-05-03,10:00:00,1,Collision with vehicle,5,Thursday,110,CROSS TRAFFIC(INTERSECTIONS ONLY),1,29839,3,0,0,1,3,4,1,1,Cross intersection,3,50,
T20120010400,2012-05-03,09:15:00,1,Collision with vehicle,5,Thursday,116,LEFT NEAR (INTERSECTIONS ONLY),1,36073,2,0,0,1,1,2,1,1,Cross intersection,3,100,Arterial Other
T20120010402,2012-05-03,11:45:00,1,Collision with vehicle,5,Thursday,130,REAR END(VEHICLES IN SAME LANE),1,45110,2,0,0,1,2,3,1,1,Cross intersection,3,70,Arterial Other
T20120010404,2012-05-03,11:00:00,1,Collision with vehicle,5,Thursday,130,REAR END(VEHICLES IN SAME LANE),1,44135,3,0,0,1,2,3,2,2,T intersection,3,50,Local Road
T20120010405,2012-05-03,11:55:00,1,Collision with vehicle,5,Thursday,132,RIGHT REAR.,1,60402,2,0,0,2,0,2,1,2,T intersection,3,100,Arterial Highway
T20120010410,2012-05-03,12:52:00,2,Struck Pedestrian,4,Thursday,100,PED NEAR SIDE. PED HIT BY VEHICLE FROM THE RIGHT.,1,761,1,1,0,0,1,2,1,1,Cross intersection,1,60,Arterial Other
T20120010411,2012-05-03,10:35:00,1,Collision with vehicle,5,Thursday,113,RIGHT NEAR (INTERSECTIONS ONLY),1,53576,2,0,1,2,1,4,1,2,T intersection,2,60,Local Road
T20120010412,2012-05-03,13:15:00,1,Collision with vehicle,5,Thursday,121,RIGHT THROUGH,1,57348,3,0,0,1,3,4,1,2,T intersection,3,70,Arterial Other
T20120010413,2012-05-03,13:10:00,4,Collision with a fixed object,5,Thursday,173,RIGHT OFF CARRIAGEWAY INTO OBJECT/PARKED VEHICLE,1,251592,1,0,0,1,0,1,1,5,Not at intersection,3,80,Arterial Other
T20120010417,2012-05-03,14:33:00,2,Struck Pedestrian,5,Thursday,100,PED NEAR SIDE. PED HIT BY VEHICLE FROM THE RIGHT.,1,251785,1,0,0,1,1,2,1,5,Not at intersection,3,60,Arterial Other
T20120013759,2012-05-03,13:15:00,4,Collision with a fixed object,5,Thursday,173,RIGHT OFF CARRIAGEWAY INTO OBJECT/PARKED VEHICLE,1,43631,1,0,0,1,0,1,2,1,Cross intersection,3,80,Arterial Highway
T20120010421,2012-05-03,14:30:00,4,Collision with a fixed object,5,Thursday,173,RIGHT OFF CARRIAGEWAY INTO OBJECT/PARKED VEHICLE,1,251594,1,0,0,1,0,1,1,5,Not at intersection,3,60,
T20120010422,2012-05-03,14:20:00,4,Collision with a fixed object,5,Thursday,173,RIGHT OFF CARRIAGEWAY INTO OBJECT/PARKED VEHICLE,1,251595,1,0,1,0,0,1,1,5,Not at intersection,2,100,Local Road
T20120010423,2012-05-03,13:30:00,4,Collision with a fixed object,5,Thursday,171,LEFT OFF CARRIAGEWAY INTO OBJECT/PARKED VEHICLE,1,64433,1,3,0,0,0,3,1,2,T intersection,1,60,Arterial Other
T20120010426,2012-05-03,14:15:00,2,Struck Pedestrian,5,Thursday,100,PED NEAR SIDE. PED HIT BY VEHICLE FROM THE RIGHT.,1,43347,1,0,0,1,1,2,1,2,T intersection,3,60,Arterial Highway
T20120010428,2012-05-03,17:00:00,4,Collision with a fixed object,5,Thursday,171,LEFT OFF CARRIAGEWAY INTO OBJECT/PARKED VEHICLE,2,42881,2,0,1,0,1,2,1,2,T intersection,2,60,Arterial Other
T20120010430,2012-05-03,14:55:00,1,Collision with vehicle,5,Thursday,131,LEFT REAR,1,12239,2,0,0,1,1,2,1,4,Multiple intersection,3,100,Freeway
T20120010436,2012-05-03,18:50:00,1,Collision with vehicle,5,Thursday,120,HEAD ON (NOT OVERTAKING),3,251616,2,0,0,2,1,3,1,5,Not at intersection,3,60,Local Road
T20120010437,2012-05-03,15:50:00,1,Collision with vehicle,5,Thursday,130,REAR END(VEHICLES IN SAME LANE),1,251622,2,0,0,1,1,2,1,1,Cross intersection,3,80,Arterial Other
T20120010441,2012-05-03,15:45:00,1,Collision with vehicle,5,Thursday,113,RIGHT NEAR (INTERSECTIONS ONLY),1,64298,2,0,0,1,1,2,1,2,T intersection,3,999,Arterial Other
T20120010446,2012-05-03,17:55:00,4,Collision with a fixed object,5,Thursday,171,LEFT OFF CARRIAGEWAY INTO OBJECT/PARKED VEHICLE,3,720,1,0,1,0,0,1,1,2,T intersection,2,50,Local Road
T20120025569,2012-05-03,08:50:00,1,Collision with vehicle,5,Thursday,130,REAR END(VEHICLES IN SAME LANE),1,44465,2,0,0,1,3,4,2,2,T intersection,3,70,Arterial Highway
T20120010453,2012-05-03,17:00:00,4,Collision with a fixed object,5,Thursday,179,OTHER ACCIDENTS-OFF STRAIGHT NOT INCLUDED IN DCAs 170-175,1,252281,2,1,0,0,1,2,1,5,Not at intersection,1,80,Freeway
T20120010454,2012-05-03,16:40:00,1,Collision with vehicle,5,Thursday,120,HEAD ON (NOT OVERTAKING),1,251624,2,0,1,1,0,2,1,5,Not at intersection,2,90,Arterial Highway
T20120010455,2012-05-03,21:20:00,1,Collision with vehicle,5,Thursday,120,HEAD ON (NOT OVERTAKING),5,251628,2,0,2,1,0,3,1,5,Not at intersection,2,100,Arterial Highway
T20120010456,2012-05-03,18:54:00,6,Vehicle overturned (no collision),5,Thursday,170,OFF CARRIAGEWAY TO LEFT,3,251631,1,0,0,1,0,1,1,5,Not at intersection,3,80,Freeway
T20120010457,2012-05-03,17:30:00,1,Collision with vehicle,5,Thursday,121,RIGHT THROUGH,2,45462,2,0,0,1,1,2,2,2,T intersection,3,60,Arterial Other
T20120010532,2012-05-03,15:30:00,6,Vehicle overturned (no collision),5,Thursday,174,OUT OF CONTROL ON CARRIAGEWAY (ON STRAIGHT),1,37173,1,0,0,1,0,1,1,2,T intersection,3,40,Arterial Other
T20120010465,2012-05-03,13:00:00,4,Collision with a fixed object,5,Thursday,173,RIGHT OFF CARRIAGEWAY INTO OBJECT/PARKED VEHICLE,1,252375,1,0,1,0,1,2,1,5,Not at intersection,2,90,Arterial Other
T20120010466,2012-05-03,14:15:00,4,Collision with a fixed object,5,Thursday,181,OFF RIGHT BEND INTO OBJECT/PARKED VEHICLE,1,251634,1,0,0,1,0,1,1,5,Not at intersection,3,100,Arterial Other
T20120014667,2012-05-03,10:00:00,1,Collision with vehicle,5,Thursday,110,CROSS TRAFFIC(INTERSECTIONS ONLY),1,50274,2,0,0,2,0,2,2,1,Cross intersection,3,100,Arterial Other
T20120010472,2012-05-03,15:00:00,4,Collision with a fixed object,5,Thursday,173,RIGHT OFF CARRIAGEWAY INTO OBJECT/PARKED VEHICLE,1,251636,2,0,0,1,2,3,1,5,Not at intersection,3,50,Local Road
T20120010418,2012-05-03,12:40:00,1,Collision with vehicle,5,Thursday,120,HEAD ON (NOT OVERTAKING),1,251593,2,0,0,1,1,2,1,5,Not at intersection,3,50,Local Road
T20120012724,2012-05-03,10:00:00,1,Collision with vehicle,5,Thursday,132,RIGHT REAR.,1,41796,2,0,0,1,1,2,2,2,T intersection,3,70,
T20120010462,2012-05-03,08:00:00,1,Collision with vehicle,5,Thursday,134,LANE CHANGE RIGHT (NOT OVERTAKING),1,59692,2,0,0,1,1,2,1,1,Cross intersection,3,60,Arterial Highway
T20120010886,2012-05-03,08:30:00,1,Collision with vehicle,5,Thursday,130,REAR END(VEHICLES IN SAME LANE),9,251126,2,0,0,1,2,3,2,1,Cross intersection,3,80,Arterial Other
T20120010947,2012-05-03,09:20:00,1,Collision with vehicle,4,Thursday,121,RIGHT THROUGH,1,29844,2,0,1,0,1,2,2,4,Multiple intersection,2,60,Freeway
T20120010490,2012-05-03,20:00:00,1,Collision with vehicle,5,Thursday,134,LANE CHANGE RIGHT (NOT OVERTAKING),3,251653,2,0,0,1,1,2,1,5,Not at intersection,3,60,
T20120010487,2012-05-03,20:30:00,4,Collision with a fixed object,5,Thursday,173,RIGHT OFF CARRIAGEWAY INTO OBJECT/PARKED VEHICLE,5,251649,1,0,1,0,0,1,1,5,Not at intersection,2,100,Local Road
T20120010478,2012-05-03,15:45:00,1,Collision with vehicle,5,Thursday,137,LEFT TURN SIDESWIPE,1,36467,2,0,0,1,1,2,2,2,T intersection,3,40,Local Road
T20120010477,2012-05-03,16:25:00,1,Collision with vehicle,5,Thursday,121,RIGHT THROUGH,2,67749,2,0,1,0,1,2,1,2,T intersection,2,999,Local Road
T20120010511,2012-05-03,14:15:00,1,Collision with vehicle,5,Thursday,120,HEAD ON (NOT OVERTAKING),1,251660,2,0,0,1,1,2,1,5,Not at intersection,3,80,Arterial Other
T20120014310,2012-05-03,08:45:00,6,Vehicle overturned (no collision),5,Thursday,170,OFF CARRIAGEWAY TO LEFT,1,253204,2,0,0,1,1,2,2,5,Not at intersection,3,60,
T20120010542,2012-05-04,20:05:00,4,Collision with a fixed object,6,Friday,173,RIGHT OFF CARRIAGEWAY INTO OBJECT/PARKED VEHICLE,5,250598,1,1,0,0,0,1,1,5,Not at intersection,1,100,Arterial Other
T20120010698,2012-05-04,08:45:00,1,Collision with vehicle,6,Friday,130,REAR END(VEHICLES IN SAME LANE),1,612,2,0,0,1,1,2,2,1,Cross intersection,3,80,Arterial Highway
T20120011459,2012-05-04,12:30:00,1,Collision with vehicle,6,Friday,130,REAR END(VEHICLES IN SAME LANE),1,824,3,0,0,1,2,3,2,2,T intersection,3,70,Arterial Other
T20120026696,2012-05-04,17:50:00,1,Collision with vehicle,6,Friday,163,VEHICLE STRIKES DOOR OF PARKED/STATIONARY VEHICLE,9,37570,2,0,0,1,2,3,2,1,Cross intersection,3,999,Local Road
T20120010539,2012-05-04,21:10:00,1,Collision with vehicle,6,Friday,131,LEFT REAR,3,40914,2,0,0,2,2,4,1,2,T intersection,3,50,Arterial Highway
T20120010463,2012-05-04,06:30:00,1,Collision with vehicle,6,Friday,121,RIGHT THROUGH,3,41106,2,0,1,0,1,2,1,1,Cross intersection,2,60,Arterial Other
T20120010467,2012-05-04,07:10:00,1,Collision with vehicle,6,Friday,113,RIGHT NEAR (INTERSECTIONS ONLY),1,40881,2,0,1,1,0,2,1,1,Cross intersection,2,80,Arterial Other
T20120010538,2012-05-04,16:37:00,1,Collision with vehicle,6,Friday,137,LEFT TURN SIDESWIPE,1,251666,2,0,0,1,1,2,1,5,Not at intersection,3,70,Arterial Other
T20120010509,2012-05-04,17:05:00,2,Struck Pedestrian,6,Friday,100,PED NEAR SIDE. PED HIT BY VEHICLE FROM THE RIGHT.,1,251657,1,0,0,1,1,2,1,5,Not at intersection,3,60,Arterial Other
T20120010501,2012-05-04,08:40:00,4,Collision with a fixed object,6,Friday,171,LEFT OFF CARRIAGEWAY INTO OBJECT/PARKED VEHICLE,1,251655,1,0,1,2,0,3,1,5,Not at intersection,2,100,
T20120010493,2012-05-04,11:12:00,1,Collision with vehicle,6,Friday,163,VEHICLE STRIKES DOOR OF PARKED/STATIONARY VEHICLE,1,35954,2,0,1,0,1,2,1,2,T intersection,2,60,Arterial Other
T20130001445,2012-05-04,16:00:00,1,Collision with vehicle,6,Friday,130,REAR END(VEHICLES IN SAME LANE),9,273081,3,0,0,1,2,3,2,5,Not at intersection,3,80,Freeway
T20120010491,2012-05-04,11:35:00,1,Collision with vehicle,6,Friday,110,CROSS TRAFFIC(INTERSECTIONS ONLY),1,56922,2,0,1,1,4,6,1,1,Cross intersection,2,50,Local Road
T20120021401,2012-05-04,09:00:00,1,Collision with vehicle,6,Friday,113,RIGHT NEAR (INTERSECTIONS ONLY),1,47776,2,0,0,1,1,2,2,1,Cross intersection,3,60,Arterial Other
T20120010564,2012-05-04,18:30:00,2,Struck Pedestrian,6,Friday,100,PED NEAR SIDE. PED HIT BY VEHICLE FROM THE RIGHT.,2,247321,1,0,0,1,1,2,1,1,Cross intersection,3,60,Local Road
T20120010512,2012-05-04,11:40:00,4,Collision with a fixed object,6,Friday,171,LEFT OFF CARRIAGEWAY INTO OBJECT/PARKED VEHICLE,1,251661,1,0,0,1,0,1,1,5,Not at intersection,3,50,Local Road
T20120010486,2012-05-04,11:00:00,4,Collision with a fixed object,6,Friday,146,REVERSING INTO FIXED OBJECT/PARKED VEHICLE,1,251647,1,0,0,2,1,3,1,5,Not at intersection,3,50,Local Road
T20120010479,2012-05-04,08:05:00,1,Collision with vehicle,6,Friday,160,VEHICLE COLLIDES WITH VEHICLE PARKED ON LEFT OF ROAD,1,251645,2,0,0,2,0,2,1,5,Not at intersection,3,80,Arterial Other
T20120010474,2012-05-04,07:23:00,4,Collision with a fixed object,6,Friday,171,LEFT OFF CARRIAGEWAY INTO OBJECT/PARKED VEHICLE,1,230,1,0,0,1,0,1,1,2,T intersection,3,50,Local Road
T20120010528,2012-05-04,18:50:00,4,Collision with a fixed object,6,Friday,173,RIGHT OFF CARRIAGEWAY INTO OBJECT/PARKED VEHICLE,5,251664,1,0,1,0,0,1,1,5,Not at intersection,2,100,Local Road
T20120010556,2012-05-04,12:15:00,1,Collision with vehicle,6,Friday,121,RIGHT THROUGH,1,251819,2,0,1,0,1,2,1,2,T intersection,2,60,Arterial Other
T20120010527,2012-05-04,20:02:00,1,Collision with vehicle,6,Friday,169,OTHER ON PATH,5,251663,2,0,1,0,0,1,1,5,Not at intersection,2,60,Local Road
T20120010797,2012-05-04,22:45:00,6,Vehicle overturned (no collision),6,Friday,170,OFF CARRIAGEWAY TO LEFT,5,251835,1,0,0,1,0,1,1,2,T intersection,3,60,Freeway
T20120010505,2012-05-04,15:50:00,1,Collision with vehicle,6,Friday,113,RIGHT NEAR (INTERSECTIONS ONLY),1,56087,2,0,0,4,0,4,1,2,T intersection,3,60,Arterial Other
T20120010525,2012-05-04,18:30:00,1,Collision with vehicle,6,Friday,110,CROSS TRAFFIC(INTERSECTIONS ONLY),3,73958,2,0,0,2,1,3,1,1,Cross intersection,3,50,Local Road
T20120010523,2012-05-04,18:35:00,1,Collision with vehicle,6,Friday,121,RIGHT THROUGH,3,58068,2,0,0,1,3,4,1,2,T intersection,3,70,Arterial Other
T20120010521,2012-05-04,08:30:00,1,Collision with vehicle,6,Friday,121,RIGHT THROUGH,1,35622,2,0,0,2,1,3,2,1,Cross intersection,3,60,Arterial Highway
T20120010519,2012-05-04,17:15:00,4,Collision with a fixed object,6,Friday,171,LEFT OFF CARRIAGEWAY INTO OBJECT/PARKED VEHICLE,1,252376,1,0,1,0,0,1,1,5,Not at intersection,2,50,Local Road
T20120010518,2012-05-04,17:35:00,1,Collision with vehicle,6,Friday,130,REAR END(VEHICLES IN SAME LANE),3,29746,3,0,0,1,3,4,1,1,Cross intersection,3,80,Arterial Highway
T20120015236,2012-05-04,09:45:00,1,Collision with vehicle,5,Friday,130,REAR END(VEHICLES IN SAME LANE),1,1318,2,0,0,1,1,2,2,4,Multiple intersection,3,50,Arterial Other
T20120010517,2012-05-04,15:45:00,1,Collision with vehicle,6,Friday,130,REAR END(VEHICLES IN SAME LANE),1,354528,2,0,1,0,1,2,1,5,Not at intersection,2,100,Arterial Highway
T20120010583,2012-05-04,17:30:00,5,collision with some other object,5,Friday,166,STRUCK OBJECT ON CARRIAGEWAY,5,277103,1,0,1,0,0,1,1,5,Not at intersection,2,100,
T20120010515,2012-05-04,18:00:00,2,Struck Pedestrian,6,Friday,100,PED NEAR SIDE. PED HIT BY VEHICLE FROM THE RIGHT.,3,251662,1,0,1,0,1,2,1,5,Not at intersection,2,50,Local Road
T20120010747,2012-05-04,23:45:00,1,Collision with vehicle,6,Friday,119,OTHER ADJACENT (INTERSECTIONS ONLY),6,49888,2,0,0,2,1,3,2,1,Cross intersection,3,60,Local Road
T20120016308,2012-05-04,14:30:00,4,Collision with a fixed object,6,Friday,164,PERMANENT OBSTRUCTION ON CARRIAGEWAY,1,253109,1,0,0,1,0,1,2,5,Not at intersection,3,999,Arterial Highway
T20120010548,2012-05-04,11:55:00,2,Struck Pedestrian,6,Friday,109,ANY MANOEUVRE INVOLVING PED NOT INCLUDED IN DCAs 100-108.,9,251786,1,0,1,0,1,2,1,5,Not at intersection,2,50,Local Road
T20120011559,2012-05-04,09:15:00,9,Other accident,6,Friday,149,OTHER MANOEUVRING NOT INCLUDED IN DCAs 140-148,1,251931,2,0,0,1,1,2,2,5,Not at intersection,3,999,Local Road
T20120010544,2012-05-04,22:30:00,8,No collision and no object struck,6,Friday,174,OUT OF CONTROL ON CARRIAGEWAY (ON STRAIGHT),3,29596,2,0,0,1,1,2,1,1,Cross intersection,3,60,Arterial Other
T20120010510,2012-05-04,16:05:00,1,Collision with vehicle,6,Friday,147,VEHICLE STRIKES ANOTHER VEH WHILE EMERGING FROM DRIVEWAY,1,251658,2,0,2,1,0,3,1,2,T intersection,2,60,Arterial Other
T20120010603,2012-05-05,17:20:00,2,Struck Pedestrian,7,Saturday,108,PED STRUCK WALKING TO/FROM OR BOARDING/ALIGHTING VEHICLE.,1,45206,1,0,1,0,2,3,1,1,Cross intersection,2,60,Arterial Other
T20120010617,2012-05-05,20:30:00,1,Collision with vehicle,7,Saturday,121,RIGHT THROUGH,3,39038,2,0,1,0,5,6,1,2,T intersection,2,60,Arterial Other
T20120010625,2012-05-05,22:05:00,6,Vehicle overturned (no collision),7,Saturday,170,OFF CARRIAGEWAY TO LEFT,5,251710,1,0,1,0,0,1,1,5,Not at intersection,2,100,Arterial Highway
T20120010627,2012-05-05,21:25:00,1,Collision with vehicle,7,Saturday,152,PULLING OUT (OVERTAKING),3,252515,2,0,1,3,0,4,1,5,Not at intersection,2,50,Local Road
T20120010610,2012-05-05,12:45:00,1,Collision with vehicle,7,Saturday,148,VEHICLE OFF FOOTPATH STRIKES VEH ON CARRIAGEWAY,1,35849,2,0,0,1,1,2,2,4,Multiple intersection,3,60,Freeway
T20120010631,2012-05-05,14:06:00,1,Collision with vehicle,7,Saturday,113,RIGHT NEAR (INTERSECTIONS ONLY),1,252003,2,0,0,1,1,2,1,2,T intersection,3,50,Local Road
T20120010634,2012-05-05,14:08:00,4,Collision with a fixed object,7,Saturday,173,RIGHT OFF CARRIAGEWAY INTO OBJECT/PARKED VEHICLE,1,251711,1,0,0,2,1,3,1,5,Not at intersection,3,100,
T20120010566,2012-05-05,09:30:00,1,Collision with vehicle,7,Saturday,110,CROSS TRAFFIC(INTERSECTIONS ONLY),1,251824,2,0,0,1,2,3,1,1,Cross intersection,3,100,Local Road
T20120010661,2012-05-05,19:40:00,2,Struck Pedestrian,7,Saturday,100,PED NEAR SIDE. PED HIT BY VEHICLE FROM THE RIGHT.,3,251726,1,0,1,0,1,2,1,5,Not at intersection,2,70,Arterial Other
T20120010550,2012-05-05,06:21:00,4,Collision with a fixed object,7,Saturday,173,RIGHT OFF CARRIAGEWAY INTO OBJECT/PARKED VEHICLE,2,35306,1,0,0,2,0,2,1,2,T intersection,3,60,Arterial Other
T20120010557,2012-05-05,07:25:00,4,Collision with a fixed object,7,Saturday,171,LEFT OFF CARRIAGEWAY INTO OBJECT/PARKED VEHICLE,1,251821,1,0,1,0,0,1,1,5,Not at intersection,2,100,Local Road
T20120010635,2012-05-05,19:00:00,1,Collision with vehicle,7,Saturday,130,REAR END(VEHICLES IN SAME LANE),3,57381,3,0,1,0,2,3,1,2,T intersection,2,50,Arterial Other
T20120010589,2012-05-05,14:00:00,1,Collision with vehicle,7,Saturday,120,HEAD ON (NOT OVERTAKING),1,251679,2,0,0,2,2,4,1,5,Not at intersection,3,60,Arterial Other
T20120010590,2012-05-05,15:40:00,1,Collision with vehicle,7,Saturday,121,RIGHT THROUGH,1,44821,2,0,2,3,2,7,1,2,T intersection,2,50,Arterial Highway
T20120010591,2012-05-05,13:25:00,8,No collision and no object struck,7,Saturday,174,OUT OF CONTROL ON CARRIAGEWAY (ON STRAIGHT),1,66625,1,0,0,1,0,1,1,2,T intersection,3,60,Arterial Other
T20120010595,2012-05-05,08:40:00,4,Collision with a fixed object,7,Saturday,171,LEFT OFF CARRIAGEWAY INTO OBJECT/PARKED VEHICLE,1,64422,1,0,1,1,1,3,1,2,T intersection,2,40,Local Road
T20120010580,2012-05-05,13:50:00,1,Collision with vehicle,7,Saturday,130,REAR END(VEHICLES IN SAME LANE),1,38718,2,0,0,1,1,2,1,2,T intersection,3,50,Local Road
T20120011147,2012-05-05,15:15:00,1,Collision with vehicle,7,Saturday,147,VEHICLE STRIKES ANOTHER VEH WHILE EMERGING FROM DRIVEWAY,1,42697,2,0,0,1,1,2,2,2,T intersection,3,60,Arterial Other
T20120010604,2012-05-05,15:40:00,1,Collision with vehicle,7,Saturday,171,LEFT OFF CARRIAGEWAY INTO OBJECT/PARKED VEHICLE,1,61611,2,0,2,1,0,3,1,1,Cross intersection,2,80,Arterial Other
T20120010555,2012-05-05,07:00:00,4,Collision with a fixed object,7,Saturday,171,LEFT OFF CARRIAGEWAY INTO OBJECT/PARKED VEHICLE,1,42546,1,0,1,0,0,1,1,2,T intersection,2,60,Arterial Other
T20120010607,2012-05-05,16:30:00,4,Collision with a fixed object,7,Saturday,173,RIGHT OFF CARRIAGEWAY INTO OBJECT/PARKED VEHICLE,1,251697,1,0,1,0,0,1,1,5,Not at intersection,2,100,
T20120010554,2012-05-05,04:19:00,6,Vehicle overturned (no collision),7,Saturday,170,OFF CARRIAGEWAY TO LEFT,5,254714,1,0,1,0,0,1,1,5,Not at intersection,2,100,Arterial Highway
T20120010609,2012-05-05,16:57:00,1,Collision with vehicle,7,Saturday,120,HEAD ON (NOT OVERTAKING),2,251699,3,0,3,0,1,4,1,5,Not at intersection,2,80,Arterial Other
T20120010611,2012-05-05,13:35:00,4,Collision with a fixed object,7,Saturday,171,LEFT OFF CARRIAGEWAY INTO OBJECT/PARKED VEHICLE,1,251702,1,0,0,2,1,3,1,4,Multiple intersection,3,100,Freeway
T20120010623,2012-05-05,19:28:00,2,Struck Pedestrian,7,Saturday,109,ANY MANOEUVRE INVOLVING PED NOT INCLUDED IN DCAs 100-108.,5,29877,1,1,0,0,2,3,1,2,T intersection,1,60,Arterial Highway
T20120010865,2012-05-05,10:15:00,6,Vehicle overturned (no collision),7,Saturday,174,OUT OF CONTROL ON CARRIAGEWAY (ON STRAIGHT),1,43431,1,0,1,0,0,1,2,2,T intersection,2,50,Arterial Highway
T20120010573,2012-05-05,09:17:00,4,Collision with a fixed object,6,Saturday,171,LEFT OFF CARRIAGEWAY INTO OBJECT/PARKED VEHICLE,1,565,1,0,1,0,0,1,1,1,Cross intersection,2,40,Local Road
T20120014673,2012-05-05,15:15:00,1,Collision with vehicle,7,Saturday,130,REAR END(VEHICLES IN SAME LANE),1,253030,3,0,0,1,2,3,2,5,Not at intersection,3,999,Arterial Other
T20120010572,2012-05-05,09:40:00,1,Collision with vehicle,7,Saturday,113,RIGHT NEAR (INTERSECTIONS ONLY),1,44522,2,0,1,0,1,2,1,2,T intersection,2,100,Local Road
T20120010559,2012-05-05,08:53:00,1,Collision with vehicle,7,Saturday,121,RIGHT THROUGH,1,49914,2,0,0,1,1,2,1,1,Cross intersection,3,60,Arterial Highway
T20120010587,2012-05-05,15:00:00,2,Struck Pedestrian,7,Saturday,100,PED NEAR SIDE. PED HIT BY VEHICLE FROM THE RIGHT.,1,251678,1,0,0,2,0,2,1,2,T intersection,3,50,Arterial Highway
T20120010645,2012-05-05,15:38:00,1,Collision with vehicle,7,Saturday,147,VEHICLE STRIKES ANOTHER VEH WHILE EMERGING FROM DRIVEWAY,1,251718,2,0,0,3,1,4,1,5,Not at intersection,3,60,Arterial Other
T20120010647,2012-05-05,08:00:00,8,No collision and no object struck,7,Saturday,174,OUT OF CONTROL ON CARRIAGEWAY (ON STRAIGHT),1,251721,1,0,0,1,0,1,2,5,Not at intersection,3,50,Local Road
T20120010613,2012-05-05,13:30:00,1,Collision with vehicle,7,Saturday,110,CROSS TRAFFIC(INTERSECTIONS ONLY),1,233917,2,0,0,1,5,6,9,1,Cross intersection,3,80,Local Road
T20120010579,2012-05-05,08:40:00,1,Collision with vehicle,7,Saturday,110,CROSS TRAFFIC(INTERSECTIONS ONLY),1,48483,2,0,0,1,1,2,2,1,Cross intersection,3,999,Local Road
T20120010648,2012-05-05,17:35:00,1,Collision with vehicle,7,Saturday,113,RIGHT NEAR (INTERSECTIONS ONLY),2,41438,2,0,0,2,0,2,1,1,Cross intersection,3,60,Arterial Other
T20120010567,2012-05-05,07:42:00,1,Collision with vehicle,7,Saturday,121,RIGHT THROUGH,1,36149,2,0,1,0,1,2,1,2,T intersection,2,60,Arterial Other